tanggal,order_id,pelanggan_id,toko_id,produk_id,channel,qty,harga_satuan,diskon_pct,biaya_kirim
2024-01-01,ORD-2024-000020,P01193,T01,PD010,Toko,1,450000,15.5,
2024-01-01,ORD-2024-000129,,T11,PD022,Toko,1,520000,11.4,
2024-01-01,ORD-2024-000146,P01486,T13,DK042,Online,1,1280000,10.1,380000
2024-01-01,ORD-2024-000164,P02770,T09,PC029,Marketplace,2,1900000,7.5,440000
2024-01-01,ORD-2024-000188,P00556,T13,MJ005,Online,1,4030000,9.3,150000
2024-01-01,ORD-2024-000194,P01221,T02,PD016,Toko,1,1080000,14.1,330000
2024-01-01,ORD-2024-000203,P01212,T11,PD007,Toko,1,770000,7.4,
2024-01-01,ORD-2024-000234,P02671,T13,DK037,Online,1,540000,7.2,240000
2024-01-02,ORD-2024-000033,P02255,T13,PC005,Online,1,660000,18.9,500000
2024-01-02,ORD-2024-000064,P03476,T09,DK010,Toko,1,690000,6.4,
2024-01-02,ORD-2024-000177,P00396,T07,PC013,Toko,2,1410000,7.2,
2024-01-02,ORD-2024-000210,P02171,T06,MJ043,Toko,1,4010000,9.7,
2024-01-03,ORD-2024-000118,,T01,KR003,Toko,1,1440000,12.0,
2024-01-03,ORD-2024-000174,P02588,T04,LM009,Toko,1,2210000,13.9,
2024-01-03,ORD-2024-000180,P01045,T05,DK044,Toko,1,1380000,9.4,
2024-01-04,ORD-2024-000023,P01638,T08,KS031,Toko,1,4390000,14.8,430000
2024-01-04,ORD-2024-000029,P03253,T01,DK033,Marketplace,1,220000,10.3,530000
2024-01-04,ORD-2024-000061,P00531,T13,DK027,Online,1,630000,15.7,
2024-01-04,ORD-2024-000067,P01880,T05,LM025,Toko,1,9570000,8.8,
2024-01-04,ORD-2024-000067,P01880,T05,DK010,Toko,1,690000,15.4,
2024-01-04,ORD-2024-000107,P02851,T13,DK038,Online,1,530000,2.2,400000
2024-01-04,ORD-2024-000112,P02970,T09,DK008,Toko,1,910000,0.0,
2024-01-04,ORD-2024-000138,P02393,T08,LM019,Marketplace,1,5540000,13.5,260000
2024-01-04,ORD-2024-000156,P03241,T06,DK043,Toko,2,760000,18.5,
2024-01-05,ORD-2024-000016,P00789,T13,PC007,Online,2,1510000,6.6,260000
2024-01-05,ORD-2024-000022,P01986,T13,LM008,Online,1,5080000,10.7,180000
2024-01-05,ORD-2024-000035,P01180,T01,KR018,Toko,1,1090000,6.8,
2024-01-05,ORD-2024-000109,P01152,T01,PC017,Marketplace,2,1720000,11.7,280000
2024-01-05,ORD-2024-000109,P01152,T01,KS018,Marketplace,1,7410000,0.0,50000
2024-01-05,ORD-2024-000120,P00956,T09,DK022,Toko,1,550000,9.0,
2024-01-05,ORD-2024-000123,P01604,T11,PD016,Toko,1,1080000,12.8,
2024-01-05,ORD-2024-000130,P00968,T13,LM019,Online,1,5540000,16.4,240000
2024-01-05,ORD-2024-000142,P02227,T01,SF014,Marketplace,1,11630000,8.7,560000
2024-01-05,ORD-2024-000183,P02435,T12,PD008,Toko,1,970000,11.7,
2024-01-05,ORD-2024-000183,P02435,T12,KR016,Toko,2,3780000,9.4,
2024-01-05,ORD-2024-000225,P00731,T13,LM029,Online,1,8480000,0.0,480000
2024-01-05,ORD-2024-000233,P02322,T04,KS015,Marketplace,1,7280000,10.6,360000
2024-01-06,ORD-2024-000006,,T09,PD001,Toko,1,1710000,6.5,
2024-01-06,ORD-2024-000027,P02130,T13,KR024,Online,1,3000000,15.0,320000
2024-01-06,ORD-2024-000030,P01475,T13,PC026,Online,1,860000,16.3,290000
2024-01-06,ORD-2024-000032,P03181,T09,DK001,Toko,2,530000,17.4,
2024-01-06,ORD-2024-000040,P01285,T10,MJ035,Toko,1,5190000,0.0,
2024-01-06,ORD-2024-000090,P02518,T03,PD016,Toko,1,1080000,13.0,
2024-01-06,ORD-2024-000094,P03118,T10,DK005,Toko,1,430000,13.0,
2024-01-06,ORD-2024-000192,P02898,T09,KR038,Toko,2,2240000,14.8,
2024-01-06,ORD-2024-000198,P03433,T13,DK027,Online,1,630000,9.9,580000
2024-01-06,ORD-2024-000216,P00354,T08,KR014,Toko,1,3530000,11.5,
2024-01-06,ORD-2024-000224,P02743,T11,PC032,Toko,2,470000,12.3,320000
2024-01-07,ORD-2024-000007,P01407,T01,DK026,Toko,2,1170000,10.4,
2024-01-07,ORD-2024-000059,P00449,T13,DK041,Online,1,2550000,11.5,320000
2024-01-07,ORD-2024-000131,P02612,T09,PC013,Toko,2,1410000,0.0,
2024-01-07,ORD-2024-000157,P03095,T07,PC005,Toko,1,660000,10.7,
2024-01-07,ORD-2024-000166,P00951,T01,KR003,Toko,1,1440000,17.9,
2024-01-07,ORD-2024-000197,P03028,T13,DK019,Online,1,860000,9.3,150000
2024-01-07,ORD-2024-000217,P01203,T13,PD007,Online,4,770000,12.9,380000
2024-01-08,ORD-2024-000028,P00115,T10,DK038,Toko,2,530000,7.3,
2024-01-08,ORD-2024-000050,P01187,T05,DK040,Toko,2,1260000,10.4,
2024-01-08,ORD-2024-000086,P02325,T13,DK013,Online,2,1520000,14.7,50000
2024-01-08,ORD-2024-000133,P02393,T01,DK016,Toko,1,730000,0.0,160000
2024-01-08,ORD-2024-000150,P00178,T13,PD023,Online,1,1090000,13.8,70000
2024-01-08,ORD-2024-000239,P02366,T09,LM028,Toko,1,6300000,3.5,
2024-01-09,ORD-2024-000034,P00827,T01,PD025,Toko,2,1100000,5.6,
2024-01-09,ORD-2024-000160,P00869,T13,MJ019,Online,1,6140000,10.8,400000
2024-01-09,ORD-2024-000190,P00910,T11,LM019,Toko,1,5540000,0.0,
2024-01-09,ORD-2024-000191,P00258,T03,PC001,Toko,1,1430000,11.2,
2024-01-09,ORD-2024-000201,P03043,T04,PC020,Toko,1,2530000,5.8,180000
2024-01-09,ORD-2024-000201,P03043,T04,MJ030,Toko,4,2670000,11.3,
2024-01-09,ORD-2024-000201,P03043,T04,PD008,Toko,1,970000,19.0,
2024-01-10,ORD-2024-000039,P02139,T13,KR029,Online,1,5120000,9.6,380000
2024-01-10,ORD-2024-000069,P02818,T12,KR004,Toko,1,1790000,10.0,
2024-01-10,ORD-2024-000082,P00471,T13,LM014,Online,2,4520000,7.8,180000
2024-01-10,ORD-2024-000093,P00728,T11,MJ020,Toko,1,4520000,5.9,
2024-01-10,ORD-2024-000102,P01690,T13,KR045,Online,2,3000000,0.0,460000
2024-01-10,ORD-2024-000110,P00072,T01,KS026,Marketplace,1,6770000,15.5,550000
2024-01-10,ORD-2024-000144,P02710,T13,MJ008,Online,2,3030000,15.2,120000
2024-01-10,ORD-2024-000151,P02248,T13,MJ016,Online,1,7350000,11.0,240000
2024-01-10,ORD-2024-000151,P02248,T13,KR027,Online,1,1770000,11.4,540000
2024-01-10,ORD-2024-000207,,T05,DK023,Toko,2,770000,13.7,
2024-01-10,ORD-2024-000215,P00228,T13,MJ033,Online,2,4180000,1.3,300000
2024-01-11,ORD-2024-000026,P02350,T03,DK007,Toko,1,900000,16.6,
2024-01-11,ORD-2024-000046,P00528,T13,PD010,Online,1,450000,5.1,120000
2024-01-11,ORD-2024-000056,P01829,T11,MJ019,Toko,1,6140000,12.9,
2024-01-11,ORD-2024-000056,P01829,T11,DK037,Toko,1,540000,9.6,80000
2024-01-11,ORD-2024-000056,P01829,T11,KR011,Toko,1,1570000,12.5,
2024-01-11,ORD-2024-000098,P01914,T03,KR019,Toko,1,2530000,10.1,80000
2024-01-11,ORD-2024-000153,P00534,T12,KR003,Toko,1,1440000,11.4,
2024-01-11,ORD-2024-000172,P01718,T06,PD021,Toko,1,660000,0.0,
2024-01-11,ORD-2024-000173,P00309,T13,PD024,Online,1,1130000,13.7,350000
2024-01-11,ORD-2024-000227,P02765,T06,MJ013,Toko,2,2960000,0.0,
2024-01-12,ORD-2024-000041,P01598,T05,PC012,Marketplace,1,1870000,12.9,410000
2024-01-12,ORD-2024-000065,P00719,T13,PD003,Online,1,1200000,13.6,550000
2024-01-12,ORD-2024-000072,P00709,T01,DK032,Marketplace,1,340000,15.6,290000
2024-01-12,ORD-2024-000106,P00750,T01,DK016,Marketplace,1,730000,9.6,90000
2024-01-12,ORD-2024-000106,P00750,T01,DK025,Marketplace,1,660000,17.7,160000
2024-01-12,ORD-2024-000128,P01908,T13,PC019,Online,1,1840000,15.6,290000
2024-01-12,ORD-2024-000137,P02886,T07,SF013,Toko,4,16570000,0.0,
2024-01-12,ORD-2024-000220,P00961,T09,MJ028,Toko,1,10280000,0.0,
2024-01-12,ORD-2024-000226,P03452,T13,PD022,Online,1,520000,8.9,470000
2024-01-12,ORD-2024-000230,P03108,T13,PC005,Online,2,660000,4.0,450000
2024-01-12,ORD-2024-000230,P03108,T13,KR042,Online,1,1850000,12.4,240000
2024-01-13,ORD-2024-000018,P01239,T13,SF042,Online,1,4260000,9.6,480000
2024-01-13,ORD-2024-000018,P01239,T13,DK003,Online,1,420000,10.9,100000
2024-01-13,ORD-2024-000062,P00401,T10,MJ020,Toko,1,4520000,8.1,
2024-01-13,ORD-2024-000084,P00968,T08,DK035,Toko,1,400000,16.0,
2024-01-13,ORD-2024-000084,P00968,T08,PD026,Toko,1,520000,12.1,
2024-01-13,ORD-2024-000084,P00968,T08,DK005,Toko,1,430000,5.3,
2024-01-13,ORD-2024-000159,P02825,T12,KR028,Toko,1,1780000,8.6,
2024-01-13,ORD-2024-000228,P00390,T02,MJ001,Marketplace,2,2940000,0.0,120000
2024-01-14,ORD-2024-000010,,T03,DK032,Toko,1,340000,0.0,150000
2024-01-14,ORD-2024-000031,P03431,T09,MJ021,Toko,1,2560000,13.1,
2024-01-14,ORD-2024-000044,P02881,T02,DK017,Toko,1,1740000,9.8,
2024-01-14,ORD-2024-000044,P02881,T02,SF013,Toko,1,16570000,3.7,
2024-01-14,ORD-2024-000054,P00611,T01,LM021,Toko,1,7550000,12.1,
2024-01-14,ORD-2024-000057,P02548,T08,KR004,Marketplace,1,1790000,7.1,190000
2024-01-14,ORD-2024-000058,P00522,T04,LM026,Toko,1,5250000,11.6,
2024-01-14,ORD-2024-000078,P02191,T06,DK007,Toko,1,900000,3.7,
2024-01-14,ORD-2024-000097,P03452,T01,DK023,Toko,1,770000,18.7,
2024-01-14,ORD-2024-000116,P03081,T11,PC007,Toko,3,1510000,4.8,
2024-01-14,ORD-2024-000134,P01440,T13,PC026,Online,1,860000,6.0,420000
2024-01-14,ORD-2024-000139,P00642,T13,PD023,Online,1,1090000,10.0,450000
2024-01-14,ORD-2024-000154,P00599,T10,SF017,Toko,1,8850000,21.0,
2024-01-14,ORD-2024-000219,P00602,T07,KR022,Toko,1,2200000,7.2,
2024-01-15,ORD-2024-000003,P01266,T02,KR027,Marketplace,1,1770000,0.0,520000
2024-01-15,ORD-2024-000003,P01266,T02,KR019,Marketplace,3,2530000,0.0,530000
2024-01-15,ORD-2024-000003,P01266,T02,LM029,Marketplace,1,8480000,0.0,420000
2024-01-15,ORD-2024-000008,P02989,T09,PC026,Toko,1,860000,0.0,
2024-01-15,ORD-2024-000017,P01196,T07,SF042,Marketplace,1,4260000,10.1,580000
2024-01-15,ORD-2024-000124,P01360,T13,LM036,Online,2,4150000,19.5,200000
2024-01-15,ORD-2024-000162,P02521,T13,KR001,Online,2,3260000,0.0,330000
2024-01-15,ORD-2024-000238,P00379,T13,PD022,Online,1,520000,8.0,150000
2024-01-16,ORD-2024-000013,P03237,T07,PD008,Toko,1,970000,16.7,
2024-01-16,ORD-2024-000152,P01621,T03,PD010,Toko,1,450000,16.7,
2024-01-16,ORD-2024-000170,P00998,T07,PD004,Toko,1,1050000,14.9,
2024-01-17,ORD-2024-000012,P00064,T13,PD024,Online,1,1130000,14.5,390000
2024-01-17,ORD-2024-000043,P01847,T02,PD009,Toko,1,840000,0.0,
2024-01-17,ORD-2024-000066,P01365,T01,DK022,Toko,1,550000,19.7,
2024-01-17,ORD-2024-000080,P02401,T13,MJ041,Online,1,2240000,13.1,280000
2024-01-17,ORD-2024-000161,P02202,T13,PD021,Online,1,660000,0.0,
2024-01-17,ORD-2024-000193,P00684,T13,KS021,Online,1,8510000,18.6,490000
2024-01-17,ORD-2024-000195,P01664,T13,DK001,Online,1,530000,4.4,290000
2024-01-18,ORD-2024-000015,P01182,T11,MJ009,Toko,1,2670000,12.0,300000
2024-01-18,ORD-2024-000049,P03343,T05,DK034,Marketplace,1,830000,14.4,470000
2024-01-18,ORD-2024-000063,P02048,T06,MJ043,Toko,1,4010000,12.0,
2024-01-19,ORD-2024-000002,P00550,T06,PD019,Marketplace,1,1260000,11.0,380000
2024-01-19,ORD-2024-000004,P00978,T13,PC007,Online,1,1510000,10.5,190000
2024-01-19,ORD-2024-000019,P00800,T13,SF038,Online,2,6260000,18.4,340000
2024-01-19,ORD-2024-000042,P02492,T03,DK004,Toko,1,1240000,13.4,
2024-01-19,ORD-2024-000055,P03169,T06,PC002,Marketplace,1,1740000,0.0,270000
2024-01-19,ORD-2024-000087,P02759,T04,KR024,Toko,3,3000000,10.9,
2024-01-19,ORD-2024-000088,P02136,T13,DK038,Online,4,530000,16.1,50000
2024-01-19,ORD-2024-000088,P02136,T13,KR016,Online,2,3780000,11.3,580000
2024-01-19,ORD-2024-000127,P00405,T13,KR021,Online,1,2670000,13.9,440000
2024-01-19,ORD-2024-000145,P01895,T13,KR006,Online,1,3040000,15.0,140000
2024-01-19,ORD-2024-000158,P02058,T13,PD018,Online,1,530000,6.7,210000
2024-01-19,ORD-2024-000178,P03165,T06,PD008,Marketplace,2,970000,0.0,110000
2024-01-19,ORD-2024-000223,P00667,T08,MJ018,Toko,2,3700000,5.9,
2024-01-20,ORD-2024-000009,P03088,T13,KR039,Online,2,2460000,0.0,560000
2024-01-20,ORD-2024-000068,P01309,T13,MJ010,Online,1,3850000,8.1,280000
2024-01-20,ORD-2024-000092,P02357,T03,SF029,Toko,1,7520000,11.2,
2024-01-20,ORD-2024-000108,P02763,T13,PC031,Online,3,1660000,0.0,480000
2024-01-20,ORD-2024-000114,P02732,T10,DK001,Toko,1,530000,8.8,130000
2024-01-20,ORD-2024-000126,P01019,T13,DK033,Online,3,220000,17.9,540000
2024-01-20,ORD-2024-000187,P02213,T11,LM020,Marketplace,1,8740000,7.4,190000
2024-01-20,ORD-2024-000206,P01429,T13,PD021,Online,1,660000,17.6,80000
2024-01-20,ORD-2024-000212,P02285,T13,PC006,Online,2,1850000,7.2,430000
2024-01-21,ORD-2024-000036,P00376,T13,PC024,Online,1,850000,15.6,300000
2024-01-21,ORD-2024-000103,P01797,T10,MJ016,Toko,1,7350000,14.5,
2024-01-21,ORD-2024-000104,P02490,T06,DK033,Toko,1,220000,10.6,
2024-01-21,ORD-2024-000122,P02024,T12,DK030,Toko,1,930000,13.2,
2024-01-21,ORD-2024-000147,P01507,T13,PD021,Online,1,660000,12.4,340000
2024-01-21,ORD-2024-000155,P03391,T11,DK010,Marketplace,2,690000,16.7,530000
2024-01-21,ORD-2024-000168,P01509,T12,PC029,Toko,1,1900000,6.2,
2024-01-21,ORD-2024-000168,P01509,T12,PD019,Toko,2,1260000,0.0,
2024-01-21,ORD-2024-000181,P03436,T05,DK027,Marketplace,1,630000,4.0,470000
2024-01-21,ORD-2024-000205,P01615,T13,PC009,Online,1,1490000,9.7,580000
2024-01-21,ORD-2024-000209,P01384,T12,KR044,Toko,1,2280000,11.0,
2024-01-21,ORD-2024-000235,P03259,T05,PC022,Toko,1,3000000,0.0,
2024-01-22,ORD-2024-000095,P02305,T13,SF032,Online,1,6260000,5.5,280000
2024-01-22,ORD-2024-000095,P02305,T13,KS013,Online,3,10990000,0.0,80000
2024-01-22,ORD-2024-000096,P00921,T06,PD018,Marketplace,3,530000,10.3,300000
2024-01-22,ORD-2024-000105,P01113,T13,PC016,Online,1,1760000,13.7,530000
2024-01-22,ORD-2024-000125,P00244,T02,DK027,Toko,1,630000,14.2,
2024-01-22,ORD-2024-000185,P01210,T06,SF035,Toko,1,5970000,0.0,
2024-01-22,ORD-2024-000185,P01210,T06,MJ038,Toko,1,5030000,15.9,
2024-01-22,ORD-2024-000221,P00417,T09,MJ029,Marketplace,2,2890000,16.0,230000
2024-01-23,ORD-2024-000011,P00179,T07,PC029,Toko,1,1900000,11.1,
2024-01-23,ORD-2024-000053,P01606,T13,DK019,Online,1,860000,0.0,480000
2024-01-23,ORD-2024-000074,P02058,T13,PC017,Online,1,1720000,10.8,470000
2024-01-23,ORD-2024-000079,P02222,T08,LM001,Toko,1,6680000,9.3,80000
2024-01-23,ORD-2024-000089,P01934,T08,SF021,Toko,2,9200000,12.6,
2024-01-23,ORD-2024-000091,P02474,T08,DK029,Marketplace,2,500000,14.0,240000
2024-01-23,ORD-2024-000117,P02272,T13,DK011,Online,1,2070000,4.4,470000
2024-01-23,ORD-2024-000136,P01320,T13,MJ025,Online,1,5470000,8.9,550000
2024-01-23,ORD-2024-000143,P03055,T13,LM026,Online,1,5250000,12.1,180000
2024-01-23,ORD-2024-000143,P03055,T13,MJ046,Online,1,2600000,9.1,510000
2024-01-23,ORD-2024-000143,P03055,T13,PD014,Online,1,1590000,22.9,370000
2024-01-23,ORD-2024-000231,P01371,T02,KR044,Marketplace,2,2280000,10.5,220000
2024-01-24,ORD-2024-000038,P03175,T13,KS031,Online,1,4390000,13.9,290000
2024-01-24,ORD-2024-000060,P00926,T01,PC013,Toko,1,1410000,5.5,
2024-01-24,ORD-2024-000075,P02093,T01,DK005,Toko,3,430000,10.6,
2024-01-24,ORD-2024-000075,P02093,T01,MJ037,Toko,1,3320000,6.9,
2024-01-24,ORD-2024-000115,P00243,T04,DK032,Toko,2,340000,0.0,
2024-01-24,ORD-2024-000148,P01770,T10,MJ024,Marketplace,1,3010000,15.9,
2024-01-24,ORD-2024-000176,P02785,T13,PC006,Online,1,1850000,0.0,570000
2024-01-24,ORD-2024-000199,P02039,T01,SF020,Marketplace,1,9700000,11.4,260000
2024-01-24,ORD-2024-000214,P00873,T13,DK021,Online,1,1010000,12.3,500000
2024-01-25,ORD-2024-000076,P03011,T13,PD023,Online,4,1090000,12.0,340000
2024-01-25,ORD-2024-000171,P00715,T13,KR031,Online,1,2350000,10.8,330000
2024-01-25,ORD-2024-000175,P01345,T12,PD016,Toko,2,1080000,11.4,
2024-01-25,ORD-2024-000175,P01345,T12,PC017,Toko,2,1720000,6.6,
2024-01-25,ORD-2024-000184,P03235,T13,PD016,Online,1,1080000,15.3,50000
2024-01-25,ORD-2024-000200,P01155,T03,LM001,Toko,1,6680000,18.5,210000
2024-01-25,ORD-2024-000200,P01155,T03,PC017,Toko,1,1720000,0.0,
2024-01-25,ORD-2024-000229,,T01,MJ020,Toko,2,4520000,12.8,
2024-01-26,ORD-2024-000024,P01278,T05,LM007,Toko,1,4350000,3.0,
2024-01-26,ORD-2024-000024,P01278,T05,PC012,Toko,1,1870000,7.2,
2024-01-26,ORD-2024-000024,P01278,T05,PD026,Toko,1,520000,16.4,
2024-01-26,ORD-2024-000045,P00121,T13,LM018,Online,2,22510000,12.7,80000
2024-01-26,ORD-2024-000051,P00458,T02,MJ032,Marketplace,1,5400000,11.7,300000
2024-01-26,ORD-2024-000077,,T09,PC030,Toko,1,1220000,7.1,
2024-01-26,ORD-2024-000085,P01771,T02,PC003,Marketplace,3,1200000,9.5,340000
2024-01-26,ORD-2024-000140,P02336,T13,DK040,Online,1,1260000,0.0,390000
2024-01-26,ORD-2024-000167,,T05,KR015,Toko,1,2050000,15.4,
2024-01-26,ORD-2024-000169,P02986,T13,DK025,Online,1,660000,6.0,230000
2024-01-26,ORD-2024-000179,P02979,T13,PC025,Online,2,1800000,5.9,230000
2024-01-26,ORD-2024-000211,P02199,T13,MJ018,Online,1,3700000,9.9,110000
2024-01-27,ORD-2024-000025,P03476,T07,PD010,Marketplace,1,450000,17.2,440000
2024-01-27,ORD-2024-000048,P00534,T10,MJ037,Marketplace,1,3320000,5.6,
2024-01-27,ORD-2024-000083,P01867,T05,PC023,Toko,2,1920000,15.9,
2024-01-27,ORD-2024-000119,P03318,T06,KS020,Toko,2,17920000,6.9,
2024-01-27,ORD-2024-000213,,T05,KR038,Toko,1,2240000,14.1,330000
2024-01-27,ORD-2024-000232,P02210,T08,DK017,Toko,1,1740000,14.8,
2024-01-27,ORD-2024-000237,P02279,T13,PD012,Online,1,1500000,10.8,320000
2024-01-27,ORD-2024-000237,P02279,T13,PC032,Online,1,470000,1.5,520000
2024-01-28,ORD-2024-000005,P02270,T01,KR009,Toko,2,3260000,9.6,
2024-01-28,ORD-2024-000099,P01334,T13,DK023,Online,1,770000,6.1,430000
2024-01-28,ORD-2024-000113,,T03,PC014,Toko,1,1800000,12.0,
2024-01-28,ORD-2024-000149,P03189,T12,MJ017,Marketplace,2,3280000,8.5,60000
2024-01-28,ORD-2024-000182,P00591,T10,DK039,Toko,1,870000,8.2,
2024-01-28,ORD-2024-000196,P00323,T06,KR005,Toko,3,3610000,11.3,
2024-01-28,ORD-2024-000208,P01204,T01,KS009,Marketplace,1,11180000,10.9,230000
2024-01-28,ORD-2024-000208,P01204,T01,DK031,Marketplace,1,800000,0.0,590000
2024-01-28,ORD-2024-000218,P01584,T13,PD019,Online,1,1260000,6.7,580000
2024-01-29,ORD-2024-000001,P01681,T13,KR015,Online,1,2050000,1.5,180000
2024-01-29,ORD-2024-000014,P03275,T11,MJ032,Toko,1,5400000,15.6,
2024-01-29,ORD-2024-000014,P03275,T11,PD012,Toko,2,1500000,0.0,
2024-01-29,ORD-2024-000014,P03275,T11,KR005,Toko,1,3610000,12.6,260000
2024-01-29,ORD-2024-000071,P00992,T13,DK034,Online,1,830000,0.0,80000
2024-01-29,ORD-2024-000081,P00130,T04,KR047,Toko,1,4470000,5.9,
2024-01-29,ORD-2024-000100,P02127,T13,DK019,Online,1,860000,17.2,150000
2024-01-29,ORD-2024-000111,P01191,T13,DK022,Online,1,550000,0.0,230000
2024-01-29,ORD-2024-000121,P02438,T09,KS034,Toko,1,6400000,10.3,
2024-01-29,ORD-2024-000186,P01975,T06,SF042,Toko,1,4260000,0.0,
2024-01-29,ORD-2024-000204,P02398,T04,PD022,Toko,1,520000,15.5,
2024-01-29,ORD-2024-000236,P00910,T04,KR006,Toko,2,3040000,4.6,
2024-01-29,ORD-2024-000236,P00910,T04,PD026,Toko,1,520000,0.0,
2024-01-30,ORD-2024-000021,P02658,T13,SF031,Online,1,3420000,0.0,370000
2024-01-30,ORD-2024-000047,P01196,T02,PC021,Marketplace,2,4550000,11.1,500000
2024-01-30,ORD-2024-000047,P01196,T02,LM004,Marketplace,1,4320000,11.9,500000
2024-01-30,ORD-2024-000047,P01196,T02,SF024,Marketplace,2,3520000,12.9,230000
2024-01-30,ORD-2024-000052,P00251,T02,PD025,Toko,1,1100000,13.1,
2024-01-30,ORD-2024-000070,P02604,T05,MJ044,Marketplace,1,6150000,13.9,380000
2024-01-30,ORD-2024-000141,P00713,T01,KR024,Marketplace,1,3000000,15.1,320000
2024-01-30,ORD-2024-000163,P03449,T13,MJ015,Online,2,2920000,18.1,270000
2024-01-30,ORD-2024-000165,P01580,T10,DK006,Toko,2,2070000,14.2,
2024-01-30,ORD-2024-000202,P00752,T08,MJ029,Marketplace,1,2890000,16.2,500000
2024-01-30,ORD-2024-000222,P02411,T13,MJ019,Online,1,6140000,0.0,140000
2024-01-31,ORD-2024-000037,P00563,T04,SF020,Toko,2,9700000,0.0,
2024-01-31,ORD-2024-000037,P00563,T04,KR021,Toko,1,2670000,10.6,
2024-01-31,ORD-2024-000073,P01370,T03,SF031,Toko,1,3420000,15.0,
2024-01-31,ORD-2024-000101,P01635,T07,KR018,Toko,1,1090000,14.9,
2024-01-31,ORD-2024-000132,P02276,T06,PD006,Toko,3,970000,9.8,
2024-01-31,ORD-2024-000135,P02790,T07,KR010,Toko,2,1900000,7.6,
2024-01-31,ORD-2024-000189,P03269,T04,KR016,Toko,1,3780000,13.3,
2024-02-01,ORD-2024-000248,P03386,T13,PC030,Online,1,1220000,9.7,460000
2024-02-01,ORD-2024-000248,P03386,T13,MJ015,Online,2,2920000,16.4,270000
2024-02-01,ORD-2024-000281,P01273,T04,KR013,Toko,2,3330000,7.0,
2024-02-01,ORD-2024-000338,P02985,T12,KR018,Toko,3,1090000,8.0,
2024-02-01,ORD-2024-000338,P02985,T12,PC023,Toko,1,1920000,16.4,340000
2024-02-01,ORD-2024-000370,P02860,T01,KR047,Toko,2,4470000,11.1,
2024-02-01,ORD-2024-000378,P03304,T13,SF016,Online,4,10420000,12.4,410000
2024-02-01,ORD-2024-000384,P01986,T13,DK040,Online,2,1260000,13.3,420000
2024-02-01,ORD-2024-000384,P01986,T13,PD001,Online,1,1710000,5.4,220000
2024-02-02,ORD-2024-000285,P01985,T07,KS009,Toko,2,11180000,6.5,
2024-02-02,ORD-2024-000309,P02193,T13,KR013,Online,2,3330000,11.2,140000
2024-02-02,ORD-2024-000326,P00560,T07,DK011,Toko,1,2070000,7.0,
2024-02-02,ORD-2024-000326,P00560,T07,MJ026,Toko,2,3480000,15.9,
2024-02-02,ORD-2024-000351,P03172,T11,DK023,Toko,1,770000,4.5,
2024-02-02,ORD-2024-000351,P03172,T11,DK038,Toko,2,530000,8.8,
2024-02-02,ORD-2024-000379,P02318,T03,MJ021,Toko,1,2560000,10.4,
2024-02-02,ORD-2024-000427,P02976,T05,PC005,Toko,2,660000,16.9,
2024-02-02,ORD-2024-000448,P00946,T13,KR002,Online,1,1500000,13.2,220000
2024-02-02,ORD-2024-000453,P00665,T03,MJ019,Toko,1,6140000,9.1,
2024-02-03,ORD-2024-000256,P00547,T13,KR042,Online,1,1850000,0.0,80000
2024-02-03,ORD-2024-000256,P00547,T13,LM031,Online,3,6490000,13.2,580000
2024-02-03,ORD-2024-000276,P02202,T13,KR018,Online,1,1090000,14.8,150000
2024-02-03,ORD-2024-000284,P00228,T09,DK018,Marketplace,2,1000000,10.3,460000
2024-02-03,ORD-2024-000286,P01190,T04,KS006,Toko,1,8770000,5.1,
2024-02-03,ORD-2024-000315,P02349,T13,DK040,Online,2,1260000,14.3,100000
2024-02-03,ORD-2024-000315,P02349,T13,KR002,Online,1,1500000,9.5,190000
2024-02-03,ORD-2024-000392,P00637,T12,SF005,Toko,1,13820000,10.1,260000
2024-02-04,ORD-2024-000259,P01812,T10,DK014,Toko,4,890000,0.0,210000
2024-02-04,ORD-2024-000279,P02540,T13,DK033,Online,1,220000,14.8,570000
2024-02-04,ORD-2024-000289,P02503,T10,DK033,Marketplace,2,220000,14.8,340000
2024-02-04,ORD-2024-000298,P02844,T13,DK008,Online,1,910000,0.0,510000
2024-02-04,ORD-2024-000310,P00054,T05,PC001,Marketplace,2,1430000,11.9,110000
2024-02-04,ORD-2024-000321,P00496,T13,DK028,Online,1,730000,15.7,230000
2024-02-04,ORD-2024-000365,,T06,PC019,Toko,2,1840000,16.2,
2024-02-04,ORD-2024-000419,P01958,T06,PD004,Marketplace,1,1050000,10.0,260000
2024-02-04,ORD-2024-000439,P00535,T09,PD012,Toko,1,1500000,16.7,
2024-02-04,ORD-2024-000439,P00535,T09,DK002,Toko,2,490000,5.7,
2024-02-04,ORD-2024-000456,P01985,T13,KS015,Online,1,7280000,5.1,180000
2024-02-05,ORD-2024-000272,P03218,T01,SF008,Marketplace,2,13020000,0.0,270000
2024-02-05,ORD-2024-000322,P02165,T10,DK025,Toko,2,660000,0.0,
2024-02-05,ORD-2024-000364,P01820,T13,DK023,Online,1,770000,6.8,330000
2024-02-05,ORD-2024-000364,P01820,T13,KS027,Online,1,6560000,14.5,340000
2024-02-05,ORD-2024-000367,P03135,T09,KR028,Toko,1,1780000,12.4,
2024-02-05,ORD-2024-000372,P02965,T03,DK021,Marketplace,1,1010000,15.5,300000
2024-02-05,ORD-2024-000395,P00807,T05,KR020,Toko,1,1970000,6.3,
2024-02-05,ORD-2024-000395,P00807,T05,MJ036,Toko,1,3410000,15.1,
2024-02-05,ORD-2024-000467,P01617,T03,SF030,Toko,1,5980000,14.9,
2024-02-06,ORD-2024-000293,P00681,T04,DK010,Marketplace,1,690000,0.0,330000
2024-02-06,ORD-2024-000336,P01792,T04,PC032,Toko,1,470000,3.1,
2024-02-06,ORD-2024-000344,P02659,T13,DK035,Online,2,400000,14.1,320000
2024-02-06,ORD-2024-000344,P02659,T13,MJ030,Online,1,2670000,16.3,160000
2024-02-06,ORD-2024-000358,P00114,T02,KR030,Toko,1,3050000,0.0,
2024-02-06,ORD-2024-000380,P00582,T05,DK002,Marketplace,1,490000,13.1,280000
2024-02-06,ORD-2024-000386,P00281,T01,SF037,Toko,1,10360000,9.8,
2024-02-06,ORD-2024-000386,P00281,T01,KR016,Toko,2,3780000,5.0,
2024-02-06,ORD-2024-000386,P00281,T01,PD023,Toko,1,1090000,14.7,
2024-02-06,ORD-2024-000409,P01637,T13,SF031,Online,1,3420000,8.1,320000
2024-02-06,ORD-2024-000445,P00406,T09,LM029,Toko,4,8480000,9.3,
2024-02-06,ORD-2024-000450,P00311,T01,KR035,Toko,1,1760000,12.4,
2024-02-07,ORD-2024-000243,P03465,T02,DK025,Marketplace,1,660000,7.3,380000
2024-02-07,ORD-2024-000257,P02719,T13,PC011,Online,1,4490000,14.1,220000
2024-02-07,ORD-2024-000258,P02773,T13,PC031,Online,1,1660000,5.7,140000
2024-02-07,ORD-2024-000304,P00033,T13,PD012,Online,1,1500000,8.3,330000
2024-02-07,ORD-2024-000387,P01877,T02,LM024,Toko,2,5790000,9.0,
2024-02-07,ORD-2024-000405,P02776,T07,DK029,Toko,3,500000,4.8,
2024-02-07,ORD-2024-000460,P00575,T13,DK018,Online,3,1000000,17.4,280000
2024-02-08,ORD-2024-000247,P00668,T12,PC018,Marketplace,3,1420000,0.0,290000
2024-02-08,ORD-2024-000252,P01979,T13,DK001,Online,1,530000,14.3,500000
2024-02-08,ORD-2024-000252,P01979,T13,PC023,Online,1,1920000,15.5,490000
2024-02-08,ORD-2024-000324,P03102,T07,MJ019,Toko,1,6140000,0.0,
2024-02-08,ORD-2024-000325,P01480,T13,PC017,Online,1,1720000,13.9,580000
2024-02-08,ORD-2024-000328,P01775,T02,KS012,Toko,1,11030000,10.1,
2024-02-08,ORD-2024-000444,P00297,T03,SF032,Marketplace,1,6260000,0.0,550000
2024-02-08,ORD-2024-000464,P02571,T13,PD008,Online,1,970000,14.1,530000
2024-02-08,ORD-2024-000464,P02571,T13,DK036,Online,1,510000,4.1,240000
2024-02-09,ORD-2024-000253,P02639,T08,PD016,Toko,1,1080000,18.8,
2024-02-09,ORD-2024-000290,P00318,T07,DK032,Toko,1,340000,8.8,
2024-02-09,ORD-2024-000292,P02963,T04,DK039,Toko,1,870000,10.6,
2024-02-09,ORD-2024-000327,P02432,T05,LM034,Toko,1,5930000,0.0,80000
2024-02-09,ORD-2024-000333,P02007,T13,KR012,Online,1,2460000,16.4,70000
2024-02-09,ORD-2024-000375,P00175,T13,KR025,Online,3,3670000,7.8,340000
2024-02-09,ORD-2024-000383,P00191,T13,KR018,Online,2,1090000,10.7,170000
2024-02-09,ORD-2024-000389,P01548,T13,DK044,Online,2,1380000,14.6,480000
2024-02-09,ORD-2024-000412,P02408,T02,PD017,Marketplace,1,2370000,19.2,90000
2024-02-09,ORD-2024-000442,P00418,T13,DK043,Online,1,760000,9.8,260000
2024-02-10,ORD-2024-000255,P00151,T03,PC020,Toko,3,2530000,13.0,
2024-02-10,ORD-2024-000274,P00720,T13,SF002,Online,1,5950000,0.0,390000
2024-02-10,ORD-2024-000291,P01481,T06,MJ025,Marketplace,1,5470000,10.3,430000
2024-02-10,ORD-2024-000299,P02983,T07,KR004,Toko,1,1790000,19.6,
2024-02-10,ORD-2024-000301,P01024,T05,PD004,Toko,1,1050000,0.0,
2024-02-10,ORD-2024-000334,P01433,T05,MJ034,Marketplace,1,6280000,9.2,130000
2024-02-10,ORD-2024-000347,P01887,T09,PD011,Toko,1,750000,16.2,
2024-02-10,ORD-2024-000373,P02719,T13,KR045,Online,1,3000000,13.6,270000
2024-02-10,ORD-2024-000415,,T03,KS009,Toko,1,11180000,11.0,
2024-02-10,ORD-2024-000459,P01199,T13,KR007,Online,1,1690000,0.0,460000
2024-02-10,ORD-2024-000465,P00587,T11,DK036,Marketplace,1,510000,9.1,390000
2024-02-11,ORD-2024-000268,P02243,T13,PC019,Online,2,1840000,13.0,210000
2024-02-11,ORD-2024-000305,P03402,T01,MJ044,Toko,1,6150000,7.4,
2024-02-11,ORD-2024-000339,P02418,T13,SF024,Online,1,3520000,15.4,560000
2024-02-11,ORD-2024-000353,P03474,T01,DK033,Toko,2,220000,9.7,
2024-02-11,ORD-2024-000353,P03474,T01,LM015,Toko,1,3180000,18.0,
2024-02-11,ORD-2024-000353,P03474,T01,PD016,Toko,2,1080000,11.9,
2024-02-11,ORD-2024-000357,P02973,T13,KR026,Online,1,2860000,10.6,420000
2024-02-11,ORD-2024-000390,P01850,T01,KR010,Toko,1,1900000,10.7,
2024-02-11,ORD-2024-000402,P01070,T13,PC025,Online,2,1800000,0.0,250000
2024-02-12,ORD-2024-000244,P00763,T08,DK006,Toko,1,2070000,10.7,
2024-02-12,ORD-2024-000262,P02244,T13,PD016,Online,1,1080000,11.9,490000
2024-02-12,ORD-2024-000278,P02888,T02,KR044,Toko,2,2280000,0.0,
2024-02-12,ORD-2024-000391,P02719,T12,KR022,Toko,1,2200000,11.0,
2024-02-12,ORD-2024-000400,P00977,T05,KS021,Marketplace,1,8510000,6.4,420000
2024-02-12,ORD-2024-000404,P00397,T13,LM004,Online,1,4320000,11.6,470000
2024-02-12,ORD-2024-000420,P02760,T12,PC010,Toko,1,1240000,15.4,
2024-02-12,ORD-2024-000422,P00537,T10,LM026,Toko,2,5250000,8.0,90000
2024-02-12,ORD-2024-000434,P02704,T13,SF026,Online,2,5850000,10.1,400000
2024-02-12,ORD-2024-000452,P01065,T01,KR032,Toko,4,2340000,10.6,
2024-02-13,ORD-2024-000264,P00721,T13,DK027,Online,1,630000,1.6,370000
2024-02-13,ORD-2024-000280,P02470,T13,DK018,Online,4,1000000,16.6,420000
2024-02-13,ORD-2024-000287,P00320,T13,PC003,Online,2,1200000,11.5,140000
2024-02-13,ORD-2024-000340,P00662,T06,KR003,Marketplace,4,1440000,0.0,90000
2024-02-13,ORD-2024-000374,P00473,T09,DK010,Toko,2,690000,9.5,
2024-02-13,ORD-2024-000382,P03252,T07,MJ044,Marketplace,1,6150000,0.0,380000
2024-02-13,ORD-2024-000406,P00181,T13,KS013,Online,1,10990000,13.6,80000
2024-02-13,ORD-2024-000430,P00967,T01,PD009,Toko,1,840000,7.8,
2024-02-13,ORD-2024-000435,P02771,T06,DK001,Marketplace,1,530000,9.5,380000
2024-02-14,ORD-2024-000246,P02023,T13,LM011,Online,1,12480000,12.6,330000
2024-02-14,ORD-2024-000266,P03007,T13,MJ028,Online,2,10280000,14.0,410000
2024-02-14,ORD-2024-000275,P00990,T13,PC030,Online,4,1220000,4.7,330000
2024-02-14,ORD-2024-000295,P02463,T13,KR013,Online,1,3330000,7.6,170000
2024-02-14,ORD-2024-000302,P02108,T08,KR027,Toko,1,1770000,12.0,180000
2024-02-14,ORD-2024-000346,P01237,T13,KR040,Online,2,2380000,11.1,230000
2024-02-14,ORD-2024-000349,P00559,T11,DK007,Toko,1,900000,13.3,
2024-02-14,ORD-2024-000369,P00213,T05,PC024,Marketplace,1,850000,9.4,500000
2024-02-14,ORD-2024-000413,P02900,T12,PD005,Marketplace,3,390000,0.0,140000
2024-02-14,ORD-2024-000416,,T03,DK032,Toko,1,340000,0.0,
2024-02-14,ORD-2024-000461,P01492,T02,PD016,Toko,1,1080000,10.5,
2024-02-14,ORD-2024-000461,P01492,T02,KR023,Toko,1,1270000,14.1,
2024-02-15,ORD-2024-000260,P03228,T03,KR002,Marketplace,2,1500000,10.9,490000
2024-02-15,ORD-2024-000313,P01725,T13,KS021,Online,1,8510000,14.4,80000
2024-02-15,ORD-2024-000313,P01725,T13,PD010,Online,1,450000,13.7,360000
2024-02-15,ORD-2024-000316,P02150,T13,PC032,Online,1,470000,0.0,560000
2024-02-15,ORD-2024-000366,P00370,T13,MJ036,Online,3,3410000,11.1,230000
2024-02-15,ORD-2024-000368,P00794,T07,PC028,Toko,1,2190000,9.0,
2024-02-15,ORD-2024-000371,,T04,DK016,Toko,1,730000,16.1,
2024-02-15,ORD-2024-000417,P02740,T09,PD013,Marketplace,1,1030000,10.3,330000
2024-02-16,ORD-2024-000242,P01680,T08,PD005,Toko,2,390000,10.0,
2024-02-16,ORD-2024-000282,P02591,T08,KR017,Toko,2,4540000,18.1,
2024-02-16,ORD-2024-000360,P02390,T11,LM039,Marketplace,2,7740000,6.8,460000
2024-02-16,ORD-2024-000360,P02390,T11,DK032,Marketplace,1,340000,8.7,260000
2024-02-16,ORD-2024-000393,P02883,T13,KR007,Online,1,1690000,5.6,130000
2024-02-16,ORD-2024-000449,P00524,T13,MJ038,Online,1,5030000,0.0,190000
2024-02-16,ORD-2024-000449,P00524,T13,DK009,Online,1,990000,0.0,480000
2024-02-16,ORD-2024-000458,P03303,T09,KR038,Toko,1,2240000,9.8,
2024-02-16,ORD-2024-000468,P02082,T07,SF002,Toko,1,5950000,10.3,
2024-02-17,ORD-2024-000240,P01562,T09,DK042,Toko,2,1280000,5.6,
2024-02-17,ORD-2024-000277,P02779,T12,KR041,Marketplace,1,1620000,2.2,490000
2024-02-17,ORD-2024-000283,P01453,T11,SF002,Toko,4,5950000,11.5,
2024-02-17,ORD-2024-000350,P01348,T13,PC021,Online,1,4550000,15.5,510000
2024-02-17,ORD-2024-000363,P01094,T09,PC028,Toko,1,2190000,0.0,
2024-02-17,ORD-2024-000376,P00194,T04,MJ043,Toko,1,4010000,9.9,
2024-02-17,ORD-2024-000408,P00767,T13,DK001,Online,1,530000,0.0,430000
2024-02-17,ORD-2024-000425,P00426,T02,PC009,Marketplace,2,1490000,13.6,120000
2024-02-17,ORD-2024-000429,P01278,T08,MJ006,Toko,1,4050000,10.9,190000
2024-02-17,ORD-2024-000437,P00979,T05,PD001,Toko,1,1710000,7.2,
2024-02-17,ORD-2024-000455,P01252,T13,DK030,Online,1,930000,15.0,520000
2024-02-17,ORD-2024-000469,P01731,T04,KS019,Toko,1,7170000,12.7,
2024-02-17,ORD-2024-000470,P01429,T13,DK019,Online,1,860000,4.6,250000
2024-02-18,ORD-2024-000271,P00403,T13,DK029,Online,1,500000,9.9,510000
2024-02-18,ORD-2024-000332,P00011,T13,SF042,Online,1,4260000,6.2,410000
2024-02-19,ORD-2024-000249,P01218,T10,DK020,Toko,1,690000,3.9,
2024-02-19,ORD-2024-000288,P00048,T01,MJ017,Marketplace,1,3280000,14.3,190000
2024-02-19,ORD-2024-000320,P03185,T08,PD001,Toko,1,1710000,8.6,
2024-02-19,ORD-2024-000343,P03415,T13,MJ008,Online,1,3030000,0.0,230000
2024-02-19,ORD-2024-000411,P01322,T09,LM029,Toko,1,8480000,9.6,
2024-02-19,ORD-2024-000424,P03370,T06,KS031,Toko,1,4390000,0.0,
2024-02-19,ORD-2024-000431,P01528,T03,MJ033,Marketplace,2,4180000,2.1,80000
2024-02-19,ORD-2024-000441,P03334,T08,DK029,Toko,3,500000,8.4,
2024-02-19,ORD-2024-000454,P01737,T01,MJ022,Toko,1,4090000,9.5,
2024-02-20,ORD-2024-000294,P01959,T07,DK003,Marketplace,3,420000,11.1,110000
2024-02-20,ORD-2024-000317,P03449,T13,KS014,Online,1,6440000,0.0,110000
2024-02-20,ORD-2024-000341,P00465,T13,DK020,Online,1,690000,6.8,480000
2024-02-20,ORD-2024-000341,P00465,T13,DK021,Online,1,1010000,15.7,330000
2024-02-20,ORD-2024-000381,P02464,T11,KR046,Toko,1,1210000,7.2,
2024-02-20,ORD-2024-000403,P00529,T13,DK027,Online,1,630000,6.1,450000
2024-02-20,ORD-2024-000410,P01440,T13,DK033,Online,1,220000,15.7,580000
2024-02-20,ORD-2024-000423,P02206,T13,DK037,Online,2,540000,6.7,440000
2024-02-20,ORD-2024-000432,P00140,T04,MJ043,Toko,1,4010000,0.0,
2024-02-20,ORD-2024-000432,P00140,T04,SF024,Toko,3,3520000,16.2,
2024-02-20,ORD-2024-000432,P00140,T04,PD001,Toko,1,1710000,12.6,
2024-02-20,ORD-2024-000440,P01710,T08,MJ045,Toko,4,2740000,0.0,
2024-02-21,ORD-2024-000267,P00833,T09,KS033,Marketplace,1,13600000,15.0,90000
2024-02-21,ORD-2024-000303,P02653,T12,DK044,Marketplace,1,1380000,10.2,140000
2024-02-21,ORD-2024-000330,P02355,T13,PC001,Online,1,1430000,16.0,410000
2024-02-21,ORD-2024-000342,P02087,T12,KS008,Toko,1,5690000,0.6,
2024-02-21,ORD-2024-000361,P01772,T01,PC029,Toko,1,1900000,12.4,
2024-02-21,ORD-2024-000398,P00729,T13,PD016,Online,1,1080000,14.1,400000
2024-02-21,ORD-2024-000407,P00355,T01,KR023,Toko,1,1270000,0.0,
2024-02-21,ORD-2024-000436,P02232,T13,MJ039,Online,1,6590000,7.6,280000
2024-02-21,ORD-2024-000436,P02232,T13,KR024,Online,1,3000000,11.0,240000
2024-02-21,ORD-2024-000451,P02541,T09,DK003,Toko,3,420000,11.7,
2024-02-22,ORD-2024-000251,P01474,T05,MJ020,Toko,1,4520000,13.4,
2024-02-22,ORD-2024-000263,P00443,T13,LM024,Online,1,5790000,11.4,320000
2024-02-22,ORD-2024-000269,P03221,T13,PC010,Online,1,1240000,20.2,130000
2024-02-22,ORD-2024-000319,P03080,T13,PC015,Online,1,1320000,3.5,180000
2024-02-22,ORD-2024-000345,P00792,T13,DK037,Online,2,540000,1.9,460000
2024-02-22,ORD-2024-000345,P00792,T13,PD026,Online,1,520000,9.4,510000
2024-02-22,ORD-2024-000385,P00376,T12,PD025,Toko,1,1100000,0.0,
2024-02-22,ORD-2024-000385,P00376,T12,DK023,Toko,4,770000,15.0,
2024-02-22,ORD-2024-000401,P01023,T13,PD024,Online,1,1130000,5.4,400000
2024-02-22,ORD-2024-000462,P02642,T06,MJ040,Marketplace,1,4110000,3.1,60000
2024-02-23,ORD-2024-000265,P00538,T03,PD012,Marketplace,1,1500000,0.0,490000
2024-02-23,ORD-2024-000311,P01228,T10,PD023,Marketplace,1,1090000,12.5,240000
2024-02-23,ORD-2024-000311,P01228,T10,PC002,Marketplace,1,1740000,21.4,
2024-02-23,ORD-2024-000337,P01414,T13,KR043,Online,1,5270000,14.0,150000
2024-02-23,ORD-2024-000463,P02082,T13,DK022,Online,1,550000,8.7,410000
2024-02-24,ORD-2024-000245,P02959,T12,PD023,Toko,2,1090000,10.3,
2024-02-24,ORD-2024-000273,P02353,T03,DK008,Toko,1,910000,6.7,
2024-02-24,ORD-2024-000300,P01672,T03,DK005,Toko,4,430000,8.8,150000
2024-02-24,ORD-2024-000312,P02688,T09,DK040,Toko,1,1260000,12.6,
2024-02-24,ORD-2024-000354,P02987,T09,MJ017,Toko,1,3280000,7.3,
2024-02-24,ORD-2024-000388,P01565,T13,MJ024,Online,1,3010000,13.8,550000
2024-02-25,ORD-2024-000323,P01245,T11,KR048,Toko,1,5130000,17.3,
2024-02-25,ORD-2024-000356,P01072,T13,DK004,Online,1,1240000,12.0,80000
2024-02-25,ORD-2024-000396,P01942,T13,KR045,Online,1,3000000,15.1,300000
2024-02-25,ORD-2024-000426,P02889,T09,PD003,Marketplace,1,1200000,7.8,220000
2024-02-25,ORD-2024-000433,P00687,T13,PC001,Online,1,1430000,14.1,300000
2024-02-26,ORD-2024-000296,P03251,T13,KR040,Online,1,2380000,10.8,390000
2024-02-26,ORD-2024-000297,P00223,T02,DK032,Marketplace,1,340000,8.2,430000
2024-02-26,ORD-2024-000377,P02036,T01,LM029,Marketplace,1,8480000,14.2,180000
2024-02-26,ORD-2024-000397,P00461,T02,LM015,Toko,1,3180000,9.3,
2024-02-26,ORD-2024-000446,P02588,T08,PD007,Toko,1,770000,10.8,
2024-02-26,ORD-2024-000466,P01513,T06,DK001,Toko,1,530000,6.0,
2024-02-27,ORD-2024-000250,P00573,T13,PD017,Online,1,2370000,0.0,370000
2024-02-27,ORD-2024-000306,P02779,T02,SF041,Marketplace,1,7920000,9.7,440000
2024-02-27,ORD-2024-000307,P02288,T04,MJ003,Toko,1,2060000,17.6,
2024-02-27,ORD-2024-000318,P03148,T13,MJ033,Online,1,4180000,7.4,210000
2024-02-27,ORD-2024-000331,P02683,T01,SF024,Toko,1,3520000,0.0,
2024-02-27,ORD-2024-000348,P02439,T13,PD013,Online,1,1030000,6.5,100000
2024-02-27,ORD-2024-000362,P02590,T13,DK001,Online,1,530000,7.6,320000
2024-02-27,ORD-2024-000394,P02441,T07,KS006,Toko,2,8770000,14.7,
2024-02-27,ORD-2024-000418,P02885,T13,KR027,Online,1,1770000,13.0,460000
2024-02-27,ORD-2024-000421,P02390,T05,PD001,Toko,1,1710000,11.8,
2024-02-27,ORD-2024-000421,P02390,T05,PC008,Toko,1,1830000,11.1,
2024-02-27,ORD-2024-000421,P02390,T05,DK004,Toko,1,1240000,3.4,
2024-02-27,ORD-2024-000428,P00005,T10,PD007,Toko,1,770000,4.2,
2024-02-27,ORD-2024-000438,P00123,T13,DK035,Online,2,400000,11.3,590000
2024-02-28,ORD-2024-000241,P00581,T01,KR027,Marketplace,1,1770000,0.0,530000
2024-02-28,ORD-2024-000254,P00897,T13,DK016,Online,1,730000,5.1,430000
2024-02-28,ORD-2024-000308,P00166,T11,PC016,Marketplace,4,1760000,16.9,140000
2024-02-28,ORD-2024-000314,P02946,T10,KR002,Toko,1,1500000,6.7,
2024-02-28,ORD-2024-000314,P02946,T10,PC013,Toko,3,1410000,9.5,
2024-02-28,ORD-2024-000314,P02946,T10,DK043,Toko,1,760000,9.8,
2024-02-28,ORD-2024-000352,P00226,T01,DK020,Toko,1,690000,0.0,
2024-02-28,ORD-2024-000399,P03019,T06,SF011,Toko,1,4580000,8.6,
2024-02-28,ORD-2024-000414,P01869,T02,DK012,Marketplace,1,960000,8.7,190000
2024-02-28,ORD-2024-000447,P01485,T12,KR018,Toko,1,1090000,0.0,
2024-02-28,ORD-2024-000447,P01485,T12,PD008,Toko,2,970000,16.9,410000
2024-02-28,ORD-2024-000457,P01812,T11,KR034,Toko,2,2350000,5.9,
2024-02-29,ORD-2024-000261,P00135,T13,LM013,Online,2,3180000,9.3,360000
2024-02-29,ORD-2024-000261,P00135,T13,DK035,Online,2,400000,0.0,110000
2024-02-29,ORD-2024-000270,,T03,DK005,Toko,2,430000,0.0,
2024-02-29,ORD-2024-000270,,T03,LM013,Toko,2,3180000,11.8,
2024-02-29,ORD-2024-000329,P02847,T01,KS014,Toko,1,6440000,14.3,
2024-02-29,ORD-2024-000329,P02847,T01,LM003,Toko,2,5440000,0.0,
2024-02-29,ORD-2024-000329,P02847,T01,DK010,Toko,1,690000,12.5,
2024-02-29,ORD-2024-000335,P02360,T03,KR026,Toko,3,2860000,3.6,
2024-02-29,ORD-2024-000355,P02157,T13,KR041,Online,1,1620000,15.7,310000
2024-02-29,ORD-2024-000359,P02494,T06,PD005,Toko,1,390000,0.0,
2024-02-29,ORD-2024-000443,P00329,T04,DK034,Toko,1,830000,18.4,
2024-03-01,ORD-2024-000520,P00343,T01,KR020,Marketplace,1,1970000,10.1,400000
2024-03-01,ORD-2024-000561,P01647,T03,MJ032,Toko,1,5400000,10.2,
2024-03-01,ORD-2024-000590,P03430,T13,KR008,Online,1,2800000,0.0,120000
2024-03-01,ORD-2024-000670,P00902,T13,LM017,Online,1,16390000,10.0,60000
2024-03-01,ORD-2024-000674,P01773,T04,MJ026,Toko,1,3480000,18.6,
2024-03-01,ORD-2024-000743,P02812,T13,KR007,Online,2,1690000,6.8,130000
2024-03-01,ORD-2024-000743,P02812,T13,PC003,Online,2,1200000,0.0,560000
2024-03-02,ORD-2024-000532,P00623,T05,SF006,Toko,2,4230000,8.7,
2024-03-02,ORD-2024-000544,P03026,T13,SF024,Online,2,3520000,8.8,400000
2024-03-02,ORD-2024-000559,P00340,T01,SF002,Toko,1,5950000,10.2,
2024-03-02,ORD-2024-000597,P01871,T13,DK014,Online,2,890000,12.5,70000
2024-03-02,ORD-2024-000603,P01274,T13,DK034,Online,1,830000,16.6,80000
2024-03-02,ORD-2024-000612,P02813,T13,MJ012,Online,1,11220000,16.5,560000
2024-03-02,ORD-2024-000613,P03412,T13,MJ040,Online,2,4110000,9.3,400000
2024-03-02,ORD-2024-000654,P00176,T13,PC016,Online,1,1760000,10.1,50000
2024-03-02,ORD-2024-000655,P00915,T03,KR041,Toko,2,1620000,0.0,
2024-03-02,ORD-2024-000656,P00086,T09,PD022,Toko,2,520000,11.1,
2024-03-02,ORD-2024-000679,P02229,T03,KR031,Marketplace,2,2350000,11.7,230000
2024-03-02,ORD-2024-000695,P03312,T13,KR029,Online,1,5120000,0.0,260000
2024-03-02,ORD-2024-000710,P01849,T13,PC005,Online,1,660000,10.9,320000
2024-03-02,ORD-2024-000710,P01849,T13,MJ005,Online,1,4030000,0.0,50000
2024-03-02,ORD-2024-000719,P01956,T13,MJ043,Online,2,4010000,0.0,180000
2024-03-02,ORD-2024-000740,P03367,T04,KR028,Toko,1,1780000,8.9,
2024-03-03,ORD-2024-000497,,T01,KR038,Toko,1,2240000,5.0,
2024-03-03,ORD-2024-000515,P02988,T01,DK036,Toko,1,510000,8.3,
2024-03-03,ORD-2024-000515,P02988,T01,LM021,Toko,3,7550000,13.4,300000
2024-03-03,ORD-2024-000515,P02988,T01,DK034,Toko,1,830000,9.6,
2024-03-03,ORD-2024-000589,P02487,T09,KS032,Toko,1,9280000,17.2,
2024-03-03,ORD-2024-000626,P01249,T06,SF012,Toko,1,7980000,12.5,
2024-03-03,ORD-2024-000629,P01399,T01,SF042,Marketplace,1,4260000,10.6,170000
2024-03-03,ORD-2024-000629,P01399,T01,MJ028,Marketplace,1,10280000,5.5,420000
2024-03-03,ORD-2024-000644,P00394,T13,DK032,Online,1,340000,0.0,250000
2024-03-03,ORD-2024-000696,P00965,T01,DK030,Toko,1,930000,9.5,
2024-03-03,ORD-2024-000715,P02500,T05,PC013,Toko,1,1410000,0.0,
2024-03-04,ORD-2024-000477,P02193,T13,DK018,Online,1,1000000,9.7,370000
2024-03-04,ORD-2024-000482,P01852,T02,MJ017,Toko,2,3280000,11.3,
2024-03-04,ORD-2024-000527,P00776,T13,KR007,Online,1,1690000,11.1,500000
2024-03-04,ORD-2024-000585,P01691,T13,MJ025,Online,1,5470000,7.0,500000
2024-03-04,ORD-2024-000635,P00517,T04,KS034,Toko,3,6400000,16.2,
2024-03-04,ORD-2024-000726,P02526,T05,LM015,Marketplace,2,3180000,10.2,530000
2024-03-04,ORD-2024-000730,P02664,T13,DK039,Online,1,870000,9.6,300000
2024-03-04,ORD-2024-000734,P03221,T05,DK011,Marketplace,1,2070000,0.0,240000
2024-03-04,ORD-2024-000734,P03221,T05,DK020,Marketplace,1,690000,9.6,390000
2024-03-04,ORD-2024-000747,P01543,T13,KR009,Online,1,3260000,13.8,510000
2024-03-05,ORD-2024-000483,P03351,T13,PD005,Online,1,390000,12.8,550000
2024-03-05,ORD-2024-000483,P03351,T13,KR045,Online,1,3000000,8.8,410000
2024-03-05,ORD-2024-000483,P03351,T13,MJ008,Online,1,3030000,10.2,460000
2024-03-05,ORD-2024-000508,P01324,T13,MJ025,Online,1,5470000,8.7,90000
2024-03-05,ORD-2024-000556,P00129,T08,LM015,Toko,1,3180000,9.0,
2024-03-05,ORD-2024-000579,P02903,T13,LM011,Online,1,12480000,0.0,190000
2024-03-05,ORD-2024-000579,P02903,T13,SF041,Online,1,7920000,10.2,360000
2024-03-05,ORD-2024-000592,P00522,T02,PD006,Toko,1,970000,11.7,
2024-03-05,ORD-2024-000592,P00522,T02,DK021,Toko,1,1010000,18.9,
2024-03-05,ORD-2024-000592,P00522,T02,KR001,Toko,1,3260000,16.5,
2024-03-05,ORD-2024-000607,P00658,T07,DK033,Toko,2,220000,8.2,
2024-03-05,ORD-2024-000628,P00481,T01,MJ025,Toko,1,5470000,3.8,
2024-03-05,ORD-2024-000628,P00481,T01,KR044,Toko,3,2280000,0.0,
2024-03-05,ORD-2024-000628,P00481,T01,PC026,Toko,1,860000,0.0,
2024-03-05,ORD-2024-000732,P01175,T13,DK039,Online,1,870000,9.5,90000
2024-03-06,ORD-2024-000505,P00607,T06,PD014,Toko,1,1590000,5.8,
2024-03-06,ORD-2024-000516,P01050,T11,SF017,Marketplace,1,8850000,10.9,580000
2024-03-06,ORD-2024-000557,P02152,T13,KR032,Online,2,2340000,16.7,110000
2024-03-06,ORD-2024-000563,P02192,T06,KR016,Toko,1,3780000,7.9,
2024-03-06,ORD-2024-000570,P01471,T13,PC002,Online,1,1740000,19.1,360000
2024-03-06,ORD-2024-000576,P00781,T02,PD002,Marketplace,1,1150000,12.0,320000
2024-03-06,ORD-2024-000640,P00073,T09,PC009,Toko,1,1490000,12.8,
2024-03-06,ORD-2024-000725,P03367,T03,DK007,Marketplace,2,900000,11.5,530000
2024-03-06,ORD-2024-000733,P00185,T13,DK032,Online,4,340000,15.6,
2024-03-07,ORD-2024-000479,P02162,T05,KS009,Marketplace,3,11180000,1.2,80000
2024-03-07,ORD-2024-000504,P02308,T05,DK040,Marketplace,2,1260000,12.2,390000
2024-03-07,ORD-2024-000572,P02977,T13,PD005,Online,1,390000,14.9,80000
2024-03-07,ORD-2024-000591,P01012,T09,PC027,Toko,3,3210000,8.7,
2024-03-07,ORD-2024-000608,P02749,T09,PD021,Toko,1,660000,0.0,
2024-03-07,ORD-2024-000697,P00032,T01,SF018,Toko,2,10500000,5.1,
2024-03-07,ORD-2024-000713,P01652,T07,SF022,Toko,1,7310000,7.8,
2024-03-08,ORD-2024-000502,P03066,T13,SF033,Online,1,9380000,13.3,200000
2024-03-08,ORD-2024-000502,P03066,T13,PC002,Online,3,1740000,14.7,320000
2024-03-08,ORD-2024-000521,P01002,T07,MJ024,Marketplace,1,3010000,8.6,440000
2024-03-08,ORD-2024-000545,P01092,T05,PC032,Toko,3,470000,12.7,
2024-03-08,ORD-2024-000555,P02238,T01,LM023,Toko,2,8770000,10.1,
2024-03-08,ORD-2024-000555,P02238,T01,DK037,Toko,1,540000,12.6,
2024-03-08,ORD-2024-000568,P00791,T13,DK038,Online,1,530000,10.1,550000
2024-03-08,ORD-2024-000593,P02983,T02,SF010,Marketplace,1,18330000,10.2,390000
2024-03-08,ORD-2024-000636,P00735,T13,LM010,Online,1,7760000,2.7,260000
2024-03-08,ORD-2024-000638,P00365,T06,MJ045,Toko,1,2740000,13.3,
2024-03-08,ORD-2024-000666,P01100,T13,PD005,Online,1,390000,9.1,140000
2024-03-08,ORD-2024-000680,P02020,T13,MJ015,Online,2,2920000,14.6,110000
2024-03-08,ORD-2024-000739,P02325,T13,PD011,Online,1,750000,11.3,380000
2024-03-08,ORD-2024-000745,P01935,T13,KR023,Online,1,1270000,12.5,140000
2024-03-08,ORD-2024-000745,P01935,T13,PC004,Online,1,1660000,12.8,260000
2024-03-08,ORD-2024-000745,P01935,T13,LM033,Online,1,6100000,7.0,210000
2024-03-09,ORD-2024-000473,P00205,T13,DK042,Online,1,1280000,9.5,500000
2024-03-09,ORD-2024-000525,P01037,T01,PD022,Toko,1,520000,8.9,
2024-03-09,ORD-2024-000621,P01993,T05,KR034,Toko,1,2350000,11.8,
2024-03-09,ORD-2024-000646,P02244,T13,DK021,Online,4,1010000,16.2,110000
2024-03-09,ORD-2024-000682,P01364,T13,LM009,Online,1,2210000,13.8,380000
2024-03-09,ORD-2024-000682,P01364,T13,PD017,Online,1,2370000,4.5,380000
2024-03-09,ORD-2024-000684,P02526,T09,MJ033,Toko,1,4180000,7.9,
2024-03-09,ORD-2024-000684,P02526,T09,DK011,Toko,2,2070000,10.3,
2024-03-09,ORD-2024-000714,P01917,T01,KR029,Marketplace,1,5120000,5.0,210000
2024-03-09,ORD-2024-000716,P00294,T13,PC030,Online,2,1220000,0.0,170000
2024-03-10,ORD-2024-000476,P01681,T03,PD025,Marketplace,2,1100000,14.4,450000
2024-03-10,ORD-2024-000488,P02206,T13,PD002,Online,1,1150000,7.0,430000
2024-03-10,ORD-2024-000492,P00041,T13,LM036,Online,2,4150000,0.0,340000
2024-03-10,ORD-2024-000512,P01870,T13,PD026,Online,1,520000,0.0,260000
2024-03-10,ORD-2024-000567,P02401,T13,LM039,Online,1,7740000,15.1,570000
2024-03-10,ORD-2024-000622,P03225,T13,PC001,Online,1,1430000,10.3,270000
2024-03-10,ORD-2024-000634,P02670,T02,KR018,Toko,1,1090000,8.6,
2024-03-10,ORD-2024-000736,P03248,T07,DK019,Toko,2,860000,9.1,
2024-03-11,ORD-2024-000480,P02539,T13,LM004,Online,1,4320000,8.0,340000
2024-03-11,ORD-2024-000503,P02956,T13,LM011,Online,1,12480000,0.0,260000
2024-03-11,ORD-2024-000506,P03412,T11,DK012,Marketplace,1,960000,18.3,350000
2024-03-11,ORD-2024-000506,P03412,T11,KR021,Marketplace,1,2670000,6.5,60000
2024-03-11,ORD-2024-000541,P02924,T12,MJ005,Marketplace,1,4030000,11.4,470000
2024-03-11,ORD-2024-000548,P01873,T13,SF035,Online,2,5970000,11.8,440000
2024-03-11,ORD-2024-000582,P02721,T09,KR046,Marketplace,3,1210000,11.7,330000
2024-03-11,ORD-2024-000604,P00476,T07,DK030,Toko,1,930000,11.3,
2024-03-11,ORD-2024-000604,P00476,T07,KR037,Toko,1,2790000,14.8,
2024-03-11,ORD-2024-000641,P02178,T06,KS030,Marketplace,2,3860000,7.7,180000
2024-03-11,ORD-2024-000677,P03134,T10,DK006,Toko,1,2070000,6.2,
2024-03-11,ORD-2024-000702,P02851,T13,KR010,Online,1,1900000,8.0,150000
2024-03-12,ORD-2024-000528,P02473,T08,PC028,Toko,4,2190000,12.8,
2024-03-12,ORD-2024-000539,P01857,T03,SF009,Toko,1,11780000,15.5,
2024-03-12,ORD-2024-000610,P01433,T13,PD018,Online,2,530000,0.0,590000
2024-03-12,ORD-2024-000637,P01199,T04,KS016,Toko,1,26320000,21.9,410000
2024-03-12,ORD-2024-000700,P02814,T13,DK033,Online,1,220000,13.5,350000
2024-03-12,ORD-2024-000735,P01613,T03,DK031,Toko,2,800000,14.9,
2024-03-12,ORD-2024-000742,P01306,T13,MJ042,Online,1,10940000,13.1,550000
2024-03-13,ORD-2024-000471,P02179,T03,DK037,Toko,3,540000,5.5,220000
2024-03-13,ORD-2024-000475,P02975,T09,KR035,Toko,2,1760000,14.2,200000
2024-03-13,ORD-2024-000507,P03023,T08,KR018,Toko,1,1090000,14.8,
2024-03-13,ORD-2024-000537,P00876,T10,SF036,Toko,4,35450000,6.6,
2024-03-13,ORD-2024-000580,P00358,T04,PC029,Toko,1,1900000,11.3,
2024-03-13,ORD-2024-000652,,T11,MJ037,Toko,1,3320000,12.4,
2024-03-13,ORD-2024-000653,P01448,T13,SF014,Online,1,11630000,0.0,480000
2024-03-13,ORD-2024-000653,P01448,T13,MJ013,Online,1,2960000,0.0,360000
2024-03-13,ORD-2024-000675,P01325,T13,PC015,Online,1,1320000,13.8,530000
2024-03-13,ORD-2024-000675,P01325,T13,PC031,Online,1,1660000,8.8,550000
2024-03-13,ORD-2024-000675,P01325,T13,LM033,Online,1,6100000,0.0,160000
2024-03-13,ORD-2024-000694,P03168,T05,LM040,Toko,3,9610000,14.1,
2024-03-14,ORD-2024-000484,P00815,T13,PD019,Online,2,1260000,9.5,260000
2024-03-14,ORD-2024-000509,P00757,T02,PD003,Toko,1,1200000,13.0,
2024-03-14,ORD-2024-000509,P00757,T02,MJ033,Toko,1,4180000,10.6,
2024-03-14,ORD-2024-000546,P00753,T04,MJ045,Toko,1,2740000,0.0,
2024-03-14,ORD-2024-000569,P01688,T04,MJ033,Marketplace,1,4180000,13.9,440000
2024-03-14,ORD-2024-000602,P01327,T09,PC031,Toko,1,1660000,10.8,
2024-03-14,ORD-2024-000619,P01332,T11,SF028,Toko,4,6980000,0.0,
2024-03-14,ORD-2024-000668,P02743,T01,PC032,Toko,3,470000,5.4,
2024-03-14,ORD-2024-000690,,T03,PC015,Toko,1,1320000,9.7,
2024-03-14,ORD-2024-000721,P01702,T13,DK010,Online,2,690000,12.3,50000
2024-03-15,ORD-2024-000495,P02101,T13,DK024,Online,1,930000,15.1,220000
2024-03-15,ORD-2024-000529,P00217,T13,SF038,Online,2,6260000,12.9,300000
2024-03-15,ORD-2024-000588,P03468,T13,PD012,Online,1,1500000,11.4,
2024-03-15,ORD-2024-000594,P02619,T13,KR047,Online,1,4470000,0.0,240000
2024-03-15,ORD-2024-000600,P02275,T13,DK032,Online,1,340000,12.6,240000
2024-03-15,ORD-2024-000631,P03359,T01,KS031,Toko,1,4390000,0.0,
2024-03-15,ORD-2024-000642,P03024,T05,MJ029,Toko,1,2890000,8.8,
2024-03-15,ORD-2024-000669,P01224,T06,DK038,Toko,1,530000,13.7,
2024-03-15,ORD-2024-000671,P03110,T07,DK023,Toko,2,770000,12.8,
2024-03-15,ORD-2024-000678,P01161,T13,PD011,Online,1,750000,15.5,320000
2024-03-15,ORD-2024-000685,P03076,T11,KR037,Toko,1,2790000,11.6,
2024-03-15,ORD-2024-000744,P02781,T01,PD025,Toko,2,1100000,9.6,
2024-03-16,ORD-2024-000494,P00071,T13,KR024,Online,1,3000000,16.2,180000
2024-03-16,ORD-2024-000523,P00421,T01,KR002,Toko,4,1500000,11.0,230000
2024-03-16,ORD-2024-000523,P00421,T01,MJ004,Toko,2,3430000,10.7,
2024-03-16,ORD-2024-000535,P01583,T03,SF025,Toko,1,5340000,0.0,
2024-03-16,ORD-2024-000562,P00133,T13,PC021,Online,1,4550000,16.4,460000
2024-03-16,ORD-2024-000581,P02934,T13,KR015,Online,3,2050000,3.4,340000
2024-03-16,ORD-2024-000581,P02934,T13,LM014,Online,1,4520000,9.0,120000
2024-03-16,ORD-2024-000581,P02934,T13,MJ019,Online,2,6140000,10.5,210000
2024-03-16,ORD-2024-000627,P02673,T13,KR004,Online,1,1790000,12.2,370000
2024-03-16,ORD-2024-000627,P02673,T13,KR037,Online,1,2790000,12.2,210000
2024-03-16,ORD-2024-000663,P01508,T12,SF035,Toko,1,5970000,10.8,
2024-03-16,ORD-2024-000683,P02764,T13,DK040,Online,1,1260000,10.1,550000
2024-03-16,ORD-2024-000688,P03235,T13,DK002,Online,3,490000,12.9,90000
2024-03-16,ORD-2024-000718,P00460,T11,KR033,Toko,1,3030000,0.0,
2024-03-17,ORD-2024-000493,P01114,T09,PC030,Toko,1,1220000,15.7,
2024-03-17,ORD-2024-000493,P01114,T09,KS021,Toko,1,8510000,7.2,
2024-03-17,ORD-2024-000493,P01114,T09,KR011,Toko,1,1570000,14.9,
2024-03-17,ORD-2024-000542,P02148,T02,DK032,Marketplace,2,340000,5.8,
2024-03-17,ORD-2024-000598,P01957,T01,MJ003,Toko,2,2060000,0.0,
2024-03-17,ORD-2024-000609,P02042,T01,DK038,Toko,1,530000,15.7,
2024-03-17,ORD-2024-000639,P02657,T13,PD010,Online,1,450000,13.4,510000
2024-03-17,ORD-2024-000648,P00473,T01,PD023,Marketplace,2,1090000,13.3,290000
2024-03-17,ORD-2024-000692,P01525,T13,PD024,Online,2,1130000,0.0,260000
2024-03-17,ORD-2024-000727,P00481,T09,PD001,Marketplace,1,1710000,9.8,490000
2024-03-18,ORD-2024-000489,,T04,MJ046,Toko,1,2600000,7.1,
2024-03-18,ORD-2024-000489,,T04,PC021,Toko,1,4550000,0.0,
2024-03-18,ORD-2024-000549,P02500,T13,PD026,Online,1,520000,9.9,440000
2024-03-18,ORD-2024-000566,P02651,T01,MJ042,Toko,1,10940000,0.0,
2024-03-18,ORD-2024-000578,P00181,T13,KR010,Online,1,1900000,11.6,590000
2024-03-18,ORD-2024-000615,P00673,T09,LM023,Toko,1,8770000,7.7,
2024-03-18,ORD-2024-000665,P00317,T13,KS026,Online,1,6770000,0.0,550000
2024-03-19,ORD-2024-000472,P01378,T02,DK023,Marketplace,1,770000,15.2,440000
2024-03-19,ORD-2024-000490,P01347,T02,PD014,Toko,1,1590000,7.5,
2024-03-19,ORD-2024-000499,P01889,T01,SF037,Toko,2,10360000,20.0,
2024-03-19,ORD-2024-000632,P02985,T13,PD023,Online,1,1090000,8.7,100000
2024-03-19,ORD-2024-000691,P00218,T12,LM008,Toko,3,5080000,0.0,
2024-03-19,ORD-2024-000691,P00218,T12,KR041,Toko,1,1620000,14.3,
2024-03-20,ORD-2024-000524,P02368,T13,SF038,Online,3,6260000,9.9,300000
2024-03-20,ORD-2024-000575,P01944,T13,DK033,Online,1,220000,10.1,390000
2024-03-20,ORD-2024-000630,P00804,T13,KR044,Online,2,2280000,20.9,270000
2024-03-20,ORD-2024-000643,P01927,T12,MJ024,Marketplace,2,3010000,8.2,50000
2024-03-20,ORD-2024-000659,P01160,T11,MJ046,Toko,1,2600000,5.0,
2024-03-20,ORD-2024-000661,P02980,T06,KS013,Marketplace,2,10990000,19.8,530000
2024-03-20,ORD-2024-000667,P01460,T01,PD016,Toko,1,1080000,9.3,150000
2024-03-20,ORD-2024-000712,P02147,T08,KS031,Marketplace,1,4390000,12.5,460000
2024-03-21,ORD-2024-000517,P00582,T03,PD025,Toko,1,1100000,9.7,
2024-03-21,ORD-2024-000517,P00582,T03,MJ007,Toko,3,5590000,19.1,
2024-03-21,ORD-2024-000624,,T01,PC030,Toko,1,1220000,12.1,
2024-03-21,ORD-2024-000624,,T01,KR026,Toko,2,2860000,9.9,
2024-03-21,ORD-2024-000708,P03416,T06,PD025,Toko,1,1100000,0.0,
2024-03-21,ORD-2024-000711,P00424,T04,PD002,Toko,1,1150000,8.6,
2024-03-22,ORD-2024-000478,P01268,T13,PC009,Online,2,1490000,0.0,360000
2024-03-22,ORD-2024-000486,P02092,T02,PC020,Marketplace,3,2530000,10.8,560000
2024-03-22,ORD-2024-000511,P01066,T08,PC013,Toko,1,1410000,15.6,
2024-03-22,ORD-2024-000514,P01441,T13,DK042,Online,1,1280000,0.0,350000
2024-03-22,ORD-2024-000514,P01441,T13,DK022,Online,1,550000,3.2,400000
2024-03-22,ORD-2024-000519,P03088,T09,KS033,Marketplace,1,13600000,18.5,260000
2024-03-22,ORD-2024-000534,P02149,T13,DK026,Online,1,1170000,6.3,440000
2024-03-22,ORD-2024-000553,P03029,T11,PD024,Toko,1,1130000,8.2,
2024-03-22,ORD-2024-000595,P00611,T09,DK040,Toko,2,1260000,11.2,
2024-03-22,ORD-2024-000596,P01599,T13,DK002,Online,1,490000,11.4,110000
2024-03-22,ORD-2024-000705,P02594,T03,KS034,Toko,1,6400000,13.0,
2024-03-22,ORD-2024-000746,P02453,T05,PC021,Toko,1,4550000,10.0,
2024-03-23,ORD-2024-000536,P02762,T13,DK031,Online,1,800000,15.1,270000
2024-03-23,ORD-2024-000571,P02406,T08,SF006,Toko,1,4230000,8.0,
2024-03-23,ORD-2024-000571,P02406,T08,DK009,Toko,1,990000,0.0,
2024-03-23,ORD-2024-000571,P02406,T08,KR003,Toko,2,1440000,11.7,
2024-03-23,ORD-2024-000573,P00528,T05,MJ007,Marketplace,2,5590000,15.7,230000
2024-03-23,ORD-2024-000620,P00679,T02,SF026,Toko,1,5850000,0.0,
2024-03-23,ORD-2024-000647,P02536,T06,PD009,Toko,1,840000,0.0,300000
2024-03-23,ORD-2024-000681,P02336,T02,KR038,Marketplace,3,2240000,18.6,130000
2024-03-23,ORD-2024-000703,P00051,T01,KR026,Toko,2,2860000,0.0,
2024-03-23,ORD-2024-000729,P02116,T06,PD026,Toko,1,520000,13.5,
2024-03-23,ORD-2024-000731,P01823,T01,DK030,Toko,2,930000,12.7,
2024-03-24,ORD-2024-000491,P01333,T09,KR014,Toko,3,3530000,15.0,
2024-03-24,ORD-2024-000498,P00950,T13,MJ037,Online,1,3320000,0.0,390000
2024-03-24,ORD-2024-000611,P02343,T05,PC002,Toko,1,1740000,0.0,
2024-03-24,ORD-2024-000698,P01478,T13,KS002,Online,1,6150000,0.0,370000
2024-03-24,ORD-2024-000707,P00544,T13,KS029,Online,2,8960000,3.5,430000
2024-03-24,ORD-2024-000707,P00544,T13,KR041,Online,1,1620000,2.3,340000
2024-03-24,ORD-2024-000717,,T09,LM002,Toko,2,5960000,8.6,
2024-03-25,ORD-2024-000487,P02964,T10,KS002,Marketplace,1,6150000,8.9,430000
2024-03-25,ORD-2024-000501,P00389,T10,KR037,Toko,1,2790000,7.2,210000
2024-03-25,ORD-2024-000538,P00362,T02,MJ019,Toko,1,6140000,0.0,
2024-03-25,ORD-2024-000540,P00043,T13,MJ003,Online,1,2060000,0.0,360000
2024-03-25,ORD-2024-000558,P00764,T03,MJ022,Marketplace,1,4090000,0.0,580000
2024-03-25,ORD-2024-000558,P00764,T03,KS023,Marketplace,2,13410000,0.0,570000
2024-03-25,ORD-2024-000617,P03376,T09,PD022,Toko,1,520000,11.6,
2024-03-25,ORD-2024-000617,P03376,T09,PC005,Toko,1,660000,7.7,
2024-03-25,ORD-2024-000645,P00863,T13,PC006,Online,1,1850000,14.8,130000
2024-03-25,ORD-2024-000664,P01726,T13,DK016,Online,1,730000,11.2,530000
2024-03-25,ORD-2024-000728,P00299,T06,KS025,Toko,2,7830000,18.7,
2024-03-26,ORD-2024-000518,P01816,T10,PD002,Toko,1,1150000,11.7,
2024-03-26,ORD-2024-000560,P01660,T02,DK004,Marketplace,1,1240000,0.0,320000
2024-03-26,ORD-2024-000583,P01476,T13,KR021,Online,1,2670000,7.1,150000
2024-03-26,ORD-2024-000618,P00279,T02,MJ024,Marketplace,1,3010000,8.1,200000
2024-03-26,ORD-2024-000660,P01138,T11,LM023,Toko,1,8770000,16.5,
2024-03-26,ORD-2024-000701,P01409,T06,DK005,Toko,1,430000,0.0,
2024-03-26,ORD-2024-000709,P00853,T04,LM014,Toko,1,4520000,0.0,
2024-03-26,ORD-2024-000722,P02296,T13,KR028,Online,1,1780000,7.4,180000
2024-03-26,ORD-2024-000738,P00598,T04,DK034,Marketplace,2,830000,12.1,140000
2024-03-27,ORD-2024-000531,P02682,T13,KS006,Online,2,8770000,13.1,390000
2024-03-27,ORD-2024-000543,P02177,T06,PD006,Toko,1,970000,11.6,
2024-03-27,ORD-2024-000552,P01239,T04,SF028,Toko,3,6980000,11.6,170000
2024-03-27,ORD-2024-000625,P01314,T10,DK019,Marketplace,1,860000,16.1,150000
2024-03-27,ORD-2024-000673,P01030,T03,LM016,Toko,1,16110000,7.9,
2024-03-27,ORD-2024-000689,P03088,T13,DK016,Online,1,730000,8.8,190000
2024-03-28,ORD-2024-000547,P02027,T08,DK017,Marketplace,1,1740000,8.6,130000
2024-03-28,ORD-2024-000586,P02852,T09,MJ008,Toko,2,3030000,17.0,
2024-03-28,ORD-2024-000605,P01655,T13,PD018,Online,1,530000,16.8,590000
2024-03-28,ORD-2024-000606,P00652,T01,PD016,Marketplace,1,1080000,13.7,190000
2024-03-28,ORD-2024-000623,P00427,T12,MJ040,Marketplace,1,4110000,0.0,470000
2024-03-28,ORD-2024-000633,P00087,T13,DK029,Online,4,500000,20.4,70000
2024-03-28,ORD-2024-000658,P00447,T10,KR041,Marketplace,3,1620000,2.2,300000
2024-03-28,ORD-2024-000686,P02025,T03,SF032,Toko,2,6260000,6.6,
2024-03-28,ORD-2024-000687,P01553,T01,LM034,Toko,1,5930000,0.0,
2024-03-29,ORD-2024-000485,P02457,T09,DK021,Toko,1,1010000,0.0,
2024-03-29,ORD-2024-000500,P01789,T07,LM012,Toko,1,7130000,7.9,
2024-03-29,ORD-2024-000510,P01905,T13,MJ025,Online,2,5470000,5.7,200000
2024-03-29,ORD-2024-000584,P02338,T04,DK038,Toko,2,530000,7.7,
2024-03-29,ORD-2024-000584,P02338,T04,PD022,Toko,1,520000,13.8,
2024-03-29,ORD-2024-000587,P02561,T13,PC025,Online,1,1800000,5.2,350000
2024-03-29,ORD-2024-000614,P01589,T11,DK016,Toko,1,730000,10.1,
2024-03-29,ORD-2024-000614,P01589,T11,DK038,Toko,2,530000,0.0,
2024-03-29,ORD-2024-000614,P01589,T11,DK043,Toko,4,760000,4.8,
2024-03-29,ORD-2024-000676,P03173,T01,PD001,Toko,3,1710000,9.2,
2024-03-29,ORD-2024-000723,P00819,T13,MJ001,Online,1,2940000,12.9,290000
2024-03-29,ORD-2024-000724,P01717,T02,PD001,Toko,3,1710000,10.2,
2024-03-29,ORD-2024-000724,P01717,T02,KR021,Toko,1,2670000,20.1,
2024-03-29,ORD-2024-000737,P00126,T13,PD002,Online,1,1150000,9.2,150000
2024-03-30,ORD-2024-000474,P00206,T13,KS031,Online,1,4390000,15.4,
2024-03-30,ORD-2024-000481,P01433,T13,LM004,Online,1,4320000,2.4,560000
2024-03-30,ORD-2024-000496,P03194,T13,PD026,Online,1,520000,14.2,380000
2024-03-30,ORD-2024-000513,P01757,T13,DK032,Online,1,340000,11.6,250000
2024-03-30,ORD-2024-000530,P00422,T04,PC024,Marketplace,3,850000,0.0,450000
2024-03-30,ORD-2024-000530,P00422,T04,PD001,Marketplace,3,1710000,0.0,460000
2024-03-30,ORD-2024-000533,P03233,T13,DK023,Online,3,770000,10.2,500000
2024-03-30,ORD-2024-000551,P03365,T13,DK025,Online,1,660000,0.0,450000
2024-03-30,ORD-2024-000565,P01287,T13,PC001,Online,1,1430000,7.6,410000
2024-03-30,ORD-2024-000599,P02536,T10,DK033,Toko,2,220000,0.0,
2024-03-30,ORD-2024-000616,P03110,T13,KR003,Online,2,1440000,11.6,550000
2024-03-30,ORD-2024-000650,P01691,T12,KR042,Marketplace,1,1850000,10.9,100000
2024-03-30,ORD-2024-000651,P02556,T13,DK016,Online,1,730000,9.7,280000
2024-03-30,ORD-2024-000657,P00153,T06,PD025,Toko,1,1100000,3.0,
2024-03-30,ORD-2024-000693,P01855,T07,KR043,Marketplace,1,5270000,0.0,130000
2024-03-30,ORD-2024-000699,P00963,T13,PC012,Online,4,1870000,4.0,370000
2024-03-30,ORD-2024-000704,P00569,T13,SF027,Online,1,36010000,9.5,540000
2024-03-30,ORD-2024-000706,,T09,LM032,Toko,1,4960000,12.0,
2024-03-30,ORD-2024-000741,P00148,T12,DK039,Marketplace,2,870000,0.0,70000
2024-03-31,ORD-2024-000522,P01199,T13,SF026,Online,1,5850000,13.4,80000
2024-03-31,ORD-2024-000526,P01844,T13,DK020,Online,2,690000,11.6,220000
2024-03-31,ORD-2024-000550,P03180,T05,DK005,Toko,2,430000,13.0,
2024-03-31,ORD-2024-000554,P01877,T13,LM038,Online,1,5010000,12.3,380000
2024-03-31,ORD-2024-000564,P00686,T13,KR045,Online,2,3000000,1.7,590000
2024-03-31,ORD-2024-000574,P00685,T02,PC008,Toko,1,1830000,14.0,
2024-03-31,ORD-2024-000577,P01594,T13,PD017,Online,2,2370000,12.1,
2024-03-31,ORD-2024-000601,P01264,T02,MJ034,Toko,1,6280000,6.8,
2024-03-31,ORD-2024-000649,P01223,T13,MJ018,Online,1,3700000,0.0,320000
2024-03-31,ORD-2024-000649,P01223,T13,DK015,Online,2,1390000,12.8,370000
2024-03-31,ORD-2024-000649,P01223,T13,PC027,Online,1,3210000,6.4,430000
2024-03-31,ORD-2024-000662,P00672,T05,MJ045,Marketplace,1,2740000,0.0,590000
2024-03-31,ORD-2024-000672,P00930,T13,PC002,Online,2,1740000,10.1,290000
2024-03-31,ORD-2024-000720,P02984,T07,SF002,Marketplace,2,5950000,10.7,290000
2024-03-31,ORD-2024-000720,P02984,T07,KR033,Marketplace,1,3030000,0.0,480000
2024-04-01,ORD-2024-000770,P02045,T07,DK006,Toko,1,2070000,13.0,
2024-04-01,ORD-2024-000787,P02215,T01,DK043,Toko,1,760000,12.2,
2024-04-01,ORD-2024-000834,P01103,T06,PC022,Toko,1,3000000,12.1,390000
2024-04-01,ORD-2024-000842,P02266,T04,MJ046,Marketplace,1,2600000,10.0,500000
2024-04-01,ORD-2024-000863,P02526,T11,DK007,Marketplace,1,900000,13.8,320000
2024-04-01,ORD-2024-000866,P00596,T03,MJ029,Toko,1,2890000,13.6,
2024-04-01,ORD-2024-000874,P00542,T12,SF031,Toko,1,3420000,13.0,
2024-04-01,ORD-2024-000910,P00157,T01,DK010,Toko,1,690000,16.6,
2024-04-01,ORD-2024-000963,P00560,T05,SF002,Toko,2,5950000,12.6,
2024-04-01,ORD-2024-000978,P00981,T13,DK001,Online,3,530000,12.8,200000
2024-04-01,ORD-2024-000995,P01663,T13,PD018,Online,1,530000,0.0,390000
2024-04-01,ORD-2024-001007,P01814,T03,SF006,Marketplace,3,4230000,13.1,260000
2024-04-02,ORD-2024-000773,P01470,T13,PC031,Online,1,1660000,10.1,160000
2024-04-02,ORD-2024-000773,P01470,T13,DK022,Online,1,550000,14.9,530000
2024-04-02,ORD-2024-000773,P01470,T13,PD014,Online,4,1590000,14.2,500000
2024-04-02,ORD-2024-000781,P01391,T12,KR017,Toko,1,4540000,19.0,
2024-04-02,ORD-2024-000791,P02791,T09,DK006,Toko,1,2070000,0.0,
2024-04-02,ORD-2024-000791,P02791,T09,DK040,Toko,1,1260000,13.3,
2024-04-02,ORD-2024-000791,P02791,T09,KS010,Toko,2,14650000,0.0,
2024-04-02,ORD-2024-000845,P02426,T09,PD007,Marketplace,1,770000,10.9,570000
2024-04-02,ORD-2024-000853,P03191,T05,DK035,Toko,1,400000,13.0,
2024-04-02,ORD-2024-000879,P01499,T13,SF006,Online,1,4230000,16.6,560000
2024-04-02,ORD-2024-000897,P02299,T13,DK002,Online,1,490000,14.7,180000
2024-04-02,ORD-2024-000898,P01606,T13,DK037,Online,1,540000,12.3,260000
2024-04-02,ORD-2024-000903,P02074,T13,MJ017,Online,2,3280000,8.8,220000
2024-04-02,ORD-2024-000933,P02642,T01,DK005,Marketplace,1,430000,18.9,380000
2024-04-02,ORD-2024-000953,,T04,KR007,Toko,1,1690000,12.0,
2024-04-02,ORD-2024-000979,P01374,T05,DK042,Toko,2,1280000,8.3,
2024-04-03,ORD-2024-000796,P02438,T13,KR018,Online,1,1090000,21.2,560000
2024-04-03,ORD-2024-000801,P00429,T13,KR037,Online,1,2790000,14.1,380000
2024-04-03,ORD-2024-000802,P01550,T11,KS002,Toko,2,6150000,0.0,270000
2024-04-03,ORD-2024-000813,P01503,T09,MJ023,Toko,1,8100000,15.2,
2024-04-03,ORD-2024-000817,P02379,T05,SF035,Toko,1,5970000,2.0,
2024-04-03,ORD-2024-000830,P02239,T13,PD019,Online,1,1260000,0.0,370000
2024-04-03,ORD-2024-000873,,T06,MJ014,Toko,1,4970000,19.2,
2024-04-03,ORD-2024-000877,P02023,T08,MJ045,Toko,1,2740000,13.1,
2024-04-03,ORD-2024-000882,P02995,T13,SF004,Online,3,7400000,18.1,300000
2024-04-03,ORD-2024-000884,P00680,T02,PC002,Toko,1,1740000,14.1,
2024-04-03,ORD-2024-000917,P02266,T13,PD016,Online,1,1080000,5.9,250000
2024-04-03,ORD-2024-000921,P01300,T13,DK026,Online,1,1170000,14.7,480000
2024-04-03,ORD-2024-000921,P01300,T13,DK041,Online,1,2550000,20.7,300000
2024-04-03,ORD-2024-000958,P02516,T06,MJ024,Marketplace,1,3010000,12.8,110000
2024-04-03,ORD-2024-000998,P00365,T02,PD021,Toko,1,660000,6.9,
2024-04-03,ORD-2024-001000,P03309,T13,KR017,Online,1,4540000,0.0,130000
2024-04-03,ORD-2024-001028,P02202,T13,DK030,Online,2,930000,6.1,110000
2024-04-03,ORD-2024-001028,P02202,T13,PD023,Online,1,1090000,18.2,150000
2024-04-03,ORD-2024-001034,P03065,T13,KR029,Online,1,5120000,11.2,590000
2024-04-03,ORD-2024-001049,P03427,T01,LM008,Toko,1,5080000,6.5,
2024-04-03,ORD-2024-001052,P00787,T13,DK034,Online,2,830000,10.3,410000
2024-04-04,ORD-2024-000837,P00933,T13,DK005,Online,1,430000,0.0,460000
2024-04-04,ORD-2024-000848,P03211,T09,LM019,Marketplace,3,5540000,15.4,240000
2024-04-04,ORD-2024-000852,P00640,T13,DK012,Online,2,960000,16.3,570000
2024-04-04,ORD-2024-000904,P00185,T06,MJ006,Marketplace,2,4050000,13.3,200000
2024-04-04,ORD-2024-000919,P00249,T11,KS034,Marketplace,1,6400000,14.8,320000
2024-04-04,ORD-2024-000946,P03402,T04,PD013,Toko,1,1030000,9.7,
2024-04-04,ORD-2024-000946,P03402,T04,PD025,Toko,2,1100000,12.4,
2024-04-04,ORD-2024-001002,P00997,T03,DK043,Marketplace,1,760000,20.0,510000
2024-04-04,ORD-2024-001019,P02823,T13,DK012,Online,1,960000,13.8,530000
2024-04-04,ORD-2024-001019,P02823,T13,SF030,Online,1,5980000,13.5,240000
2024-04-05,ORD-2024-000750,P02486,T13,DK033,Online,1,220000,13.1,360000
2024-04-05,ORD-2024-000782,P02359,T13,DK031,Online,2,800000,12.3,480000
2024-04-05,ORD-2024-000785,P02702,T13,DK035,Online,1,400000,17.2,590000
2024-04-05,ORD-2024-000862,P02283,T13,DK015,Online,2,1390000,19.0,560000
2024-04-05,ORD-2024-000869,P02293,T13,MJ039,Online,1,6590000,14.2,500000
2024-04-05,ORD-2024-000893,P02422,T13,PC024,Online,1,850000,11.1,80000
2024-04-05,ORD-2024-000987,P02065,T13,KR014,Online,1,3530000,11.8,
2024-04-05,ORD-2024-001040,P00215,T03,KR009,Toko,1,3260000,14.2,
2024-04-05,ORD-2024-001048,P00625,T13,DK019,Online,1,860000,17.5,480000
2024-04-05,ORD-2024-001056,P01177,T13,DK038,Online,1,530000,17.9,50000
2024-04-06,ORD-2024-000786,P01591,T13,SF014,Online,1,11630000,13.1,380000
2024-04-06,ORD-2024-000786,P01591,T13,SF002,Online,4,5950000,13.3,240000
2024-04-06,ORD-2024-000809,P02623,T13,PD025,Online,1,1100000,15.0,440000
2024-04-06,ORD-2024-000824,P03382,T13,MJ037,Online,1,3320000,0.0,240000
2024-04-06,ORD-2024-000836,P02083,T06,MJ026,Toko,1,3480000,12.0,
2024-04-06,ORD-2024-000938,P02600,T08,DK014,Toko,1,890000,11.0,
2024-04-06,ORD-2024-000980,P02578,T13,PD024,Online,1,1130000,23.3,340000
2024-04-06,ORD-2024-000988,P00742,T13,PC019,Online,1,1840000,6.8,200000
2024-04-06,ORD-2024-001018,P02039,T08,PC032,Toko,1,470000,17.2,
2024-04-07,ORD-2024-000751,P02132,T04,PC012,Toko,1,1870000,16.2,
2024-04-07,ORD-2024-000774,P01909,T13,DK011,Online,1,2070000,8.7,380000
2024-04-07,ORD-2024-000819,P03400,T11,PC015,Toko,1,1320000,0.0,
2024-04-07,ORD-2024-000826,P00876,T13,PD003,Online,1,1200000,13.8,290000
2024-04-07,ORD-2024-000826,P00876,T13,KR019,Online,1,2530000,12.6,170000
2024-04-07,ORD-2024-000887,P01385,T06,SF040,Toko,2,5750000,16.1,
2024-04-07,ORD-2024-000940,P03290,T03,LM034,Toko,2,5930000,14.1,
2024-04-07,ORD-2024-000949,P03368,T04,DK006,Toko,1,2070000,8.8,
2024-04-07,ORD-2024-000966,P00344,T13,DK025,Online,1,660000,17.0,560000
2024-04-07,ORD-2024-000975,P00473,T05,KR046,Marketplace,1,1210000,9.3,70000
2024-04-07,ORD-2024-000977,P03459,T13,KR008,Online,1,2800000,8.5,50000
2024-04-07,ORD-2024-000992,P00663,T13,SF006,Online,2,4230000,0.0,480000
2024-04-07,ORD-2024-001001,P01303,T13,KS004,Online,2,10560000,14.9,230000
2024-04-07,ORD-2024-001006,P01885,T04,KR010,Toko,1,1900000,2.7,
2024-04-07,ORD-2024-001013,P00120,T13,PC009,Online,3,1490000,0.0,410000
2024-04-08,ORD-2024-000753,P00100,T02,SF040,Toko,2,5750000,13.1,
2024-04-08,ORD-2024-000755,P02690,T10,KR011,Toko,2,1570000,12.7,
2024-04-08,ORD-2024-000816,P02832,T13,PD005,Online,1,390000,9.9,460000
2024-04-08,ORD-2024-000847,P01631,T12,PC015,Toko,1,1320000,9.4,
2024-04-08,ORD-2024-000855,P00971,T13,PC005,Online,1,660000,19.2,530000
2024-04-08,ORD-2024-000858,P01454,T13,KR015,Online,1,2050000,14.6,230000
2024-04-08,ORD-2024-000909,P01536,T04,MJ008,Toko,1,3030000,10.8,
2024-04-08,ORD-2024-000922,P02362,T09,KS031,Marketplace,1,4390000,14.1,130000
2024-04-08,ORD-2024-000926,P01794,T13,KR038,Online,1,2240000,8.9,130000
2024-04-08,ORD-2024-000929,P00410,T13,PC005,Online,1,660000,8.0,190000
2024-04-08,ORD-2024-000929,P00410,T13,LM032,Online,1,4960000,0.0,100000
2024-04-08,ORD-2024-000972,P00084,T09,PD010,Toko,1,450000,12.3,240000
2024-04-08,ORD-2024-001011,P03464,T09,PC004,Marketplace,1,1660000,16.9,90000
2024-04-08,ORD-2024-001035,,T05,MJ043,Toko,2,4010000,11.4,
2024-04-09,ORD-2024-000748,P01599,T02,PC007,Marketplace,1,1510000,24.2,390000
2024-04-09,ORD-2024-000748,P01599,T02,DK028,Marketplace,2,730000,17.4,580000
2024-04-09,ORD-2024-000761,P03055,T12,DK035,Toko,1,400000,15.9,
2024-04-09,ORD-2024-000761,P03055,T12,DK043,Toko,1,760000,0.0,
2024-04-09,ORD-2024-000769,P02319,T13,DK035,Online,1,400000,9.8,250000
2024-04-09,ORD-2024-000792,P02646,T13,PD007,Online,1,770000,13.6,290000
2024-04-09,ORD-2024-000798,P01364,T13,DK008,Online,1,910000,13.2,140000
2024-04-09,ORD-2024-000803,P02473,T04,MJ017,Toko,1,3280000,10.1,
2024-04-09,ORD-2024-000841,P03296,T13,PC002,Online,1,1740000,14.0,380000
2024-04-09,ORD-2024-000900,P02133,T10,KS019,Toko,1,7170000,13.7,
2024-04-09,ORD-2024-000900,P02133,T10,PD003,Toko,1,1200000,8.9,
2024-04-09,ORD-2024-000900,P02133,T10,DK043,Toko,1,760000,0.0,
2024-04-09,ORD-2024-000935,P02673,T03,DK032,Toko,1,340000,13.4,
2024-04-09,ORD-2024-000951,P01052,T07,LM015,Toko,2,3180000,10.7,
2024-04-09,ORD-2024-001024,P01431,T13,PD004,Online,2,1050000,11.8,460000
2024-04-09,ORD-2024-001041,P00454,T11,KR033,Marketplace,1,3030000,9.6,560000
2024-04-09,ORD-2024-001055,P00263,T13,PD021,Online,1,660000,0.0,450000
2024-04-09,ORD-2024-001055,P00263,T13,KR021,Online,2,2670000,15.1,170000
2024-04-10,ORD-2024-000752,P03099,T13,MJ021,Online,2,2560000,14.5,310000
2024-04-10,ORD-2024-000833,P01252,T13,DK005,Online,1,430000,9.5,320000
2024-04-10,ORD-2024-000844,P00711,T13,PD026,Online,1,520000,15.9,120000
2024-04-10,ORD-2024-000859,P02193,T02,LM006,Toko,1,13730000,14.0,
2024-04-10,ORD-2024-000934,P01346,T07,KR035,Toko,1,1760000,0.0,
2024-04-10,ORD-2024-000965,P02643,T06,PD011,Toko,3,750000,14.3,
2024-04-10,ORD-2024-000971,P02494,T13,KR043,Online,1,5270000,17.9,430000
2024-04-10,ORD-2024-000994,P00104,T13,PC019,Online,1,1840000,22.4,90000
2024-04-10,ORD-2024-000999,P02414,T02,MJ025,Toko,2,5470000,18.6,
2024-04-10,ORD-2024-000999,P02414,T02,DK010,Toko,2,690000,12.2,390000
2024-04-11,ORD-2024-000763,P03328,T06,DK025,Toko,1,660000,13.2,
2024-04-11,ORD-2024-000771,P00490,T13,LM026,Online,1,5250000,6.5,360000
2024-04-11,ORD-2024-000777,P00454,T09,DK025,Toko,1,660000,18.3,
2024-04-11,ORD-2024-000779,P03207,T02,DK029,Marketplace,3,500000,0.0,130000
2024-04-11,ORD-2024-000788,P02108,T12,KR027,Marketplace,1,1770000,14.1,430000
2024-04-11,ORD-2024-000800,P02483,T07,DK014,Toko,1,890000,18.7,
2024-04-11,ORD-2024-000828,P00987,T13,DK008,Online,2,910000,9.6,540000
2024-04-11,ORD-2024-000850,P02524,T09,DK024,Toko,3,930000,0.0,
2024-04-11,ORD-2024-000894,P01771,T02,DK016,Toko,1,730000,5.0,
2024-04-11,ORD-2024-000954,P00537,T01,DK008,Marketplace,1,910000,11.1,160000
2024-04-11,ORD-2024-000993,P02021,T13,DK007,Online,2,900000,10.7,170000
2024-04-11,ORD-2024-000993,P02021,T13,LM009,Online,1,2210000,13.3,370000
2024-04-11,ORD-2024-001009,P01575,T13,DK038,Online,2,530000,14.6,580000
2024-04-11,ORD-2024-001022,P01784,T04,DK025,Toko,1,660000,11.3,
2024-04-11,ORD-2024-001025,P02306,T05,MJ030,Toko,1,2670000,0.0,
2024-04-11,ORD-2024-001025,P02306,T05,SF023,Toko,1,7750000,0.0,
2024-04-12,ORD-2024-000749,P02493,T07,DK008,Toko,1,910000,12.7,
2024-04-12,ORD-2024-000860,P00478,T13,LM029,Online,1,8480000,12.6,470000
2024-04-12,ORD-2024-000886,P01364,T12,DK002,Marketplace,1,490000,11.9,470000
2024-04-12,ORD-2024-000895,P02315,T09,DK007,Toko,1,900000,11.5,
2024-04-12,ORD-2024-000912,P01493,T09,MJ027,Toko,1,3790000,16.1,
2024-04-12,ORD-2024-000915,P02841,T13,PC032,Online,1,470000,23.9,230000
2024-04-12,ORD-2024-000916,P03103,T01,LM020,Toko,2,8740000,14.2,
2024-04-12,ORD-2024-000916,P03103,T01,KR007,Toko,2,1690000,17.4,
2024-04-12,ORD-2024-000916,P03103,T01,MJ021,Toko,1,2560000,14.1,
2024-04-12,ORD-2024-000937,P00854,T04,MJ022,Toko,1,4090000,11.7,
2024-04-12,ORD-2024-000985,P03342,T10,KR038,Toko,1,2240000,10.9,
2024-04-12,ORD-2024-001021,P00257,T07,SF038,Toko,1,6260000,21.0,
2024-04-12,ORD-2024-001054,P00961,T06,DK017,Marketplace,2,1740000,18.2,490000
2024-04-13,ORD-2024-000783,P02621,T13,SF021,Online,1,9200000,7.5,540000
2024-04-13,ORD-2024-000783,P02621,T13,KR016,Online,1,3780000,14.3,260000
2024-04-13,ORD-2024-000797,P02725,T13,MJ002,Online,1,3330000,12.4,550000
2024-04-13,ORD-2024-000820,P02660,T10,PC009,Toko,1,1490000,14.1,
2024-04-13,ORD-2024-000871,P02043,T13,KR032,Online,1,2340000,15.7,430000
2024-04-13,ORD-2024-000956,P02289,T13,DK002,Online,2,490000,0.0,120000
2024-04-13,ORD-2024-000961,P01631,T10,LM006,Toko,2,13730000,15.5,
2024-04-13,ORD-2024-000969,P01854,T07,KR012,Toko,3,2460000,13.3,
2024-04-13,ORD-2024-001037,P01413,T11,MJ008,Toko,1,3030000,0.0,
2024-04-13,ORD-2024-001046,P00357,T09,PC013,Marketplace,2,1410000,21.2,210000
2024-04-14,ORD-2024-000799,P00683,T05,SF031,Toko,2,3420000,0.0,90000
2024-04-14,ORD-2024-000804,P02311,T13,KS029,Online,4,8960000,13.2,60000
2024-04-14,ORD-2024-000831,P02698,T13,MJ030,Online,1,2670000,12.5,160000
2024-04-14,ORD-2024-000905,P03011,T06,PD015,Marketplace,3,750000,12.7,
2024-04-14,ORD-2024-000944,P01148,T13,DK028,Online,1,730000,24.6,210000
2024-04-14,ORD-2024-000968,P00595,T05,SF040,Toko,1,5750000,9.2,
2024-04-14,ORD-2024-000983,P01775,T08,KR046,Toko,1,1210000,16.1,
2024-04-15,ORD-2024-000754,P00644,T13,DK035,Online,1,400000,5.3,310000
2024-04-15,ORD-2024-000790,P02965,T01,PC002,Marketplace,1,1740000,0.0,240000
2024-04-15,ORD-2024-000810,P02851,T02,DK032,Marketplace,1,340000,18.2,60000
2024-04-15,ORD-2024-000822,P01711,T02,DK026,Toko,1,1170000,16.5,
2024-04-15,ORD-2024-000846,P01893,T13,KR022,Online,1,2200000,15.5,490000
2024-04-15,ORD-2024-000939,P01976,T02,PD008,Marketplace,1,970000,14.4,120000
2024-04-15,ORD-2024-000950,P01994,T11,LM031,Toko,1,6490000,15.7,
2024-04-15,ORD-2024-000952,P02305,T06,DK037,Marketplace,1,540000,0.0,80000
2024-04-15,ORD-2024-000991,P00259,T02,DK031,Marketplace,2,800000,12.8,470000
2024-04-15,ORD-2024-001026,P01074,T01,PC009,Toko,1,1490000,8.1,
2024-04-15,ORD-2024-001026,P01074,T01,DK029,Toko,1,500000,14.6,
2024-04-15,ORD-2024-001026,P01074,T01,DK034,Toko,1,830000,18.9,
2024-04-16,ORD-2024-000899,P01236,T06,KS002,Marketplace,1,6150000,12.7,330000
2024-04-16,ORD-2024-000914,P00090,T04,DK021,Marketplace,1,1010000,0.0,130000
2024-04-16,ORD-2024-000932,P00094,T01,MJ039,Toko,1,6590000,7.2,
2024-04-16,ORD-2024-000948,P03419,T13,SF012,Online,1,7980000,10.0,130000
2024-04-16,ORD-2024-000989,P03315,T07,DK037,Toko,1,540000,5.2,
2024-04-16,ORD-2024-000989,P03315,T07,DK032,Toko,1,340000,10.5,
2024-04-16,ORD-2024-000989,P03315,T07,KR043,Toko,1,5270000,10.8,
2024-04-16,ORD-2024-001005,P00650,T13,DK031,Online,1,800000,11.5,380000
2024-04-16,ORD-2024-001036,P01324,T05,LM021,Toko,1,7550000,13.8,
2024-04-16,ORD-2024-001044,P03026,T13,DK007,Online,1,900000,0.0,580000
2024-04-17,ORD-2024-000814,P00796,T13,KR025,Online,1,3670000,14.3,120000
2024-04-17,ORD-2024-000918,P02920,T02,KR009,Toko,1,3260000,18.2,
2024-04-17,ORD-2024-000986,P01815,T12,PC031,Toko,1,1660000,16.2,
2024-04-17,ORD-2024-000986,P01815,T12,MJ026,Toko,2,3480000,16.1,
2024-04-17,ORD-2024-000997,P02704,T01,KR001,Toko,2,3260000,7.9,
2024-04-17,ORD-2024-001033,P01125,T05,SF039,Toko,1,6120000,17.4,
2024-04-17,ORD-2024-001039,P00999,T13,KR041,Online,2,1620000,17.4,500000
2024-04-17,ORD-2024-001047,P01759,T11,PC032,Marketplace,1,470000,22.1,390000
2024-04-18,ORD-2024-000812,P02990,T13,DK039,Online,1,870000,17.5,130000
2024-04-18,ORD-2024-000865,P00074,T13,PC026,Online,1,860000,0.0,290000
2024-04-18,ORD-2024-000888,P02854,T13,KR026,Online,1,2860000,7.6,430000
2024-04-18,ORD-2024-000911,P00303,T05,DK020,Toko,2,690000,11.3,
2024-04-18,ORD-2024-000925,P02969,T13,PC006,Online,1,1850000,16.9,410000
2024-04-18,ORD-2024-000996,P00093,T02,DK028,Toko,1,730000,11.5,
2024-04-18,ORD-2024-001017,P00097,T13,PD013,Online,2,1030000,15.2,500000
2024-04-19,ORD-2024-000765,P01831,T13,DK003,Online,1,420000,9.9,50000
2024-04-19,ORD-2024-000765,P01831,T13,MJ029,Online,2,2890000,11.1,220000
2024-04-19,ORD-2024-000811,P03307,T12,DK035,Marketplace,1,400000,19.0,260000
2024-04-19,ORD-2024-000811,P03307,T12,KS002,Marketplace,1,6150000,10.0,520000
2024-04-19,ORD-2024-000825,P00290,T13,DK004,Online,3,1240000,17.4,500000
2024-04-19,ORD-2024-000875,P03104,T03,PC024,Marketplace,1,850000,16.2,530000
2024-04-19,ORD-2024-000902,P02100,T01,DK002,Toko,4,490000,15.3,
2024-04-19,ORD-2024-000902,P02100,T01,KR012,Toko,1,2460000,0.0,
2024-04-19,ORD-2024-000902,P02100,T01,SF040,Toko,1,5750000,22.5,
2024-04-19,ORD-2024-000976,P00332,T13,KR002,Online,2,1500000,10.5,400000
2024-04-19,ORD-2024-001027,P00620,T04,LM029,Toko,1,8480000,0.0,
2024-04-19,ORD-2024-001032,P01061,T05,PD024,Toko,1,1130000,12.9,
2024-04-19,ORD-2024-001051,P01993,T07,DK029,Toko,2,500000,16.5,
2024-04-20,ORD-2024-000762,P01810,T08,DK015,Marketplace,3,1390000,18.2,550000
2024-04-20,ORD-2024-000775,P00811,T13,DK002,Online,2,490000,11.9,570000
2024-04-20,ORD-2024-000805,P03448,T11,KR027,Toko,1,1770000,12.6,90000
2024-04-20,ORD-2024-000843,P00877,T06,DK014,Toko,3,890000,14.7,
2024-04-20,ORD-2024-000885,P02417,T09,DK021,Toko,1,1010000,10.9,
2024-04-20,ORD-2024-000947,P00743,T13,PC023,Online,1,1920000,20.6,270000
2024-04-20,ORD-2024-001031,P00043,T13,KR025,Online,1,3670000,9.9,540000
2024-04-21,ORD-2024-000767,P02424,T09,MJ043,Toko,1,4010000,14.5,
2024-04-21,ORD-2024-000943,P02140,T02,DK008,Toko,1,910000,9.7,
2024-04-21,ORD-2024-000959,P00490,T03,KS022,Toko,1,13060000,0.0,
2024-04-22,ORD-2024-000772,P01767,T11,LM015,Toko,2,3180000,12.3,
2024-04-22,ORD-2024-000789,P01776,T08,KS021,Toko,1,8510000,10.9,
2024-04-22,ORD-2024-000794,P01491,T03,MJ009,Toko,1,2670000,6.2,
2024-04-22,ORD-2024-000794,P01491,T03,DK009,Toko,2,990000,12.2,
2024-04-22,ORD-2024-000794,P01491,T03,DK039,Toko,1,870000,0.0,
2024-04-22,ORD-2024-000815,P01323,T03,PC013,Toko,1,1410000,12.3,
2024-04-22,ORD-2024-000815,P01323,T03,KR028,Toko,2,1780000,16.6,
2024-04-22,ORD-2024-000815,P01323,T03,PD010,Toko,2,450000,19.4,
2024-04-22,ORD-2024-000818,P03245,T01,KS002,Toko,1,6150000,0.0,
2024-04-22,ORD-2024-000821,P01760,T13,DK032,Online,1,340000,21.0,380000
2024-04-22,ORD-2024-000864,P03057,T05,KR011,Toko,1,1570000,11.8,
2024-04-22,ORD-2024-000864,P03057,T05,DK007,Toko,1,900000,11.7,
2024-04-22,ORD-2024-000864,P03057,T05,PD006,Toko,1,970000,16.2,
2024-04-22,ORD-2024-000868,P02113,T01,PD021,Toko,2,660000,7.2,
2024-04-22,ORD-2024-000870,P00465,T08,MJ016,Toko,1,7350000,0.0,
2024-04-22,ORD-2024-000973,P00289,T02,KR018,Toko,3,1090000,6.5,
2024-04-22,ORD-2024-000990,P00233,T13,PD001,Online,1,1710000,0.0,360000
2024-04-22,ORD-2024-001020,P03437,T01,PD021,Toko,1,660000,11.3,
2024-04-22,ORD-2024-001020,P03437,T01,SF013,Toko,2,16570000,10.9,
2024-04-22,ORD-2024-001020,P03437,T01,LM015,Toko,1,3180000,16.9,
2024-04-23,ORD-2024-000793,P02190,T13,LM038,Online,1,5010000,16.7,580000
2024-04-23,ORD-2024-000839,P02413,T06,PC011,Marketplace,2,4490000,11.2,100000
2024-04-23,ORD-2024-000878,P00021,T13,LM015,Online,1,3180000,15.1,270000
2024-04-23,ORD-2024-000892,P03126,T03,LM034,Toko,2,5930000,19.5,
2024-04-23,ORD-2024-000907,P03455,T01,DK024,Marketplace,1,930000,5.7,120000
2024-04-23,ORD-2024-000908,P03442,T13,KR010,Online,3,1900000,17.3,480000
2024-04-23,ORD-2024-000923,P01705,T13,DK027,Online,1,630000,13.1,320000
2024-04-23,ORD-2024-000923,P01705,T13,KR046,Online,1,1210000,16.6,
2024-04-23,ORD-2024-000928,P02596,T01,PD020,Marketplace,1,920000,8.5,330000
2024-04-23,ORD-2024-000941,P00992,T01,DK034,Toko,1,830000,0.0,450000
2024-04-23,ORD-2024-000960,P01568,T13,KS013,Online,1,10990000,6.8,470000
2024-04-23,ORD-2024-000967,P00122,T13,PC006,Online,4,1850000,6.9,580000
2024-04-23,ORD-2024-001003,P03301,T13,DK026,Online,1,1170000,15.0,240000
2024-04-23,ORD-2024-001014,,T03,KR022,Toko,1,2200000,15.4,
2024-04-24,ORD-2024-000758,P02080,T09,PD023,Toko,2,1090000,0.0,
2024-04-24,ORD-2024-000784,P00792,T01,LM014,Toko,1,4520000,19.6,
2024-04-24,ORD-2024-000784,P00792,T01,KS013,Toko,1,10990000,11.8,
2024-04-24,ORD-2024-000808,P03005,T11,DK015,Toko,1,1390000,19.1,
2024-04-24,ORD-2024-000823,,T09,KS024,Toko,1,13500000,15.9,
2024-04-24,ORD-2024-000881,P03399,T03,MJ045,Toko,3,2740000,12.1,
2024-04-24,ORD-2024-000930,P00253,T13,DK014,Online,2,890000,14.4,520000
2024-04-24,ORD-2024-000970,P01224,T13,KR037,Online,1,2790000,17.5,570000
2024-04-24,ORD-2024-001023,P00282,T13,KR004,Online,1,1790000,19.0,180000
2024-04-25,ORD-2024-000766,P00777,T07,DK031,Marketplace,1,800000,16.3,120000
2024-04-25,ORD-2024-000768,P00174,T03,MJ034,Toko,1,6280000,12.2,
2024-04-25,ORD-2024-000768,P00174,T03,DK015,Toko,1,1390000,3.3,160000
2024-04-25,ORD-2024-000768,P00174,T03,DK020,Toko,2,690000,11.6,
2024-04-25,ORD-2024-000849,P02389,T04,PD001,Toko,1,1710000,9.5,
2024-04-25,ORD-2024-000857,P02554,T13,DK005,Online,1,430000,13.4,450000
2024-04-25,ORD-2024-000891,P01761,T06,KR036,Toko,1,2360000,13.9,
2024-04-25,ORD-2024-000957,P01693,T12,SF006,Marketplace,1,4230000,13.2,50000
2024-04-25,ORD-2024-000964,P00509,T03,SF007,Toko,1,10370000,12.5,
2024-04-25,ORD-2024-000981,P02680,T08,SF006,Toko,2,4230000,14.7,370000
2024-04-25,ORD-2024-001012,P00916,T13,LM021,Online,1,7550000,16.0,470000
2024-04-25,ORD-2024-001012,P00916,T13,PC029,Online,1,1900000,9.6,370000
2024-04-25,ORD-2024-001015,P02358,T08,PD013,Toko,2,1030000,20.6,
2024-04-25,ORD-2024-001015,P02358,T08,SF005,Toko,1,13820000,14.9,
2024-04-26,ORD-2024-000776,P02600,T13,SF029,Online,1,7520000,20.4,490000
2024-04-26,ORD-2024-000780,P00154,T08,DK028,Toko,1,730000,17.5,
2024-04-26,ORD-2024-000806,P02748,T01,DK034,Toko,1,830000,0.0,
2024-04-26,ORD-2024-000827,P02945,T02,KR046,Toko,1,1210000,9.4,
2024-04-26,ORD-2024-000838,P02198,T13,PD020,Online,1,920000,0.0,50000
2024-04-26,ORD-2024-000838,P02198,T13,LM025,Online,1,9570000,18.3,340000
2024-04-26,ORD-2024-000838,P02198,T13,DK035,Online,1,400000,5.1,580000
2024-04-26,ORD-2024-000851,P00569,T04,PC016,Toko,1,1760000,16.2,
2024-04-26,ORD-2024-000867,P03208,T02,KS019,Toko,1,7170000,14.1,
2024-04-26,ORD-2024-000901,P02031,T13,PD004,Online,2,1050000,8.3,510000
2024-04-26,ORD-2024-000924,P03462,T13,DK020,Online,1,690000,13.1,400000
2024-04-26,ORD-2024-000974,P03281,T08,KR006,Toko,1,3040000,12.8,
2024-04-26,ORD-2024-001004,P01221,T13,DK039,Online,1,870000,13.9,590000
2024-04-26,ORD-2024-001043,P00887,T02,MJ021,Marketplace,2,2560000,12.3,510000
2024-04-26,ORD-2024-001057,P01620,T06,LM033,Toko,1,6100000,14.6,
2024-04-27,ORD-2024-000778,P00756,T01,MJ021,Marketplace,1,2560000,12.0,90000
2024-04-27,ORD-2024-000807,P01318,T11,DK018,Toko,1,1000000,23.8,
2024-04-27,ORD-2024-000807,P01318,T11,DK031,Toko,1,800000,0.0,
2024-04-27,ORD-2024-000840,P02672,T05,SF026,Toko,1,5850000,16.5,
2024-04-27,ORD-2024-000872,P01916,T13,DK018,Online,2,1000000,18.9,250000
2024-04-27,ORD-2024-000872,P01916,T13,DK009,Online,1,990000,14.0,400000
2024-04-27,ORD-2024-000906,P02158,T13,PC023,Online,1,1920000,15.1,550000
2024-04-27,ORD-2024-000913,P01954,T13,PD026,Online,2,520000,0.0,490000
2024-04-27,ORD-2024-000920,P01871,T13,PD001,Online,2,1710000,14.0,160000
2024-04-27,ORD-2024-000927,P01331,T03,DK034,Toko,1,830000,12.8,
2024-04-27,ORD-2024-000927,P01331,T03,KR012,Toko,1,2460000,9.6,
2024-04-27,ORD-2024-001010,P03457,T02,DK026,Toko,1,1170000,13.7,
2024-04-27,ORD-2024-001029,P02003,T05,PC016,Marketplace,2,1760000,0.0,
2024-04-27,ORD-2024-001050,P01542,T05,LM026,Marketplace,3,5250000,13.2,360000
2024-04-28,ORD-2024-000757,P03046,T05,PD013,Toko,1,1030000,11.0,
2024-04-28,ORD-2024-000764,P01594,T04,PC005,Toko,1,660000,18.7,
2024-04-28,ORD-2024-000795,P01459,T03,PD004,Toko,1,1050000,13.1,
2024-04-28,ORD-2024-000835,P00838,T11,PD024,Toko,1,1130000,15.6,
2024-04-28,ORD-2024-000880,P03142,T03,DK032,Marketplace,2,340000,0.0,280000
2024-04-28,ORD-2024-000880,P03142,T03,MJ021,Marketplace,1,2560000,0.0,300000
2024-04-28,ORD-2024-000880,P03142,T03,MJ044,Marketplace,1,6150000,0.0,160000
2024-04-28,ORD-2024-000890,P02221,T10,PC009,Marketplace,1,1490000,12.3,150000
2024-04-28,ORD-2024-000896,P03428,T02,KR015,Toko,2,2050000,10.6,
2024-04-28,ORD-2024-000982,P02992,T13,KR021,Online,1,2670000,18.7,550000
2024-04-28,ORD-2024-000982,P02992,T13,LM038,Online,1,5010000,16.6,220000
2024-04-28,ORD-2024-001008,P02965,T13,DK031,Online,1,800000,15.1,590000
2024-04-28,ORD-2024-001008,P02965,T13,DK005,Online,1,430000,0.0,410000
2024-04-28,ORD-2024-001030,,T02,DK007,Toko,1,900000,10.8,
2024-04-28,ORD-2024-001045,P02740,T02,DK043,Toko,1,760000,15.5,
2024-04-29,ORD-2024-000756,P03187,T08,DK004,Marketplace,1,1240000,21.3,540000
2024-04-29,ORD-2024-000829,P02195,T07,PD019,Toko,1,1260000,0.0,
2024-04-29,ORD-2024-000861,P01850,T04,PC005,Toko,1,660000,12.6,
2024-04-29,ORD-2024-000883,P01056,T13,DK012,Online,1,960000,21.3,70000
2024-04-29,ORD-2024-000883,P01056,T13,MJ035,Online,1,5190000,16.1,170000
2024-04-29,ORD-2024-000889,P02032,T08,PD005,Toko,1,390000,17.1,
2024-04-29,ORD-2024-000936,P01794,T13,PC024,Online,1,850000,11.5,150000
2024-04-29,ORD-2024-000942,P01403,T10,MJ001,Toko,1,2940000,15.3,
2024-04-29,ORD-2024-000942,P01403,T10,DK044,Toko,1,1380000,8.0,
2024-04-29,ORD-2024-000942,P01403,T10,SF031,Toko,2,3420000,15.2,
2024-04-29,ORD-2024-000945,P02179,T13,DK030,Online,1,930000,20.4,80000
2024-04-29,ORD-2024-000945,P02179,T13,KR042,Online,1,1850000,17.7,450000
2024-04-29,ORD-2024-000945,P02179,T13,PD020,Online,1,920000,0.0,520000
2024-04-29,ORD-2024-000984,P01191,T13,LM033,Online,1,6100000,0.0,360000
2024-04-29,ORD-2024-001038,P00917,T02,DK001,Marketplace,1,530000,11.4,160000
2024-04-29,ORD-2024-001042,P01265,T13,DK032,Online,1,340000,17.8,390000
2024-04-29,ORD-2024-001053,P01044,T07,DK026,Toko,1,1170000,20.5,
2024-04-30,ORD-2024-000759,P00716,T13,DK042,Online,1,1280000,9.7,120000
2024-04-30,ORD-2024-000760,P00839,T13,PD014,Online,1,1590000,0.0,
2024-04-30,ORD-2024-000832,P02151,T13,PD022,Online,2,520000,0.0,340000
2024-04-30,ORD-2024-000832,P02151,T13,KR015,Online,1,2050000,10.4,260000
2024-04-30,ORD-2024-000832,P02151,T13,LM007,Online,1,4350000,13.4,270000
2024-04-30,ORD-2024-000854,P00696,T09,KR006,Marketplace,1,3040000,13.2,250000
2024-04-30,ORD-2024-000856,P03164,T13,PC017,Online,2,1720000,14.3,50000
2024-04-30,ORD-2024-000876,P00869,T11,MJ021,Toko,1,2560000,0.0,
2024-04-30,ORD-2024-000931,P01378,T03,PD014,Marketplace,1,1590000,23.4,180000
2024-04-30,ORD-2024-000955,P00062,T13,DK034,Online,1,830000,9.5,90000
2024-04-30,ORD-2024-000955,P00062,T13,LM006,Online,2,13730000,0.0,130000
2024-04-30,ORD-2024-000955,P00062,T13,DK005,Online,1,430000,13.6,60000
2024-04-30,ORD-2024-000962,P02637,T06,KS012,Toko,1,11030000,13.0,
2024-04-30,ORD-2024-001016,P02803,T01,DK034,Toko,4,830000,19.5,
2024-04-30,ORD-2024-001016,P02803,T01,KR037,Toko,2,2790000,14.3,
2024-05-01,ORD-2024-001186,P02901,T07,KR018,Toko,1,1090000,12.0,
2024-05-01,ORD-2024-001188,P01904,T07,PD021,Toko,2,660000,0.0,
2024-05-01,ORD-2024-001191,P01960,T02,KR024,Toko,1,3000000,12.2,
2024-05-01,ORD-2024-001216,P00647,T04,PC014,Toko,1,1800000,12.3,320000
2024-05-01,ORD-2024-001262,P03424,T06,LM026,Marketplace,1,5250000,0.0,540000
2024-05-01,ORD-2024-001262,P03424,T06,DK002,Marketplace,1,490000,0.0,150000
2024-05-01,ORD-2024-001306,P02379,T02,DK010,Toko,1,690000,14.6,
2024-05-01,ORD-2024-001330,P02823,T09,KR026,Toko,2,2860000,12.9,
2024-05-01,ORD-2024-001340,P00324,T04,KR024,Toko,1,3000000,8.2,
2024-05-02,ORD-2024-001111,P03403,T13,SF037,Online,1,10360000,9.9,200000
2024-05-02,ORD-2024-001116,P00829,T13,PC024,Online,2,850000,15.5,60000
2024-05-02,ORD-2024-001155,P02028,T13,PC026,Online,1,860000,5.8,410000
2024-05-02,ORD-2024-001163,P01476,T03,DK008,Toko,1,910000,13.6,
2024-05-02,ORD-2024-001177,,T11,DK036,Toko,1,510000,15.4,
2024-05-02,ORD-2024-001237,P02030,T12,DK040,Marketplace,1,1260000,0.0,270000
2024-05-02,ORD-2024-001266,P01217,T05,PD022,Toko,3,520000,13.7,
2024-05-02,ORD-2024-001277,P01328,T09,SF008,Toko,1,13020000,19.9,
2024-05-02,ORD-2024-001295,P01189,T01,KS016,Marketplace,1,26320000,11.1,500000
2024-05-02,ORD-2024-001304,P01229,T13,DK038,Online,1,530000,0.0,50000
2024-05-02,ORD-2024-001338,P02964,T13,PC010,Online,1,1240000,6.6,360000
2024-05-03,ORD-2024-001101,P02538,T09,PC010,Toko,3,1240000,5.9,
2024-05-03,ORD-2024-001225,P02603,T09,DK033,Toko,1,220000,21.0,
2024-05-03,ORD-2024-001233,P03190,T12,PD012,Toko,1,1500000,0.0,
2024-05-03,ORD-2024-001284,P03189,T04,LM022,Marketplace,1,8900000,7.9,160000
2024-05-03,ORD-2024-001299,P02594,T13,PD006,Online,1,970000,12.3,310000
2024-05-04,ORD-2024-001072,P00623,T11,DK022,Toko,1,550000,7.1,
2024-05-04,ORD-2024-001072,P00623,T11,MJ037,Toko,4,3320000,0.0,
2024-05-04,ORD-2024-001075,P01872,T01,LM012,Toko,1,7130000,11.1,390000
2024-05-04,ORD-2024-001139,P02787,T05,SF021,Marketplace,2,9200000,8.4,190000
2024-05-04,ORD-2024-001175,P02117,T03,PD018,Marketplace,2,530000,12.0,260000
2024-05-04,ORD-2024-001175,P02117,T03,PD007,Marketplace,1,770000,8.4,140000
2024-05-04,ORD-2024-001187,P00742,T03,MJ015,Toko,1,2920000,0.0,
2024-05-04,ORD-2024-001193,,T02,PD025,Toko,4,1100000,10.7,
2024-05-04,ORD-2024-001196,P00099,T02,KR002,Toko,2,1500000,0.0,
2024-05-04,ORD-2024-001211,P01157,T06,SF010,Toko,2,18330000,19.5,410000
2024-05-04,ORD-2024-001242,P01190,T13,PC017,Online,1,1720000,8.4,590000
2024-05-04,ORD-2024-001245,P00742,T09,LM015,Toko,1,3180000,5.3,
2024-05-04,ORD-2024-001297,P01248,T01,DK024,Marketplace,1,930000,12.9,450000
2024-05-04,ORD-2024-001334,P01771,T12,PD016,Toko,1,1080000,0.0,
2024-05-05,ORD-2024-001061,P01227,T04,MJ045,Marketplace,1,2740000,17.2,300000
2024-05-05,ORD-2024-001061,P01227,T04,DK036,Marketplace,1,510000,12.7,140000
2024-05-05,ORD-2024-001061,P01227,T04,KR035,Marketplace,1,1760000,0.0,410000
2024-05-05,ORD-2024-001068,P00127,T11,PC032,Toko,2,470000,13.6,
2024-05-05,ORD-2024-001091,P02852,T03,PD019,Marketplace,1,1260000,9.2,110000
2024-05-05,ORD-2024-001094,P00636,T01,MJ043,Toko,2,4010000,12.2,
2024-05-05,ORD-2024-001104,P00394,T13,MJ001,Online,1,2940000,19.0,60000
2024-05-05,ORD-2024-001118,P00606,T13,DK023,Online,1,770000,0.0,590000
2024-05-05,ORD-2024-001144,P01767,T13,LM022,Online,1,8900000,7.6,190000
2024-05-05,ORD-2024-001159,P01615,T09,DK007,Toko,1,900000,18.0,
2024-05-05,ORD-2024-001263,P03437,T10,PD022,Toko,1,520000,11.4,
2024-05-05,ORD-2024-001280,P02903,T09,DK036,Marketplace,1,510000,13.7,140000
2024-05-05,ORD-2024-001316,P00941,T07,KR034,Marketplace,1,2350000,0.0,120000
2024-05-05,ORD-2024-001318,P02928,T13,MJ016,Online,1,7350000,11.9,550000
2024-05-05,ORD-2024-001318,P02928,T13,KR009,Online,1,3260000,8.5,230000
2024-05-05,ORD-2024-001333,P01418,T06,PC028,Marketplace,1,2190000,14.5,130000
2024-05-06,ORD-2024-001099,P02527,T01,PC018,Toko,1,1420000,10.7,
2024-05-06,ORD-2024-001122,P01874,T13,DK020,Online,1,690000,10.6,240000
2024-05-06,ORD-2024-001156,P00123,T13,KR028,Online,1,1780000,13.5,360000
2024-05-06,ORD-2024-001160,,T07,DK022,Toko,1,550000,6.5,
2024-05-06,ORD-2024-001183,P03452,T03,DK005,Marketplace,1,430000,3.4,90000
2024-05-06,ORD-2024-001198,P00913,T12,LM023,Toko,1,8770000,9.5,
2024-05-06,ORD-2024-001204,P01514,T08,SF004,Marketplace,2,7400000,9.7,300000
2024-05-06,ORD-2024-001204,P01514,T08,SF005,Marketplace,2,13820000,14.6,530000
2024-05-06,ORD-2024-001207,P02514,T09,DK032,Toko,1,340000,12.8,
2024-05-06,ORD-2024-001215,P02841,T10,PD007,Toko,1,770000,11.5,
2024-05-06,ORD-2024-001221,P02008,T01,PC003,Toko,2,1200000,13.9,
2024-05-06,ORD-2024-001228,P02953,T08,MJ003,Toko,1,2060000,11.3,
2024-05-06,ORD-2024-001244,P01751,T13,KR007,Online,2,1690000,17.7,530000
2024-05-06,ORD-2024-001285,P02465,T09,DK043,Toko,1,760000,13.0,
2024-05-07,ORD-2024-001059,P00481,T13,KR003,Online,3,1440000,17.5,290000
2024-05-07,ORD-2024-001070,P00448,T11,LM012,Toko,1,7130000,11.1,220000
2024-05-07,ORD-2024-001098,P01153,T09,MJ015,Marketplace,2,2920000,12.2,430000
2024-05-07,ORD-2024-001106,P01567,T13,DK024,Online,1,930000,9.5,550000
2024-05-07,ORD-2024-001131,P00918,T03,KR035,Toko,1,1760000,11.6,
2024-05-07,ORD-2024-001194,P00884,T13,PD006,Online,2,970000,10.5,70000
2024-05-07,ORD-2024-001200,P00666,T03,KR011,Marketplace,1,1570000,13.9,80000
2024-05-07,ORD-2024-001235,P02610,T13,PC009,Online,3,1490000,9.2,500000
2024-05-07,ORD-2024-001235,P02610,T13,MJ038,Online,3,5030000,0.0,180000
2024-05-07,ORD-2024-001251,P00311,T13,DK033,Online,1,220000,20.5,210000
2024-05-07,ORD-2024-001271,P02764,T08,LM019,Marketplace,1,5540000,14.1,190000
2024-05-07,ORD-2024-001292,P02698,T06,MJ005,Toko,1,4030000,13.0,
2024-05-07,ORD-2024-001296,P02420,T13,LM002,Online,1,5960000,0.0,410000
2024-05-07,ORD-2024-001300,P02532,T13,KR002,Online,1,1500000,11.7,100000
2024-05-07,ORD-2024-001331,P00824,T09,LM023,Toko,2,8770000,13.1,
2024-05-07,ORD-2024-001344,P00342,T10,KR010,Marketplace,1,1900000,0.0,580000
2024-05-08,ORD-2024-001073,P02283,T13,PC018,Online,1,1420000,0.0,100000
2024-05-08,ORD-2024-001074,P02627,T13,PD022,Online,1,520000,14.1,180000
2024-05-08,ORD-2024-001102,P01980,T13,DK033,Online,1,220000,6.8,340000
2024-05-08,ORD-2024-001103,P00898,T13,KR040,Online,1,2380000,17.8,300000
2024-05-08,ORD-2024-001130,P03080,T03,KR044,Toko,1,2280000,19.1,
2024-05-08,ORD-2024-001148,P01271,T11,PC020,Toko,1,2530000,8.4,
2024-05-08,ORD-2024-001153,P01875,T09,SF020,Toko,1,9700000,12.5,
2024-05-08,ORD-2024-001239,P03398,T13,DK020,Online,1,690000,13.2,210000
2024-05-08,ORD-2024-001249,P01335,T13,PD002,Online,1,1150000,14.4,250000
2024-05-08,ORD-2024-001288,P00747,T13,DK001,Online,1,530000,0.0,80000
2024-05-08,ORD-2024-001317,P02933,T13,KR044,Online,1,2280000,13.8,570000
2024-05-08,ORD-2024-001327,P03442,T13,SF019,Online,1,8050000,12.4,210000
2024-05-09,ORD-2024-001107,P00298,T13,LM016,Online,1,16110000,9.8,
2024-05-09,ORD-2024-001113,P02485,T01,PD005,Marketplace,1,390000,13.9,70000
2024-05-09,ORD-2024-001115,P02262,T09,PD022,Toko,4,520000,14.9,
2024-05-09,ORD-2024-001115,P02262,T09,LM032,Toko,2,4960000,13.0,
2024-05-09,ORD-2024-001115,P02262,T09,PC031,Toko,1,1660000,17.9,
2024-05-09,ORD-2024-001136,P01001,T13,DK024,Online,1,930000,5.8,270000
2024-05-09,ORD-2024-001171,P02439,T01,MJ009,Toko,1,2670000,14.5,
2024-05-09,ORD-2024-001180,P02041,T13,PC001,Online,2,1430000,13.6,470000
2024-05-09,ORD-2024-001201,P00812,T13,PD010,Online,2,450000,0.0,90000
2024-05-09,ORD-2024-001201,P00812,T13,KS028,Online,3,7780000,14.6,570000
2024-05-09,ORD-2024-001212,,T12,PC014,Toko,2,1800000,8.7,
2024-05-09,ORD-2024-001227,P01302,T07,DK001,Toko,2,530000,16.2,
2024-05-09,ORD-2024-001270,P03306,T02,PC007,Toko,2,1510000,14.2,
2024-05-09,ORD-2024-001276,P01717,T04,PD008,Marketplace,1,970000,8.5,310000
2024-05-09,ORD-2024-001321,P01164,T09,PD005,Toko,1,390000,18.2,260000
2024-05-09,ORD-2024-001321,P01164,T09,LM003,Toko,1,5440000,15.3,
2024-05-10,ORD-2024-001060,P00515,T02,KS015,Toko,4,7280000,0.0,
2024-05-10,ORD-2024-001065,P00827,T13,DK034,Online,3,830000,7.7,410000
2024-05-10,ORD-2024-001076,P02555,T13,DK037,Online,3,540000,14.1,320000
2024-05-10,ORD-2024-001120,P02975,T13,LM018,Online,3,22510000,13.9,350000
2024-05-10,ORD-2024-001125,P02982,T03,PD022,Toko,2,520000,6.5,
2024-05-10,ORD-2024-001149,P01394,T08,MJ045,Marketplace,2,2740000,15.0,190000
2024-05-10,ORD-2024-001151,P02533,T11,MJ025,Marketplace,1,5470000,20.5,560000
2024-05-10,ORD-2024-001151,P02533,T11,PD009,Marketplace,4,840000,10.5,410000
2024-05-10,ORD-2024-001165,P02269,T11,DK025,Toko,3,660000,10.1,
2024-05-10,ORD-2024-001167,P02643,T06,KR004,Toko,1,1790000,8.2,
2024-05-10,ORD-2024-001182,P02976,T13,PC027,Online,1,3210000,10.3,100000
2024-05-10,ORD-2024-001210,P01644,T07,LM015,Marketplace,1,3180000,7.8,180000
2024-05-10,ORD-2024-001217,P00921,T05,PC006,Toko,2,1850000,8.8,
2024-05-10,ORD-2024-001226,P01378,T08,LM009,Marketplace,1,2210000,0.0,500000
2024-05-10,ORD-2024-001238,P02174,T06,PD015,Toko,1,750000,22.5,
2024-05-10,ORD-2024-001238,P02174,T06,MJ045,Toko,1,2740000,15.1,
2024-05-10,ORD-2024-001252,P00075,T13,MJ035,Online,1,5190000,16.2,110000
2024-05-10,ORD-2024-001256,P01423,T11,MJ041,Toko,1,2240000,16.3,
2024-05-11,ORD-2024-001114,P02749,T03,SF008,Toko,1,13020000,10.5,
2024-05-11,ORD-2024-001150,P01833,T05,MJ019,Toko,1,6140000,11.9,150000
2024-05-11,ORD-2024-001168,P00629,T02,MJ002,Marketplace,1,3330000,4.6,390000
2024-05-11,ORD-2024-001179,P00156,T04,LM025,Toko,1,9570000,15.3,
2024-05-11,ORD-2024-001179,P00156,T04,DK014,Toko,1,890000,16.0,
2024-05-11,ORD-2024-001190,P02736,T05,MJ005,Toko,1,4030000,10.9,
2024-05-11,ORD-2024-001197,P02570,T04,MJ017,Marketplace,2,3280000,13.4,
2024-05-11,ORD-2024-001199,P01384,T08,SF038,Marketplace,3,6260000,16.3,480000
2024-05-11,ORD-2024-001206,P02208,T13,MJ014,Online,1,4970000,11.8,270000
2024-05-11,ORD-2024-001274,P00712,T13,KR025,Online,2,3670000,24.6,220000
2024-05-12,ORD-2024-001079,P02123,T13,PC015,Online,2,1320000,6.7,280000
2024-05-12,ORD-2024-001079,P02123,T13,DK041,Online,1,2550000,10.1,270000
2024-05-12,ORD-2024-001161,P03038,T01,KR028,Toko,1,1780000,12.9,
2024-05-12,ORD-2024-001161,P03038,T01,KS009,Toko,1,11180000,14.5,
2024-05-12,ORD-2024-001166,P00886,T09,SF030,Toko,1,5980000,17.6,
2024-05-12,ORD-2024-001219,P03378,T10,PC004,Marketplace,1,1660000,17.9,530000
2024-05-12,ORD-2024-001329,P01814,T09,DK042,Toko,1,1280000,11.5,
2024-05-13,ORD-2024-001069,P00011,T01,MJ004,Marketplace,1,3430000,10.9,80000
2024-05-13,ORD-2024-001084,P01362,T13,KR003,Online,1,1440000,0.0,550000
2024-05-13,ORD-2024-001093,P02295,T13,PD005,Online,2,390000,10.9,350000
2024-05-13,ORD-2024-001105,P01976,T05,DK043,Marketplace,1,760000,17.4,400000
2024-05-13,ORD-2024-001126,P00642,T07,DK028,Marketplace,1,730000,13.5,80000
2024-05-13,ORD-2024-001143,P01544,T04,LM004,Marketplace,4,4320000,9.3,480000
2024-05-13,ORD-2024-001192,P00539,T13,SF011,Online,1,4580000,14.7,270000
2024-05-13,ORD-2024-001213,P02077,T04,MJ021,Marketplace,1,2560000,13.3,490000
2024-05-13,ORD-2024-001259,P02983,T01,KS006,Toko,1,8770000,18.6,
2024-05-13,ORD-2024-001267,P03396,T06,KS017,Toko,1,15120000,18.0,
2024-05-13,ORD-2024-001267,P03396,T06,LM020,Toko,1,8740000,8.2,
2024-05-13,ORD-2024-001268,P00811,T13,KR019,Online,1,2530000,7.9,580000
2024-05-13,ORD-2024-001279,P02077,T01,SF012,Marketplace,2,7980000,10.7,340000
2024-05-13,ORD-2024-001291,P02715,T06,PD004,Toko,1,1050000,18.4,
2024-05-13,ORD-2024-001310,P03202,T08,LM039,Toko,1,7740000,11.8,140000
2024-05-14,ORD-2024-001090,P00018,T13,MJ037,Online,1,3320000,5.8,250000
2024-05-14,ORD-2024-001108,P00048,T04,SF005,Toko,1,13820000,8.9,
2024-05-14,ORD-2024-001152,P03375,T01,MJ026,Toko,1,3480000,14.7,
2024-05-14,ORD-2024-001181,P01102,T04,DK017,Toko,1,1740000,0.0,
2024-05-14,ORD-2024-001311,P02462,T02,DK023,Toko,1,770000,13.4,
2024-05-14,ORD-2024-001311,P02462,T02,SF041,Toko,1,7920000,15.9,
2024-05-14,ORD-2024-001323,P03149,T02,DK022,Toko,2,550000,21.1,410000
2024-05-14,ORD-2024-001324,P01674,T13,LM031,Online,1,6490000,22.6,250000
2024-05-15,ORD-2024-001077,P02957,T10,KR042,Toko,2,1850000,10.6,
2024-05-15,ORD-2024-001096,P02938,T02,DK032,Marketplace,2,340000,14.9,150000
2024-05-15,ORD-2024-001184,P01015,T13,KR028,Online,2,1780000,0.0,590000
2024-05-15,ORD-2024-001273,P00931,T13,KR010,Online,1,1900000,14.3,490000
2024-05-15,ORD-2024-001302,P02243,T13,PC004,Online,1,1660000,0.0,410000
2024-05-15,ORD-2024-001315,P02152,T13,PC010,Online,1,1240000,10.9,140000
2024-05-16,ORD-2024-001066,P02880,T01,PC024,Toko,1,850000,12.8,
2024-05-16,ORD-2024-001097,P00274,T08,DK043,Marketplace,1,760000,0.0,
2024-05-16,ORD-2024-001127,P03278,T13,KR031,Online,3,2350000,11.5,230000
2024-05-16,ORD-2024-001132,P02831,T11,DK029,Marketplace,1,500000,18.1,90000
2024-05-16,ORD-2024-001173,P00076,T13,DK010,Online,1,690000,11.2,
2024-05-16,ORD-2024-001224,P00861,T13,LM010,Online,3,7760000,12.2,340000
2024-05-16,ORD-2024-001264,P03382,T01,SF004,Toko,1,7400000,11.3,
2024-05-16,ORD-2024-001286,P03353,T13,PD018,Online,1,530000,12.6,210000
2024-05-17,ORD-2024-001078,P01940,T04,MJ023,Marketplace,2,8100000,0.0,370000
2024-05-17,ORD-2024-001112,P03282,T07,PC005,Toko,1,660000,10.4,
2024-05-17,ORD-2024-001121,P01829,T03,KR024,Toko,2,3000000,13.1,
2024-05-17,ORD-2024-001124,P00564,T13,PD007,Online,2,770000,12.4,130000
2024-05-17,ORD-2024-001124,P00564,T13,SF013,Online,1,16570000,15.2,200000
2024-05-17,ORD-2024-001137,P02788,T13,DK030,Online,1,930000,9.5,250000
2024-05-17,ORD-2024-001209,P02640,T13,SF002,Online,3,5950000,8.5,530000
2024-05-17,ORD-2024-001218,P00747,T13,PD005,Online,1,390000,6.3,140000
2024-05-17,ORD-2024-001231,P02742,T13,MJ035,Online,1,5190000,16.4,580000
2024-05-17,ORD-2024-001241,P01152,T13,DK044,Online,1,1380000,17.8,440000
2024-05-17,ORD-2024-001247,P01926,T12,SF015,Toko,1,6690000,5.2,
2024-05-17,ORD-2024-001257,P01398,T04,PD020,Toko,4,920000,7.8,
2024-05-17,ORD-2024-001272,P02250,T13,DK009,Online,1,990000,0.0,370000
2024-05-17,ORD-2024-001336,P02894,T01,DK014,Toko,1,890000,16.3,
2024-05-18,ORD-2024-001141,P03225,T03,DK027,Toko,2,630000,18.8,
2024-05-18,ORD-2024-001220,P00016,T13,DK011,Online,1,2070000,14.2,80000
2024-05-18,ORD-2024-001220,P00016,T13,LM007,Online,1,4350000,15.6,310000
2024-05-18,ORD-2024-001230,P00404,T10,LM023,Marketplace,1,8770000,22.5,160000
2024-05-18,ORD-2024-001260,P01714,T08,KS002,Toko,1,6150000,0.0,
2024-05-18,ORD-2024-001261,P02274,T10,PC008,Toko,1,1830000,0.0,
2024-05-18,ORD-2024-001325,P03033,T02,LM025,Marketplace,1,9570000,22.7,320000
2024-05-18,ORD-2024-001339,P00440,T01,DK022,Toko,2,550000,16.5,
2024-05-19,ORD-2024-001058,P03288,T13,PC005,Online,1,660000,7.5,
2024-05-19,ORD-2024-001248,P02555,T07,KR025,Toko,1,3670000,6.7,
2024-05-19,ORD-2024-001303,P00114,T11,PC018,Marketplace,1,1420000,13.9,210000
2024-05-19,ORD-2024-001305,P01285,T13,LM035,Online,1,11500000,4.2,140000
2024-05-19,ORD-2024-001320,P02838,T10,KR031,Marketplace,1,2350000,15.7,360000
2024-05-19,ORD-2024-001320,P02838,T10,KR046,Marketplace,1,1210000,15.8,70000
2024-05-20,ORD-2024-001062,P00381,T07,PD014,Toko,2,1590000,13.7,
2024-05-20,ORD-2024-001162,P00084,T06,DK040,Toko,1,1260000,10.5,
2024-05-20,ORD-2024-001275,P03289,T01,DK023,Marketplace,1,770000,19.1,380000
2024-05-20,ORD-2024-001275,P03289,T01,KR012,Marketplace,4,2460000,10.6,330000
2024-05-20,ORD-2024-001283,P02684,T04,PC030,Marketplace,1,1220000,4.0,500000
2024-05-20,ORD-2024-001308,P01295,T07,KS020,Toko,2,17920000,21.4,
2024-05-20,ORD-2024-001326,P02223,T05,KR038,Toko,1,2240000,11.9,
2024-05-20,ORD-2024-001342,P01159,T12,DK019,Toko,1,860000,11.3,
2024-05-21,ORD-2024-001123,P01974,T01,KR016,Toko,2,3780000,13.7,
2024-05-21,ORD-2024-001138,P03455,T06,PC032,Marketplace,1,470000,11.3,160000
2024-05-21,ORD-2024-001138,P03455,T06,PD022,Marketplace,1,520000,0.0,460000
2024-05-21,ORD-2024-001145,P01993,T13,DK002,Online,2,490000,0.0,570000
2024-05-21,ORD-2024-001281,P02610,T13,KS013,Online,1,10990000,4.8,590000
2024-05-22,ORD-2024-001087,P02781,T11,PD022,Toko,3,520000,0.0,
2024-05-22,ORD-2024-001170,P02592,T06,DK038,Marketplace,2,530000,17.4,310000
2024-05-22,ORD-2024-001278,P00192,T13,LM037,Online,1,3800000,6.4,190000
2024-05-22,ORD-2024-001289,P00902,T13,LM014,Online,2,4520000,11.8,340000
2024-05-22,ORD-2024-001301,P02850,T13,PC028,Online,1,2190000,10.9,180000
2024-05-22,ORD-2024-001312,P01710,T06,DK002,Toko,1,490000,14.6,
2024-05-22,ORD-2024-001319,P01670,T13,PD018,Online,2,530000,15.3,500000
2024-05-22,ORD-2024-001319,P01670,T13,PD023,Online,1,1090000,6.2,320000
2024-05-22,ORD-2024-001335,P02610,T13,LM033,Online,1,6100000,8.6,450000
2024-05-23,ORD-2024-001128,P00025,T13,MJ024,Online,2,3010000,8.5,150000
2024-05-23,ORD-2024-001154,P00525,T03,MJ044,Toko,1,6150000,17.0,160000
2024-05-23,ORD-2024-001158,P01135,T13,DK035,Online,1,400000,14.8,330000
2024-05-23,ORD-2024-001223,P01203,T13,DK009,Online,1,990000,7.5,240000
2024-05-23,ORD-2024-001298,,T10,PD005,Toko,1,390000,10.7,
2024-05-23,ORD-2024-001328,P03476,T13,KR024,Online,2,3000000,13.6,180000
2024-05-24,ORD-2024-001110,P01579,T13,DK038,Online,1,530000,22.7,510000
2024-05-24,ORD-2024-001117,P02758,T01,DK035,Toko,1,400000,11.2,
2024-05-24,ORD-2024-001157,P00013,T13,PC009,Online,1,1490000,0.0,170000
2024-05-24,ORD-2024-001169,P01820,T13,MJ041,Online,1,2240000,0.0,390000
2024-05-24,ORD-2024-001176,P02811,T02,DK028,Toko,1,730000,12.5,
2024-05-24,ORD-2024-001205,P03292,T11,DK005,Toko,1,430000,13.0,
2024-05-24,ORD-2024-001222,P01032,T13,KR015,Online,1,2050000,10.7,310000
2024-05-24,ORD-2024-001246,P01808,T12,PD011,Toko,2,750000,13.9,
2024-05-24,ORD-2024-001258,P00505,T13,DK032,Online,1,340000,9.6,320000
2024-05-24,ORD-2024-001337,P01130,T13,KS014,Online,2,6440000,0.0,570000
2024-05-25,ORD-2024-001081,P01059,T13,DK001,Online,1,530000,0.0,200000
2024-05-25,ORD-2024-001092,P03037,T04,MJ024,Toko,1,3010000,3.9,
2024-05-25,ORD-2024-001092,P03037,T04,KR004,Toko,1,1790000,8.2,
2024-05-25,ORD-2024-001092,P03037,T04,KR008,Toko,1,2800000,4.8,
2024-05-25,ORD-2024-001119,P02326,T13,KS006,Online,1,8770000,0.0,500000
2024-05-25,ORD-2024-001129,P01849,T13,MJ022,Online,2,4090000,12.9,430000
2024-05-25,ORD-2024-001202,P00938,T07,MJ002,Toko,1,3330000,13.1,
2024-05-25,ORD-2024-001202,P00938,T07,PC026,Toko,1,860000,25.0,
2024-05-25,ORD-2024-001202,P00938,T07,MJ024,Toko,1,3010000,13.3,80000
2024-05-25,ORD-2024-001293,P00081,T12,LM008,Toko,1,5080000,8.0,
2024-05-25,ORD-2024-001307,P00482,T07,SF021,Toko,4,9200000,4.6,
2024-05-25,ORD-2024-001322,P02078,T01,KR004,Toko,1,1790000,0.0,
2024-05-25,ORD-2024-001343,P00046,T13,PC021,Online,2,4550000,17.9,
2024-05-26,ORD-2024-001064,P02632,T13,KR004,Online,1,1790000,9.1,530000
2024-05-26,ORD-2024-001082,P03169,T05,DK016,Toko,2,730000,15.8,
2024-05-26,ORD-2024-001089,P01475,T13,SF007,Online,2,10370000,12.3,250000
2024-05-26,ORD-2024-001089,P01475,T13,KR005,Online,2,3610000,17.7,60000
2024-05-26,ORD-2024-001089,P01475,T13,KR001,Online,2,3260000,13.3,
2024-05-26,ORD-2024-001109,P01896,T09,MJ023,Toko,1,8100000,15.2,
2024-05-26,ORD-2024-001134,P00711,T12,SF031,Toko,1,3420000,0.0,
2024-05-26,ORD-2024-001147,P00206,T13,SF009,Online,1,11780000,26.8,490000
2024-05-26,ORD-2024-001174,P03071,T05,MJ003,Toko,1,2060000,8.4,
2024-05-26,ORD-2024-001185,P02674,T13,KR046,Online,2,1210000,14.7,490000
2024-05-26,ORD-2024-001185,P02674,T13,PD008,Online,2,970000,18.3,510000
2024-05-26,ORD-2024-001189,P02103,T04,DK036,Toko,3,510000,0.0,
2024-05-26,ORD-2024-001195,P03098,T13,PD026,Online,1,520000,10.3,260000
2024-05-26,ORD-2024-001203,P00589,T01,SF010,Toko,2,18330000,22.5,
2024-05-26,ORD-2024-001234,P01891,T13,KS034,Online,1,6400000,8.8,120000
2024-05-26,ORD-2024-001250,P02052,T13,DK011,Online,2,2070000,13.8,50000
2024-05-27,ORD-2024-001083,P01128,T13,DK028,Online,3,730000,7.9,590000
2024-05-27,ORD-2024-001083,P01128,T13,LM009,Online,1,2210000,14.1,330000
2024-05-27,ORD-2024-001133,P00262,T13,PD007,Online,1,770000,0.0,360000
2024-05-27,ORD-2024-001243,P00210,T03,DK023,Marketplace,3,770000,0.0,300000
2024-05-27,ORD-2024-001265,,T05,PC024,Toko,2,850000,4.7,
2024-05-27,ORD-2024-001341,P00209,T13,PD021,Online,1,660000,12.0,420000
2024-05-28,ORD-2024-001071,P02440,T04,PC010,Toko,1,1240000,12.2,
2024-05-28,ORD-2024-001086,P02015,T01,LM028,Toko,3,6300000,16.8,
2024-05-28,ORD-2024-001088,P00342,T13,LM001,Online,1,6680000,11.0,520000
2024-05-28,ORD-2024-001095,P01614,T13,DK034,Online,1,830000,18.1,530000
2024-05-28,ORD-2024-001178,,T01,DK032,Toko,2,340000,12.3,
2024-05-28,ORD-2024-001208,P00240,T03,MJ005,Toko,2,4030000,19.4,440000
2024-05-28,ORD-2024-001208,P00240,T03,LM008,Toko,1,5080000,10.8,
2024-05-28,ORD-2024-001208,P00240,T03,DK005,Toko,1,430000,0.0,
2024-05-28,ORD-2024-001214,P00222,T13,PC015,Online,1,1320000,7.5,490000
2024-05-28,ORD-2024-001254,P02247,T09,KR005,Toko,1,3610000,11.8,
2024-05-28,ORD-2024-001254,P02247,T09,PD026,Toko,1,520000,10.8,
2024-05-28,ORD-2024-001269,P01906,T13,KS018,Online,1,7410000,16.8,240000
2024-05-29,ORD-2024-001080,P03403,T13,PD019,Online,1,1260000,5.8,450000
2024-05-29,ORD-2024-001172,P02466,T13,KS021,Online,1,8510000,10.8,390000
2024-05-29,ORD-2024-001229,,T01,PC010,Toko,1,1240000,9.2,
2024-05-29,ORD-2024-001240,P02099,T09,MJ009,Toko,1,2670000,0.0,
2024-05-29,ORD-2024-001294,P03422,T08,DK019,Toko,1,860000,11.4,
2024-05-29,ORD-2024-001332,P02650,T13,PD023,Online,1,1090000,7.0,260000
2024-05-30,ORD-2024-001063,P03284,T02,PD018,Toko,2,530000,14.0,
2024-05-30,ORD-2024-001100,P00312,T04,LM038,Marketplace,1,5010000,15.8,110000
2024-05-30,ORD-2024-001135,P02714,T07,DK019,Toko,1,860000,7.4,
2024-05-30,ORD-2024-001135,P02714,T07,PD016,Toko,1,1080000,9.1,
2024-05-30,ORD-2024-001140,P01987,T05,PC017,Marketplace,1,1720000,0.0,180000
2024-05-30,ORD-2024-001142,P02215,T09,KR020,Toko,1,1970000,4.3,
2024-05-30,ORD-2024-001232,P01393,T02,DK028,Marketplace,2,730000,6.4,220000
2024-05-30,ORD-2024-001236,P01202,T13,SF007,Online,2,10370000,20.4,530000
2024-05-30,ORD-2024-001253,P01326,T13,MJ014,Online,1,4970000,7.0,210000
2024-05-30,ORD-2024-001255,P00811,T13,PC013,Online,1,1410000,19.0,520000
2024-05-30,ORD-2024-001287,P00714,T13,KS018,Online,1,7410000,17.3,290000
2024-05-30,ORD-2024-001313,P02538,T13,LM029,Online,1,8480000,0.0,400000
2024-05-31,ORD-2024-001067,P02536,T08,MJ042,Toko,2,10940000,5.7,
2024-05-31,ORD-2024-001067,P02536,T08,PD024,Toko,1,1130000,0.0,
2024-05-31,ORD-2024-001085,P01516,T03,MJ010,Toko,2,3850000,8.6,410000
2024-05-31,ORD-2024-001146,P02782,T09,LM013,Toko,1,3180000,13.2,
2024-05-31,ORD-2024-001146,P02782,T09,SF001,Toko,1,7750000,15.9,
2024-05-31,ORD-2024-001164,P00531,T13,PD002,Online,1,1150000,14.7,570000
2024-05-31,ORD-2024-001282,P00819,T13,DK026,Online,1,1170000,0.0,570000
2024-05-31,ORD-2024-001290,P02162,T13,DK003,Online,1,420000,11.4,120000
2024-05-31,ORD-2024-001309,P02873,T13,DK004,Online,1,1240000,0.0,50000
2024-05-31,ORD-2024-001314,P00090,T13,DK007,Online,1,900000,0.0,140000
2024-05-31,ORD-2024-001345,,T05,SF015,Toko,1,6690000,9.3,
2024-05-31,ORD-2024-001345,,T05,PD019,Toko,1,1260000,0.0,
2024-05-31,ORD-2024-001345,,T05,KR007,Toko,1,1690000,8.2,
2024-06-01,ORD-2024-001350,P00923,T12,KS032,Toko,1,9280000,1.3,280000
2024-06-01,ORD-2024-001357,P00054,T01,LM012,Toko,1,7130000,14.4,
2024-06-01,ORD-2024-001489,P02597,T03,KR033,Toko,3,3030000,0.0,
2024-06-01,ORD-2024-001537,P02154,T04,KR024,Marketplace,2,3000000,15.9,250000
2024-06-01,ORD-2024-001604,P00475,T13,LM031,Online,1,6490000,10.9,200000
2024-06-01,ORD-2024-001616,P03036,T06,PC019,Toko,1,1840000,19.5,340000
2024-06-01,ORD-2024-001616,P03036,T06,DK029,Toko,1,500000,11.5,170000
2024-06-01,ORD-2024-001617,P00507,T13,PD009,Online,1,840000,9.7,70000
2024-06-01,ORD-2024-001617,P00507,T13,SF020,Online,1,9700000,7.9,160000
2024-06-01,ORD-2024-001620,P02404,T13,KR010,Online,1,1900000,5.8,170000
2024-06-02,ORD-2024-001375,P00216,T06,KR013,Toko,1,3330000,9.2,
2024-06-02,ORD-2024-001406,P00431,T13,MJ001,Online,1,2940000,0.0,180000
2024-06-02,ORD-2024-001426,P02870,T03,LM009,Toko,1,2210000,9.5,
2024-06-02,ORD-2024-001463,P03240,T13,PC002,Online,1,1740000,7.7,80000
2024-06-02,ORD-2024-001505,P02482,T13,DK003,Online,1,420000,13.7,300000
2024-06-02,ORD-2024-001560,P03383,T12,KR022,Toko,2,2200000,0.0,
2024-06-03,ORD-2024-001456,P01382,T01,MJ025,Toko,3,5470000,13.6,
2024-06-03,ORD-2024-001470,P01422,T09,MJ037,Toko,1,3320000,1.9,
2024-06-03,ORD-2024-001503,P01966,T01,KR005,Toko,2,3610000,4.0,
2024-06-03,ORD-2024-001503,P01966,T01,PC014,Toko,1,1800000,12.6,
2024-06-03,ORD-2024-001542,P02453,T01,KS019,Toko,1,7170000,7.4,
2024-06-03,ORD-2024-001567,P01696,T09,LM018,Marketplace,1,22510000,14.6,
2024-06-03,ORD-2024-001567,P01696,T09,KR017,Marketplace,1,4540000,13.6,280000
2024-06-03,ORD-2024-001567,P01696,T09,PC003,Marketplace,1,1200000,8.5,380000
2024-06-03,ORD-2024-001567,P01696,T09,PC026,Marketplace,1,860000,12.5,550000
2024-06-03,ORD-2024-001583,P02779,T04,KR043,Toko,2,5270000,0.0,
2024-06-03,ORD-2024-001583,P02779,T04,PC008,Toko,1,1830000,0.0,
2024-06-03,ORD-2024-001619,P00912,T13,KS006,Online,1,8770000,0.0,210000
2024-06-03,ORD-2024-001619,P00912,T13,PC026,Online,1,860000,18.5,400000
2024-06-04,ORD-2024-001376,P00435,T13,KR042,Online,1,1850000,13.8,570000
2024-06-04,ORD-2024-001376,P00435,T13,KR003,Online,1,1440000,0.0,140000
2024-06-04,ORD-2024-001443,P01148,T13,DK031,Online,2,800000,10.7,190000
2024-06-04,ORD-2024-001443,P01148,T13,DK036,Online,1,510000,10.6,60000
2024-06-04,ORD-2024-001443,P01148,T13,MJ023,Online,1,8100000,8.2,60000
2024-06-04,ORD-2024-001460,,T06,DK002,Toko,2,490000,7.5,
2024-06-04,ORD-2024-001460,,T06,KR024,Toko,1,3000000,14.7,
2024-06-04,ORD-2024-001460,,T06,PC025,Toko,1,1800000,18.4,
2024-06-04,ORD-2024-001471,P01204,T13,KR008,Online,1,2800000,13.2,130000
2024-06-04,ORD-2024-001481,P01719,T02,DK035,Marketplace,1,400000,13.4,60000
2024-06-04,ORD-2024-001486,P01767,T11,KR026,Marketplace,4,2860000,0.0,160000
2024-06-04,ORD-2024-001498,P00867,T10,DK026,Toko,1,1170000,12.2,
2024-06-04,ORD-2024-001511,P02910,T13,DK033,Online,1,220000,0.0,450000
2024-06-04,ORD-2024-001578,P02439,T13,PC018,Online,1,1420000,16.4,500000
2024-06-04,ORD-2024-001581,P01790,T09,KR040,Marketplace,1,2380000,8.4,320000
2024-06-04,ORD-2024-001581,P01790,T09,PD001,Marketplace,2,1710000,9.3,240000
2024-06-04,ORD-2024-001581,P01790,T09,PC032,Marketplace,1,470000,8.6,160000
2024-06-04,ORD-2024-001607,P00892,T13,LM010,Online,1,7760000,7.4,130000
2024-06-04,ORD-2024-001607,P00892,T13,MJ011,Online,1,6920000,16.8,460000
2024-06-04,ORD-2024-001621,P01391,T05,MJ028,Toko,1,10280000,10.0,
2024-06-05,ORD-2024-001379,P01464,T09,DK028,Toko,1,730000,8.2,
2024-06-05,ORD-2024-001379,P01464,T09,DK020,Toko,1,690000,11.7,
2024-06-05,ORD-2024-001435,P01351,T13,LM004,Online,1,4320000,15.4,70000
2024-06-05,ORD-2024-001448,P02022,T01,PC019,Toko,2,1840000,14.2,
2024-06-05,ORD-2024-001480,P02633,T13,PD005,Online,1,390000,9.7,570000
2024-06-05,ORD-2024-001495,P00105,T13,DK035,Online,1,400000,14.8,90000
2024-06-05,ORD-2024-001532,P03168,T12,MJ006,Toko,2,4050000,9.5,90000
2024-06-05,ORD-2024-001595,P02454,T13,PC020,Online,1,2530000,2.6,350000
2024-06-05,ORD-2024-001602,P02411,T12,PC024,Toko,1,850000,15.2,
2024-06-05,ORD-2024-001605,P00113,T02,DK031,Marketplace,1,800000,0.0,480000
2024-06-05,ORD-2024-001624,P00334,T13,DK024,Online,1,930000,0.0,330000
2024-06-05,ORD-2024-001626,P01656,T10,PD007,Toko,1,770000,10.6,
2024-06-05,ORD-2024-001626,P01656,T10,PD020,Toko,2,920000,4.0,
2024-06-06,ORD-2024-001373,P03424,T04,SF002,Toko,1,5950000,17.0,
2024-06-06,ORD-2024-001392,P01832,T10,LM034,Marketplace,1,5930000,10.8,530000
2024-06-06,ORD-2024-001411,P00468,T13,MJ004,Online,1,3430000,10.3,70000
2024-06-06,ORD-2024-001468,P00264,T13,DK034,Online,1,830000,0.0,570000
2024-06-06,ORD-2024-001502,P00489,T09,PD006,Toko,1,970000,8.9,
2024-06-06,ORD-2024-001529,P02522,T02,DK023,Marketplace,1,770000,13.4,200000
2024-06-06,ORD-2024-001614,P00122,T12,KR046,Toko,1,1210000,8.1,
2024-06-06,ORD-2024-001614,P00122,T12,PD023,Toko,3,1090000,0.0,
2024-06-06,ORD-2024-001614,P00122,T12,PC009,Toko,3,1490000,7.8,
2024-06-07,ORD-2024-001371,P03180,T05,MJ021,Marketplace,1,2560000,0.0,140000
2024-06-07,ORD-2024-001371,P03180,T05,DK023,Marketplace,1,770000,6.7,90000
2024-06-07,ORD-2024-001371,P03180,T05,KR010,Marketplace,1,1900000,10.1,450000
2024-06-07,ORD-2024-001396,P02502,T13,KR034,Online,1,2350000,2.7,200000
2024-06-08,ORD-2024-001355,P01597,T13,DK012,Online,1,960000,6.8,130000
2024-06-08,ORD-2024-001405,P02990,T13,DK035,Online,1,400000,0.0,210000
2024-06-08,ORD-2024-001534,P01471,T10,PC022,Toko,2,3000000,14.2,
2024-06-08,ORD-2024-001544,P00153,T13,KS022,Online,1,13060000,2.6,530000
2024-06-08,ORD-2024-001571,P00929,T06,DK025,Marketplace,2,660000,16.5,250000
2024-06-08,ORD-2024-001574,P02012,T13,KS014,Online,1,6440000,4.0,120000
2024-06-08,ORD-2024-001574,P02012,T13,DK021,Online,1,1010000,15.5,260000
2024-06-09,ORD-2024-001384,P01238,T13,SF038,Online,1,6260000,9.8,550000
2024-06-09,ORD-2024-001395,P02283,T13,DK017,Online,1,1740000,6.8,130000
2024-06-09,ORD-2024-001400,P00427,T04,PD017,Toko,1,2370000,14.3,
2024-06-09,ORD-2024-001409,P01170,T12,PD013,Marketplace,1,1030000,11.9,80000
2024-06-09,ORD-2024-001418,,T04,DK003,Toko,1,420000,13.5,
2024-06-09,ORD-2024-001418,,T04,KS008,Toko,2,5690000,10.8,250000
2024-06-09,ORD-2024-001418,,T04,KR037,Toko,1,2790000,13.3,
2024-06-09,ORD-2024-001429,P01680,T13,KR004,Online,2,1790000,9.4,90000
2024-06-09,ORD-2024-001446,P01864,T02,KS002,Toko,2,6150000,7.9,
2024-06-09,ORD-2024-001457,P03305,T04,KS023,Toko,1,13410000,12.1,
2024-06-09,ORD-2024-001494,P02105,T13,LM004,Online,1,4320000,10.6,280000
2024-06-09,ORD-2024-001513,P00164,T13,PC019,Online,1,1840000,13.1,320000
2024-06-09,ORD-2024-001565,P01042,T11,DK025,Marketplace,1,660000,13.2,260000
2024-06-09,ORD-2024-001579,P00817,T13,KR040,Online,1,2380000,5.6,530000
2024-06-09,ORD-2024-001579,P00817,T13,DK007,Online,2,900000,11.9,270000
2024-06-09,ORD-2024-001579,P00817,T13,DK032,Online,1,340000,15.2,280000
2024-06-09,ORD-2024-001628,P00099,T13,SF042,Online,1,4260000,15.1,550000
2024-06-10,ORD-2024-001347,P00041,T01,PD002,Toko,2,1150000,0.0,
2024-06-10,ORD-2024-001347,P00041,T01,SF002,Toko,1,5950000,16.6,
2024-06-10,ORD-2024-001347,P00041,T01,KS023,Toko,1,13410000,18.4,
2024-06-10,ORD-2024-001348,P01073,T07,DK033,Marketplace,1,220000,0.0,330000
2024-06-10,ORD-2024-001354,P00988,T11,MJ040,Marketplace,1,4110000,12.7,330000
2024-06-10,ORD-2024-001354,P00988,T11,SF010,Marketplace,1,18330000,10.9,270000
2024-06-10,ORD-2024-001366,P02959,T13,KR016,Online,1,3780000,8.4,100000
2024-06-10,ORD-2024-001386,P03319,T05,MJ045,Toko,1,2740000,0.0,330000
2024-06-10,ORD-2024-001386,P03319,T05,MJ043,Toko,1,4010000,0.0,450000
2024-06-10,ORD-2024-001425,P00243,T08,KR003,Toko,1,1440000,18.7,
2024-06-10,ORD-2024-001437,P02788,T05,KR009,Marketplace,1,3260000,12.6,90000
2024-06-10,ORD-2024-001451,P01755,T03,DK043,Marketplace,2,760000,18.0,530000
2024-06-10,ORD-2024-001462,P02483,T07,MJ030,Toko,1,2670000,12.0,
2024-06-10,ORD-2024-001492,P02124,T13,DK003,Online,1,420000,0.0,570000
2024-06-10,ORD-2024-001515,P03014,T01,MJ018,Toko,1,3700000,12.1,290000
2024-06-10,ORD-2024-001519,P01462,T08,MJ001,Toko,1,2940000,8.0,
2024-06-10,ORD-2024-001552,P01929,T06,PC003,Toko,1,1200000,9.6,
2024-06-10,ORD-2024-001552,P01929,T06,DK011,Toko,2,2070000,0.0,
2024-06-10,ORD-2024-001564,P03433,T13,PC003,Online,1,1200000,10.3,250000
2024-06-11,ORD-2024-001353,P02966,T03,KR026,Toko,2,2860000,2.2,
2024-06-11,ORD-2024-001394,P01542,T13,KR007,Online,2,1690000,11.6,590000
2024-06-11,ORD-2024-001550,P02647,T13,KR012,Online,2,2460000,0.0,430000
2024-06-11,ORD-2024-001582,P00034,T08,PC005,Toko,3,660000,0.0,
2024-06-11,ORD-2024-001606,P00332,T13,PC010,Online,1,1240000,10.6,580000
2024-06-12,ORD-2024-001346,P03078,T01,SF033,Marketplace,1,9380000,15.5,70000
2024-06-12,ORD-2024-001349,P00486,T13,SF012,Online,1,7980000,12.5,520000
2024-06-12,ORD-2024-001349,P00486,T13,DK020,Online,1,690000,13.3,270000
2024-06-12,ORD-2024-001349,P00486,T13,MJ003,Online,1,2060000,10.6,360000
2024-06-12,ORD-2024-001361,P00411,T13,PC025,Online,1,1800000,9.4,430000
2024-06-12,ORD-2024-001377,P01716,T02,DK042,Marketplace,1,1280000,0.0,500000
2024-06-12,ORD-2024-001378,P01660,T13,PD016,Online,1,1080000,7.1,240000
2024-06-12,ORD-2024-001380,P02096,T09,PD006,Marketplace,1,970000,8.3,450000
2024-06-12,ORD-2024-001449,P00829,T01,MJ032,Toko,1,5400000,10.6,
2024-06-12,ORD-2024-001461,,T09,KR013,Toko,1,3330000,3.9,
2024-06-12,ORD-2024-001464,P01035,T13,PC007,Online,1,1510000,13.3,430000
2024-06-12,ORD-2024-001473,P01316,T03,DK020,Marketplace,1,690000,7.8,290000
2024-06-12,ORD-2024-001473,P01316,T03,DK008,Marketplace,3,910000,13.3,520000
2024-06-12,ORD-2024-001479,P02509,T05,KR038,Marketplace,1,2240000,9.9,420000
2024-06-12,ORD-2024-001548,P00174,T01,SF021,Toko,1,9200000,8.4,
2024-06-12,ORD-2024-001563,P02602,T13,DK018,Online,2,1000000,8.1,370000
2024-06-12,ORD-2024-001563,P02602,T13,KR027,Online,2,1770000,11.0,210000
2024-06-12,ORD-2024-001566,P02216,T13,PC029,Online,1,1900000,5.4,180000
2024-06-12,ORD-2024-001566,P02216,T13,PC010,Online,2,1240000,5.7,500000
2024-06-12,ORD-2024-001618,P01808,T01,DK022,Toko,1,550000,11.0,
2024-06-13,ORD-2024-001368,P03259,T13,DK025,Online,1,660000,5.4,230000
2024-06-13,ORD-2024-001393,P01908,T09,DK025,Toko,2,660000,13.2,
2024-06-13,ORD-2024-001413,P00377,T08,PD012,Toko,1,1500000,8.4,
2024-06-13,ORD-2024-001413,P00377,T08,DK036,Toko,3,510000,10.2,
2024-06-13,ORD-2024-001454,P03361,T03,PD020,Marketplace,2,920000,0.0,150000
2024-06-13,ORD-2024-001466,P02892,T05,PD018,Marketplace,1,530000,10.8,50000
2024-06-13,ORD-2024-001477,P00673,T01,KR003,Toko,4,1440000,10.3,220000
2024-06-13,ORD-2024-001504,P02737,T06,DK031,Toko,1,800000,0.0,
2024-06-13,ORD-2024-001506,P03390,T09,PC001,Toko,1,1430000,17.2,
2024-06-14,ORD-2024-001383,P02023,T13,KR008,Online,1,2800000,11.9,480000
2024-06-14,ORD-2024-001414,,T01,MJ021,Toko,1,2560000,10.5,
2024-06-14,ORD-2024-001416,P00596,T13,PC023,Online,3,1920000,11.1,120000
2024-06-14,ORD-2024-001478,P03234,T13,MJ001,Online,1,2940000,0.0,100000
2024-06-14,ORD-2024-001485,P01622,T09,DK042,Toko,1,1280000,17.6,
2024-06-14,ORD-2024-001575,P03047,T13,DK006,Online,2,2070000,7.0,490000
2024-06-14,ORD-2024-001592,P02507,T13,KR014,Online,1,3530000,0.0,510000
2024-06-14,ORD-2024-001593,P01783,T07,KR003,Marketplace,2,1440000,7.8,210000
2024-06-14,ORD-2024-001593,P01783,T07,KS034,Marketplace,1,6400000,14.1,410000
2024-06-14,ORD-2024-001593,P01783,T07,MJ014,Marketplace,1,4970000,8.7,250000
2024-06-14,ORD-2024-001593,P01783,T07,DK038,Marketplace,2,530000,5.9,110000
2024-06-14,ORD-2024-001623,P00248,T13,KR028,Online,2,1780000,16.1,80000
2024-06-15,ORD-2024-001388,P02292,T02,MJ005,Toko,4,4030000,5.3,
2024-06-15,ORD-2024-001401,P00540,T13,PD007,Online,2,770000,8.0,80000
2024-06-15,ORD-2024-001412,P01437,T11,SF041,Toko,1,7920000,8.1,
2024-06-15,ORD-2024-001434,P02829,T02,KR001,Toko,2,3260000,11.0,
2024-06-15,ORD-2024-001455,P02203,T06,DK042,Toko,1,1280000,0.0,
2024-06-15,ORD-2024-001455,P02203,T06,PD004,Toko,1,1050000,15.3,
2024-06-15,ORD-2024-001455,P02203,T06,MJ041,Toko,1,2240000,0.0,
2024-06-15,ORD-2024-001474,P03306,T13,KS008,Online,1,5690000,13.8,460000
2024-06-15,ORD-2024-001476,P01595,T13,MJ046,Online,1,2600000,8.2,50000
2024-06-15,ORD-2024-001516,P03042,T13,DK023,Online,1,770000,0.0,290000
2024-06-15,ORD-2024-001524,P00993,T02,PC009,Toko,1,1490000,9.7,
2024-06-15,ORD-2024-001585,P01518,T09,LM013,Toko,1,3180000,5.9,
2024-06-15,ORD-2024-001610,P00645,T07,PD005,Toko,1,390000,0.0,
2024-06-15,ORD-2024-001611,P02719,T01,LM001,Marketplace,1,6680000,0.0,360000
2024-06-15,ORD-2024-001611,P02719,T01,KS023,Marketplace,4,13410000,16.7,270000
2024-06-15,ORD-2024-001611,P02719,T01,DK029,Marketplace,3,500000,10.8,
2024-06-15,ORD-2024-001611,P02719,T01,SF009,Marketplace,1,11780000,8.6,350000
2024-06-16,ORD-2024-001390,P01324,T05,PD001,Toko,2,1710000,14.0,
2024-06-16,ORD-2024-001399,P01819,T12,DK035,Toko,1,400000,8.4,
2024-06-16,ORD-2024-001407,P03149,T13,SF019,Online,1,8050000,11.4,210000
2024-06-16,ORD-2024-001438,P02192,T13,MJ011,Online,1,6920000,0.0,
2024-06-16,ORD-2024-001440,P01406,T07,MJ005,Toko,1,4030000,5.5,
2024-06-16,ORD-2024-001441,P01741,T13,DK014,Online,1,890000,12.0,
2024-06-16,ORD-2024-001458,P00472,T13,PC017,Online,1,1720000,10.6,210000
2024-06-16,ORD-2024-001555,P01163,T09,KR005,Toko,1,3610000,6.6,
2024-06-16,ORD-2024-001556,P01635,T06,PD002,Toko,1,1150000,12.1,400000
2024-06-17,ORD-2024-001410,P02402,T13,DK012,Online,2,960000,8.2,250000
2024-06-17,ORD-2024-001415,P03138,T13,PC012,Online,1,1870000,8.6,160000
2024-06-17,ORD-2024-001419,P01510,T13,KS018,Online,1,7410000,0.0,210000
2024-06-17,ORD-2024-001484,P02034,T13,MJ027,Online,1,3790000,11.4,230000
2024-06-17,ORD-2024-001496,P02916,T13,SF006,Online,1,4230000,12.6,320000
2024-06-17,ORD-2024-001497,P01213,T13,DK023,Online,1,770000,15.4,200000
2024-06-17,ORD-2024-001531,P02416,T02,LM021,Marketplace,1,7550000,12.9,190000
2024-06-17,ORD-2024-001531,P02416,T02,DK009,Marketplace,1,990000,6.1,360000
2024-06-17,ORD-2024-001543,P02160,T05,MJ027,Toko,2,3790000,12.6,
2024-06-17,ORD-2024-001543,P02160,T05,DK022,Toko,1,550000,9.7,
2024-06-17,ORD-2024-001543,P02160,T05,KR006,Toko,1,3040000,9.8,
2024-06-17,ORD-2024-001549,P03263,T07,DK044,Toko,1,1380000,8.8,
2024-06-17,ORD-2024-001549,P03263,T07,PD015,Toko,1,750000,11.0,
2024-06-17,ORD-2024-001572,P01009,T13,DK020,Online,1,690000,0.0,280000
2024-06-17,ORD-2024-001576,P00617,T02,DK023,Toko,2,770000,0.0,
2024-06-17,ORD-2024-001576,P00617,T02,MJ024,Toko,2,3010000,9.1,
2024-06-17,ORD-2024-001584,P00025,T13,KR038,Online,1,2240000,9.8,140000
2024-06-17,ORD-2024-001600,P00914,T13,PC015,Online,1,1320000,7.2,360000
2024-06-18,ORD-2024-001370,P00134,T06,MJ021,Toko,2,2560000,6.0,
2024-06-18,ORD-2024-001397,P00496,T01,PC008,Toko,1,1830000,3.4,
2024-06-18,ORD-2024-001482,P00284,T13,KR038,Online,1,2240000,0.0,80000
2024-06-18,ORD-2024-001501,P02522,T13,SF020,Online,2,9700000,10.0,320000
2024-06-18,ORD-2024-001553,P00229,T13,PC024,Online,1,850000,7.4,440000
2024-06-18,ORD-2024-001557,P01177,T08,KR030,Toko,1,3050000,7.8,
2024-06-18,ORD-2024-001557,P01177,T08,MJ017,Toko,1,3280000,5.3,
2024-06-18,ORD-2024-001557,P01177,T08,PC025,Toko,3,1800000,17.5,
2024-06-18,ORD-2024-001557,P01177,T08,KR047,Toko,1,4470000,9.3,
2024-06-19,ORD-2024-001360,P00462,T05,DK002,Toko,1,490000,12.5,
2024-06-19,ORD-2024-001391,P00674,T09,MJ029,Toko,1,2890000,7.7,
2024-06-19,ORD-2024-001417,P01858,T03,PC003,Toko,2,1200000,8.4,100000
2024-06-19,ORD-2024-001423,P01953,T13,SF041,Online,1,7920000,10.0,130000
2024-06-19,ORD-2024-001427,P00653,T13,PD002,Online,4,1150000,7.6,380000
2024-06-19,ORD-2024-001427,P00653,T13,MJ027,Online,1,3790000,11.6,310000
2024-06-19,ORD-2024-001427,P00653,T13,DK001,Online,2,530000,7.2,130000
2024-06-19,ORD-2024-001428,,T12,DK004,Toko,2,1240000,17.3,
2024-06-19,ORD-2024-001491,P01990,T13,LM023,Online,2,8770000,0.0,580000
2024-06-19,ORD-2024-001554,P03230,T13,PC015,Online,1,1320000,4.0,250000
2024-06-19,ORD-2024-001577,P01447,T03,KR035,Marketplace,1,1760000,4.0,120000
2024-06-19,ORD-2024-001596,P02060,T13,LM026,Online,1,5250000,14.7,150000
2024-06-19,ORD-2024-001597,P00338,T13,SF024,Online,1,3520000,16.6,210000
2024-06-19,ORD-2024-001597,P00338,T13,KS003,Online,1,12030000,7.2,250000
2024-06-19,ORD-2024-001597,P00338,T13,SF021,Online,1,9200000,0.0,490000
2024-06-19,ORD-2024-001608,P00985,T13,DK038,Online,1,530000,0.0,430000
2024-06-19,ORD-2024-001608,P00985,T13,DK044,Online,1,1380000,3.2,340000
2024-06-19,ORD-2024-001612,,T10,SF017,Toko,2,8850000,14.0,
2024-06-19,ORD-2024-001612,,T10,DK037,Toko,3,540000,0.0,
2024-06-19,ORD-2024-001625,P00397,T08,DK029,Toko,1,500000,8.3,
2024-06-20,ORD-2024-001359,P02257,T13,DK001,Online,2,530000,0.0,590000
2024-06-20,ORD-2024-001359,P02257,T13,DK030,Online,4,930000,14.2,580000
2024-06-20,ORD-2024-001382,P00913,T01,PC024,Toko,1,850000,11.9,
2024-06-20,ORD-2024-001402,P00927,T06,KR036,Toko,1,2360000,8.5,
2024-06-20,ORD-2024-001424,P01872,T13,LM013,Online,1,3180000,0.0,350000
2024-06-20,ORD-2024-001475,P00444,T09,PD016,Toko,1,1080000,14.8,210000
2024-06-20,ORD-2024-001562,P01788,T13,PD008,Online,3,970000,1.3,
2024-06-21,ORD-2024-001369,,T05,MJ018,Toko,1,3700000,9.3,
2024-06-21,ORD-2024-001430,P03024,T13,PC024,Online,1,850000,19.0,530000
2024-06-21,ORD-2024-001445,P00818,T12,SF012,Marketplace,2,7980000,6.1,510000
2024-06-21,ORD-2024-001487,P01721,T08,DK043,Toko,1,760000,0.0,
2024-06-21,ORD-2024-001509,P00424,T02,PC005,Toko,1,660000,0.0,
2024-06-21,ORD-2024-001527,P01175,T13,DK022,Online,2,550000,0.0,170000
2024-06-21,ORD-2024-001538,,T10,PC030,Toko,2,1220000,16.5,
2024-06-21,ORD-2024-001540,P03437,T13,DK028,Online,3,730000,15.2,230000
2024-06-21,ORD-2024-001580,P02892,T13,KR007,Online,1,1690000,8.7,560000
2024-06-21,ORD-2024-001587,P01601,T09,MJ017,Toko,1,3280000,10.2,
2024-06-21,ORD-2024-001587,P01601,T09,PD009,Toko,1,840000,17.8,
2024-06-21,ORD-2024-001601,P01191,T07,DK034,Toko,1,830000,0.0,
2024-06-21,ORD-2024-001627,P03336,T05,SF018,Toko,1,10500000,0.0,
2024-06-21,ORD-2024-001627,P03336,T05,DK025,Toko,4,660000,3.8,
2024-06-22,ORD-2024-001387,P01144,T13,DK040,Online,1,1260000,14.2,350000
2024-06-22,ORD-2024-001389,P01928,T13,PC026,Online,1,860000,0.0,300000
2024-06-22,ORD-2024-001444,P02708,T12,LM040,Toko,1,9610000,19.9,
2024-06-22,ORD-2024-001493,P01577,T13,LM038,Online,1,5010000,9.3,340000
2024-06-22,ORD-2024-001523,P02304,T01,MJ002,Toko,1,3330000,1.4,
2024-06-22,ORD-2024-001530,P02344,T08,PD020,Toko,2,920000,0.0,280000
2024-06-22,ORD-2024-001547,P03060,T13,KR031,Online,2,2350000,0.0,390000
2024-06-22,ORD-2024-001547,P03060,T13,DK036,Online,2,510000,20.2,560000
2024-06-22,ORD-2024-001589,P02579,T13,DK003,Online,1,420000,6.2,
2024-06-22,ORD-2024-001589,P02579,T13,KR007,Online,1,1690000,7.9,250000
2024-06-22,ORD-2024-001590,P01217,T13,SF023,Online,1,7750000,16.8,560000
2024-06-23,ORD-2024-001372,P03041,T02,PD015,Toko,1,750000,18.8,
2024-06-23,ORD-2024-001404,P02096,T13,KR043,Online,1,5270000,0.0,90000
2024-06-23,ORD-2024-001420,P00811,T13,SF021,Online,1,9200000,7.7,
2024-06-23,ORD-2024-001420,P00811,T13,PC001,Online,1,1430000,11.4,150000
2024-06-23,ORD-2024-001514,P02037,T13,PC007,Online,1,1510000,10.7,490000
2024-06-23,ORD-2024-001517,P00437,T04,PD023,Toko,1,1090000,2.6,
2024-06-23,ORD-2024-001520,P02375,T13,KR028,Online,2,1780000,0.1,100000
2024-06-23,ORD-2024-001520,P02375,T13,DK004,Online,1,1240000,10.3,550000
2024-06-23,ORD-2024-001561,P01151,T02,LM038,Marketplace,1,5010000,11.9,190000
2024-06-23,ORD-2024-001561,P01151,T02,KR003,Marketplace,1,1440000,17.9,150000
2024-06-23,ORD-2024-001594,P02268,T13,DK023,Online,2,770000,10.1,310000
2024-06-23,ORD-2024-001594,P02268,T13,KR039,Online,2,2460000,18.5,70000
2024-06-23,ORD-2024-001613,P03160,T10,PC030,Toko,1,1220000,14.4,
2024-06-23,ORD-2024-001613,P03160,T10,KR009,Toko,1,3260000,0.0,
2024-06-24,ORD-2024-001365,P01349,T01,PC003,Toko,1,1200000,16.6,
2024-06-24,ORD-2024-001381,P02960,T13,PD010,Online,2,450000,0.0,500000
2024-06-24,ORD-2024-001403,P00767,T13,MJ016,Online,1,7350000,2.4,480000
2024-06-24,ORD-2024-001499,P00373,T13,SF039,Online,1,6120000,8.5,560000
2024-06-24,ORD-2024-001546,P02653,T12,PD011,Marketplace,1,750000,12.8,440000
2024-06-24,ORD-2024-001546,P02653,T12,PC005,Marketplace,1,660000,4.6,500000
2024-06-24,ORD-2024-001598,P00029,T13,MJ027,Online,1,3790000,6.2,540000
2024-06-25,ORD-2024-001352,P03443,T10,PD007,Toko,1,770000,7.4,
2024-06-25,ORD-2024-001358,P00488,T03,KR033,Toko,2,3030000,0.0,
2024-06-25,ORD-2024-001398,P01397,T13,LM033,Online,1,6100000,0.0,240000
2024-06-25,ORD-2024-001421,P03226,T13,KR036,Online,2,2360000,19.0,370000
2024-06-25,ORD-2024-001490,P02195,T13,DK006,Online,1,2070000,9.6,320000
2024-06-25,ORD-2024-001508,P02533,T07,KR046,Toko,1,1210000,15.3,
2024-06-25,ORD-2024-001510,P00410,T13,DK003,Online,1,420000,17.7,110000
2024-06-25,ORD-2024-001510,P00410,T13,MJ019,Online,1,6140000,0.0,520000
2024-06-25,ORD-2024-001545,P01555,T05,LM007,Marketplace,1,4350000,0.0,570000
2024-06-25,ORD-2024-001569,P00897,T07,MJ041,Toko,2,2240000,15.0,
2024-06-25,ORD-2024-001569,P00897,T07,KS016,Toko,1,26320000,9.4,
2024-06-25,ORD-2024-001622,P01150,T11,DK035,Toko,1,400000,10.1,
2024-06-25,ORD-2024-001622,P01150,T11,PD005,Toko,1,390000,16.2,
2024-06-26,ORD-2024-001363,P03069,T13,PD005,Online,1,390000,13.7,430000
2024-06-26,ORD-2024-001374,P01314,T11,MJ017,Toko,1,3280000,12.5,
2024-06-26,ORD-2024-001374,P01314,T11,KR027,Toko,3,1770000,10.1,
2024-06-26,ORD-2024-001374,P01314,T11,MJ015,Toko,3,2920000,6.6,180000
2024-06-26,ORD-2024-001431,P02485,T05,PC031,Toko,1,1660000,0.0,420000
2024-06-26,ORD-2024-001433,P01618,T11,SF003,Toko,1,12490000,0.0,
2024-06-26,ORD-2024-001459,P02583,T06,KR004,Marketplace,1,1790000,12.8,370000
2024-06-26,ORD-2024-001465,P00410,T05,MJ007,Toko,1,5590000,0.0,
2024-06-26,ORD-2024-001488,P01055,T07,DK043,Toko,1,760000,0.0,420000
2024-06-26,ORD-2024-001507,P01703,T09,DK021,Toko,1,1010000,18.8,
2024-06-26,ORD-2024-001528,,T01,LM037,Toko,1,3800000,0.0,
2024-06-26,ORD-2024-001558,P00213,T07,MJ040,Toko,1,4110000,7.1,
2024-06-26,ORD-2024-001609,P03032,T13,PD004,Online,3,1050000,9.7,590000
2024-06-26,ORD-2024-001615,P00659,T13,DK003,Online,1,420000,9.5,120000
2024-06-27,ORD-2024-001351,P00370,T13,PC029,Online,1,1900000,15.4,270000
2024-06-27,ORD-2024-001422,P00964,T09,SF003,Toko,2,12490000,16.6,
2024-06-27,ORD-2024-001439,P01414,T13,DK026,Online,1,1170000,8.1,110000
2024-06-27,ORD-2024-001450,P03017,T13,LM035,Online,2,11500000,11.9,280000
2024-06-27,ORD-2024-001469,P02587,T05,DK035,Toko,1,400000,13.9,
2024-06-27,ORD-2024-001522,P00341,T09,KR016,Marketplace,1,3780000,6.6,570000
2024-06-27,ORD-2024-001541,P03343,T13,PC005,Online,1,660000,5.1,300000
2024-06-27,ORD-2024-001588,P02205,T13,PC012,Online,1,1870000,8.7,
2024-06-27,ORD-2024-001603,P03250,T05,DK001,Toko,2,530000,16.3,
2024-06-27,ORD-2024-001603,P03250,T05,PC001,Toko,1,1430000,16.3,
2024-06-28,ORD-2024-001408,P00224,T13,PC008,Online,2,1830000,10.4,260000
2024-06-28,ORD-2024-001432,P00775,T01,LM035,Marketplace,1,11500000,4.7,170000
2024-06-28,ORD-2024-001436,P03280,T05,KR036,Toko,1,2360000,0.0,
2024-06-28,ORD-2024-001436,P03280,T05,MJ033,Toko,2,4180000,14.4,
2024-06-28,ORD-2024-001453,P02371,T13,DK036,Online,1,510000,0.0,540000
2024-06-28,ORD-2024-001483,P00385,T10,PC031,Toko,1,1660000,14.7,
2024-06-28,ORD-2024-001518,P02504,T13,KR011,Online,1,1570000,11.4,420000
2024-06-28,ORD-2024-001525,P03092,T03,KS031,Toko,1,4390000,8.0,
2024-06-28,ORD-2024-001525,P03092,T03,KR038,Toko,1,2240000,7.6,420000
2024-06-28,ORD-2024-001526,P00332,T13,KS012,Online,1,11030000,20.0,420000
2024-06-28,ORD-2024-001533,P00008,T03,DK013,Toko,1,1520000,11.4,410000
2024-06-28,ORD-2024-001559,P00992,T13,LM018,Online,1,22510000,4.6,580000
2024-06-28,ORD-2024-001568,P00981,T06,PC005,Toko,2,660000,10.3,
2024-06-28,ORD-2024-001568,P00981,T06,PC032,Toko,1,470000,12.3,
2024-06-28,ORD-2024-001573,P02732,T01,KR041,Marketplace,1,1620000,6.1,440000
2024-06-28,ORD-2024-001591,P01177,T04,MJ021,Marketplace,1,2560000,5.1,560000
2024-06-28,ORD-2024-001599,P02305,T05,DK013,Toko,1,1520000,0.0,
2024-06-29,ORD-2024-001356,P00545,T07,KS033,Toko,2,13600000,14.2,
2024-06-29,ORD-2024-001362,P00681,T05,KR034,Toko,2,2350000,14.4,
2024-06-29,ORD-2024-001362,P00681,T05,PD019,Toko,1,1260000,14.3,410000
2024-06-29,ORD-2024-001362,P00681,T05,PD004,Toko,1,1050000,0.0,
2024-06-29,ORD-2024-001364,P00501,T01,DK004,Toko,1,1240000,5.5,110000
2024-06-29,ORD-2024-001442,P00138,T13,DK020,Online,2,690000,13.9,230000
2024-06-29,ORD-2024-001452,P01022,T09,KR009,Toko,1,3260000,6.7,310000
2024-06-29,ORD-2024-001500,P00802,T13,SF023,Online,1,7750000,3.9,590000
2024-06-29,ORD-2024-001535,P00851,T12,DK030,Toko,1,930000,0.0,
2024-06-29,ORD-2024-001536,P02611,T13,DK030,Online,1,930000,13.0,580000
2024-06-29,ORD-2024-001539,P00358,T08,DK004,Toko,1,1240000,0.0,
2024-06-29,ORD-2024-001551,P02498,T07,PC008,Toko,1,1830000,14.6,
2024-06-30,ORD-2024-001367,P00445,T06,DK014,Marketplace,1,890000,8.9,140000
2024-06-30,ORD-2024-001385,P02110,T07,KS002,Marketplace,1,6150000,9.0,310000
2024-06-30,ORD-2024-001447,P01913,T13,DK038,Online,3,530000,9.0,150000
2024-06-30,ORD-2024-001467,P02351,T13,SF034,Online,3,13040000,5.4,460000
2024-06-30,ORD-2024-001472,P00355,T04,PD008,Toko,2,970000,11.2,
2024-06-30,ORD-2024-001512,P01635,T05,KR041,Toko,1,1620000,23.4,
2024-06-30,ORD-2024-001512,P01635,T05,KS022,Toko,1,13060000,8.8,
2024-06-30,ORD-2024-001521,P00200,T13,PD022,Online,1,520000,5.8,370000
2024-06-30,ORD-2024-001570,P00904,T13,KR046,Online,2,1210000,10.8,150000
2024-06-30,ORD-2024-001570,P00904,T13,MJ008,Online,1,3030000,16.5,80000
2024-06-30,ORD-2024-001586,P03219,T06,PD002,Marketplace,1,1150000,7.6,170000
2024-06-30,ORD-2024-001586,P03219,T06,DK034,Marketplace,1,830000,8.1,240000
2024-07-01,ORD-2024-001639,P03001,T13,PD006,Online,2,970000,8.0,230000
2024-07-01,ORD-2024-001639,P03001,T13,PC009,Online,1,1490000,5.8,260000
2024-07-01,ORD-2024-001665,P02805,T10,DK033,Toko,1,220000,0.0,
2024-07-01,ORD-2024-001665,P02805,T10,PD017,Toko,1,2370000,8.5,
2024-07-01,ORD-2024-001672,P02772,T12,DK005,Toko,1,430000,13.3,340000
2024-07-01,ORD-2024-001681,,T03,DK007,Toko,1,900000,7.5,
2024-07-01,ORD-2024-001681,,T03,LM017,Toko,1,16390000,7.7,
2024-07-01,ORD-2024-001702,P02573,T06,MJ011,Toko,1,6920000,9.2,
2024-07-01,ORD-2024-001705,P00532,T03,MJ018,Marketplace,2,3700000,8.0,540000
2024-07-01,ORD-2024-001753,P02825,T13,PC032,Online,1,470000,9.6,400000
2024-07-01,ORD-2024-001753,P02825,T13,KR006,Online,4,3040000,12.8,340000
2024-07-01,ORD-2024-001787,,T08,DK018,Toko,1,1000000,6.6,
2024-07-01,ORD-2024-001787,,T08,PC024,Toko,1,850000,8.0,
2024-07-01,ORD-2024-001836,P00978,T03,MJ015,Marketplace,1,2920000,9.9,480000
2024-07-01,ORD-2024-001848,P02085,T13,DK030,Online,1,930000,12.2,260000
2024-07-01,ORD-2024-001884,P02598,T13,PD015,Online,3,750000,9.3,380000
2024-07-01,ORD-2024-001886,P00514,T11,SF040,Marketplace,1,5750000,0.0,120000
2024-07-01,ORD-2024-001886,P00514,T11,DK016,Marketplace,3,730000,3.3,320000
2024-07-02,ORD-2024-001633,P01271,T13,PC031,Online,1,1660000,15.4,250000
2024-07-02,ORD-2024-001668,P01437,T10,SF025,Toko,1,5340000,12.0,
2024-07-02,ORD-2024-001677,P02375,T13,SF017,Online,1,8850000,14.5,
2024-07-02,ORD-2024-001739,P00781,T13,MJ007,Online,4,5590000,12.5,360000
2024-07-02,ORD-2024-001739,P00781,T13,MJ024,Online,1,3010000,14.4,200000
2024-07-02,ORD-2024-001882,P01725,T05,PC028,Toko,3,2190000,0.0,
2024-07-02,ORD-2024-001882,P01725,T05,PC032,Toko,1,470000,8.9,
2024-07-03,ORD-2024-001637,P03369,T06,DK022,Marketplace,1,550000,0.0,110000
2024-07-03,ORD-2024-001660,P03037,T11,PC009,Toko,1,1490000,10.5,
2024-07-03,ORD-2024-001684,P03253,T09,PD020,Marketplace,1,920000,15.4,410000
2024-07-03,ORD-2024-001734,P00484,T13,LM001,Online,2,6680000,13.9,
2024-07-03,ORD-2024-001734,P00484,T13,LM028,Online,2,6300000,12.0,490000
2024-07-03,ORD-2024-001772,P01871,T05,MJ026,Toko,1,3480000,13.9,80000
2024-07-03,ORD-2024-001772,P01871,T05,PC008,Toko,1,1830000,13.0,
2024-07-03,ORD-2024-001772,P01871,T05,MJ035,Toko,2,5190000,0.0,
2024-07-03,ORD-2024-001814,P00242,T03,PC001,Marketplace,1,1430000,15.0,590000
2024-07-04,ORD-2024-001659,P02342,T13,PD020,Online,2,920000,0.0,530000
2024-07-04,ORD-2024-001680,P03367,T02,LM032,Toko,1,4960000,6.7,
2024-07-04,ORD-2024-001683,P03188,T13,DK029,Online,2,500000,11.7,170000
2024-07-04,ORD-2024-001693,P03182,T12,LM039,Marketplace,2,7740000,0.0,260000
2024-07-04,ORD-2024-001706,P03136,T04,SF025,Toko,1,5340000,3.7,
2024-07-04,ORD-2024-001769,P03122,T06,PD014,Toko,2,1590000,12.2,
2024-07-04,ORD-2024-001837,P01509,T10,SF038,Marketplace,1,6260000,11.8,150000
2024-07-04,ORD-2024-001866,P00102,T13,KR011,Online,1,1570000,4.8,80000
2024-07-04,ORD-2024-001875,P02130,T01,DK033,Toko,2,220000,0.0,
2024-07-04,ORD-2024-001875,P02130,T01,LM037,Toko,2,3800000,5.9,
2024-07-04,ORD-2024-001875,P02130,T01,MJ021,Toko,1,2560000,24.7,
2024-07-04,ORD-2024-001890,P03126,T13,LM040,Online,2,9610000,0.0,560000
2024-07-04,ORD-2024-001890,P03126,T13,PC002,Online,2,1740000,10.1,230000
2024-07-04,ORD-2024-001890,P03126,T13,PC022,Online,1,3000000,8.0,250000
2024-07-05,ORD-2024-001636,P01812,T02,DK005,Toko,1,430000,9.8,
2024-07-05,ORD-2024-001689,P01289,T13,SF028,Online,1,6980000,8.7,130000
2024-07-05,ORD-2024-001689,P01289,T13,DK043,Online,1,760000,14.4,210000
2024-07-05,ORD-2024-001696,P02080,T13,SF033,Online,1,9380000,11.2,420000
2024-07-05,ORD-2024-001696,P02080,T13,KR044,Online,1,2280000,1.6,430000
2024-07-05,ORD-2024-001696,P02080,T13,DK043,Online,1,760000,11.8,300000
2024-07-05,ORD-2024-001712,P02837,T01,LM001,Marketplace,3,6680000,10.4,570000
2024-07-05,ORD-2024-001786,P03435,T13,LM018,Online,1,22510000,4.8,350000
2024-07-05,ORD-2024-001833,P00782,T13,DK011,Online,1,2070000,15.1,260000
2024-07-05,ORD-2024-001833,P00782,T13,MJ009,Online,1,2670000,5.2,140000
2024-07-05,ORD-2024-001883,P00198,T13,MJ027,Online,1,3790000,10.8,60000
2024-07-05,ORD-2024-001883,P00198,T13,MJ021,Online,1,2560000,3.1,590000
2024-07-06,ORD-2024-001640,P00777,T05,PD002,Marketplace,1,1150000,3.6,500000
2024-07-06,ORD-2024-001640,P00777,T05,PC024,Marketplace,1,850000,13.7,430000
2024-07-06,ORD-2024-001652,P00451,T06,DK020,Toko,2,690000,3.5,
2024-07-06,ORD-2024-001658,P02928,T08,DK043,Marketplace,1,760000,0.0,460000
2024-07-06,ORD-2024-001708,P02546,T13,DK018,Online,1,1000000,3.5,380000
2024-07-06,ORD-2024-001735,P02282,T04,PC031,Toko,1,1660000,13.7,
2024-07-06,ORD-2024-001764,P02480,T05,LM010,Toko,3,7760000,8.9,
2024-07-06,ORD-2024-001865,P00523,T02,LM014,Toko,1,4520000,13.7,370000
2024-07-07,ORD-2024-001713,P02993,T05,DK036,Toko,1,510000,0.0,
2024-07-07,ORD-2024-001762,P03277,T06,DK015,Toko,1,1390000,0.0,230000
2024-07-07,ORD-2024-001762,P03277,T06,KR011,Toko,3,1570000,7.5,180000
2024-07-07,ORD-2024-001780,P01511,T13,DK039,Online,3,870000,10.7,230000
2024-07-07,ORD-2024-001859,P00479,T06,DK044,Toko,1,1380000,4.5,170000
2024-07-07,ORD-2024-001859,P00479,T06,DK025,Toko,1,660000,3.6,
2024-07-07,ORD-2024-001876,P00988,T13,LM003,Online,1,5440000,11.5,270000
2024-07-07,ORD-2024-001896,P01496,T07,KR007,Toko,3,1690000,16.0,
2024-07-07,ORD-2024-001896,P01496,T07,DK036,Toko,1,510000,3.7,
2024-07-08,ORD-2024-001669,P01727,T13,KR003,Online,1,1440000,11.6,120000
2024-07-08,ORD-2024-001669,P01727,T13,MJ009,Online,4,2670000,14.9,390000
2024-07-08,ORD-2024-001669,P01727,T13,KS007,Online,3,6100000,13.1,150000
2024-07-08,ORD-2024-001671,P03231,T02,LM030,Toko,1,5720000,16.3,
2024-07-08,ORD-2024-001679,P02008,T02,PC032,Toko,2,470000,2.7,
2024-07-08,ORD-2024-001679,P02008,T02,DK042,Toko,1,1280000,10.6,
2024-07-08,ORD-2024-001742,P01808,T13,PC007,Online,1,1510000,0.0,110000
2024-07-08,ORD-2024-001763,P00797,T13,KR041,Online,1,1620000,9.4,510000
2024-07-08,ORD-2024-001784,P01927,T13,PC020,Online,1,2530000,0.0,110000
2024-07-08,ORD-2024-001784,P01927,T13,SF010,Online,1,18330000,6.4,160000
2024-07-08,ORD-2024-001784,P01927,T13,PD004,Online,1,1050000,4.6,240000
2024-07-08,ORD-2024-001796,P02075,T13,KR005,Online,3,3610000,8.2,540000
2024-07-08,ORD-2024-001808,P03361,T01,DK042,Toko,1,1280000,14.2,
2024-07-08,ORD-2024-001827,P01987,T01,KR020,Toko,1,1970000,9.3,
2024-07-08,ORD-2024-001830,P01179,T01,PC015,Marketplace,1,1320000,6.8,420000
2024-07-08,ORD-2024-001830,P01179,T01,PC030,Marketplace,1,1220000,0.0,250000
2024-07-08,ORD-2024-001830,P01179,T01,DK030,Marketplace,1,930000,14.5,270000
2024-07-08,ORD-2024-001834,P01281,T10,KS028,Marketplace,1,7780000,3.3,190000
2024-07-08,ORD-2024-001834,P01281,T10,PD013,Marketplace,2,1030000,9.5,560000
2024-07-08,ORD-2024-001834,P01281,T10,DK028,Marketplace,1,730000,0.0,410000
2024-07-08,ORD-2024-001858,P02802,T10,PC014,Toko,1,1800000,10.8,
2024-07-08,ORD-2024-001872,P01777,T08,DK026,Toko,1,1170000,0.0,
2024-07-08,ORD-2024-001879,P02521,T13,KR011,Online,2,1570000,7.3,210000
2024-07-08,ORD-2024-001879,P02521,T13,DK038,Online,1,530000,12.2,70000
2024-07-08,ORD-2024-001888,P02158,T13,DK003,Online,1,420000,0.0,160000
2024-07-09,ORD-2024-001646,P02849,T10,KR040,Toko,1,2380000,7.7,
2024-07-09,ORD-2024-001664,P01172,T13,DK035,Online,2,400000,16.3,160000
2024-07-09,ORD-2024-001664,P01172,T13,KR034,Online,2,2350000,9.5,210000
2024-07-09,ORD-2024-001664,P01172,T13,KS001,Online,1,9740000,10.4,450000
2024-07-09,ORD-2024-001723,P01365,T09,DK023,Marketplace,1,770000,0.0,420000
2024-07-09,ORD-2024-001761,P01161,T01,DK036,Toko,1,510000,0.0,220000
2024-07-09,ORD-2024-001761,P01161,T01,KR046,Toko,2,1210000,14.3,
2024-07-09,ORD-2024-001761,P01161,T01,PC004,Toko,3,1660000,9.8,
2024-07-09,ORD-2024-001777,P01081,T11,PD022,Marketplace,1,520000,11.4,230000
2024-07-09,ORD-2024-001777,P01081,T11,PD010,Marketplace,2,450000,14.8,570000
2024-07-09,ORD-2024-001845,P02712,T09,DK020,Marketplace,2,690000,5.9,350000
2024-07-09,ORD-2024-001845,P02712,T09,KS024,Marketplace,1,13500000,19.2,
2024-07-09,ORD-2024-001885,P02301,T06,DK031,Toko,1,800000,10.6,
2024-07-09,ORD-2024-001889,P01722,T04,MJ035,Toko,4,5190000,5.8,
2024-07-09,ORD-2024-001899,P02044,T13,MJ040,Online,3,4110000,14.8,360000
2024-07-10,ORD-2024-001690,P00759,T01,DK041,Toko,1,2550000,3.5,
2024-07-10,ORD-2024-001690,P00759,T01,SF016,Toko,1,10420000,0.0,
2024-07-10,ORD-2024-001690,P00759,T01,KR002,Toko,1,1500000,11.4,
2024-07-10,ORD-2024-001690,P00759,T01,PD007,Toko,1,770000,13.1,
2024-07-10,ORD-2024-001691,P02579,T13,LM031,Online,2,6490000,11.0,290000
2024-07-10,ORD-2024-001701,P00404,T02,DK028,Toko,1,730000,10.9,
2024-07-10,ORD-2024-001750,P01292,T04,DK033,Marketplace,1,220000,8.2,480000
2024-07-10,ORD-2024-001750,P01292,T04,KR040,Marketplace,2,2380000,0.0,370000
2024-07-10,ORD-2024-001766,P00529,T11,DK029,Toko,1,500000,11.3,
2024-07-10,ORD-2024-001783,P01512,T13,DK007,Online,1,900000,13.4,300000
2024-07-10,ORD-2024-001783,P01512,T13,MJ034,Online,1,6280000,9.6,60000
2024-07-10,ORD-2024-001783,P01512,T13,PD013,Online,1,1030000,0.0,360000
2024-07-10,ORD-2024-001783,P01512,T13,MJ040,Online,1,4110000,8.0,150000
2024-07-10,ORD-2024-001852,P02596,T11,DK034,Toko,1,830000,15.9,
2024-07-10,ORD-2024-001852,P02596,T11,DK027,Toko,1,630000,15.8,
2024-07-10,ORD-2024-001852,P02596,T11,KR037,Toko,1,2790000,15.5,
2024-07-11,ORD-2024-001650,P03216,T13,PC008,Online,1,1830000,18.7,530000
2024-07-11,ORD-2024-001714,P01331,T12,MJ044,Toko,2,6150000,7.0,
2024-07-11,ORD-2024-001720,P02692,T01,PD008,Toko,1,970000,7.7,
2024-07-11,ORD-2024-001730,P01092,T07,LM010,Toko,1,7760000,13.5,200000
2024-07-11,ORD-2024-001730,P01092,T07,PC006,Toko,3,1850000,11.2,
2024-07-11,ORD-2024-001730,P01092,T07,DK042,Toko,3,1280000,0.0,
2024-07-11,ORD-2024-001730,P01092,T07,PD016,Toko,2,1080000,11.6,
2024-07-11,ORD-2024-001755,P02901,T13,LM013,Online,4,3180000,10.0,70000
2024-07-11,ORD-2024-001755,P02901,T13,PD007,Online,1,770000,0.0,280000
2024-07-11,ORD-2024-001793,P02846,T02,PD018,Toko,1,530000,11.4,
2024-07-11,ORD-2024-001793,P02846,T02,MJ016,Toko,2,7350000,0.0,
2024-07-11,ORD-2024-001802,P00691,T10,KR023,Toko,1,1270000,0.0,330000
2024-07-11,ORD-2024-001840,P02701,T13,KS007,Online,1,6100000,9.0,230000
2024-07-11,ORD-2024-001840,P02701,T13,KR038,Online,1,2240000,0.0,390000
2024-07-11,ORD-2024-001892,P00531,T13,PC029,Online,1,1900000,12.4,370000
2024-07-12,ORD-2024-001663,P00250,T13,SF020,Online,2,9700000,13.6,320000
2024-07-12,ORD-2024-001663,P00250,T13,LM032,Online,1,4960000,12.4,450000
2024-07-12,ORD-2024-001694,P00254,T01,DK003,Marketplace,2,420000,12.0,550000
2024-07-12,ORD-2024-001699,P02344,T13,PC014,Online,1,1800000,20.1,550000
2024-07-12,ORD-2024-001744,P00758,T05,DK019,Toko,1,860000,22.2,
2024-07-12,ORD-2024-001785,P02024,T13,DK008,Online,1,910000,9.3,180000
2024-07-12,ORD-2024-001785,P02024,T13,PC007,Online,1,1510000,0.0,390000
2024-07-12,ORD-2024-001785,P02024,T13,KR009,Online,1,3260000,0.0,320000
2024-07-12,ORD-2024-001867,P00720,T13,PC013,Online,1,1410000,7.4,50000
2024-07-13,ORD-2024-001670,P02858,T02,DK042,Toko,2,1280000,10.2,
2024-07-13,ORD-2024-001670,P02858,T02,DK012,Toko,1,960000,4.8,
2024-07-13,ORD-2024-001686,P01553,T06,MJ020,Toko,2,4520000,0.1,
2024-07-13,ORD-2024-001721,P02505,T12,SF042,Marketplace,1,4260000,15.3,140000
2024-07-13,ORD-2024-001773,P03330,T11,MJ007,Toko,1,5590000,10.8,
2024-07-13,ORD-2024-001855,P03299,T10,KS034,Marketplace,1,6400000,19.6,210000
2024-07-13,ORD-2024-001855,P03299,T10,DK019,Marketplace,4,860000,6.8,250000
2024-07-13,ORD-2024-001857,P00214,T13,LM027,Online,1,14450000,10.6,230000
2024-07-13,ORD-2024-001857,P00214,T13,KS012,Online,1,11030000,8.5,230000
2024-07-13,ORD-2024-001880,P00310,T02,DK022,Marketplace,1,550000,13.8,440000
2024-07-14,ORD-2024-001630,,T02,PD003,Toko,2,1200000,11.9,440000
2024-07-14,ORD-2024-001630,,T02,KR019,Toko,1,2530000,0.0,
2024-07-14,ORD-2024-001758,P00131,T06,LM037,Toko,1,3800000,13.9,130000
2024-07-14,ORD-2024-001758,P00131,T06,DK015,Toko,1,1390000,0.0,
2024-07-14,ORD-2024-001758,P00131,T06,KR009,Toko,1,3260000,7.4,
2024-07-14,ORD-2024-001758,P00131,T06,KR008,Toko,1,2800000,9.3,
2024-07-14,ORD-2024-001794,P00669,T09,MJ031,Marketplace,1,7400000,11.4,490000
2024-07-14,ORD-2024-001805,P02343,T11,PC003,Toko,3,1200000,0.0,
2024-07-14,ORD-2024-001835,P02639,T13,PC023,Online,1,1920000,13.7,480000
2024-07-14,ORD-2024-001887,P01343,T07,LM002,Marketplace,2,5960000,9.6,270000
2024-07-15,ORD-2024-001661,P00574,T13,PD021,Online,1,660000,0.0,380000
2024-07-15,ORD-2024-001661,P00574,T13,SF019,Online,3,8050000,0.0,470000
2024-07-15,ORD-2024-001741,P02605,T13,KR005,Online,1,3610000,16.9,190000
2024-07-15,ORD-2024-001795,P02109,T13,MJ046,Online,2,2600000,4.2,530000
2024-07-15,ORD-2024-001795,P02109,T13,SF001,Online,1,7750000,1.1,190000
2024-07-15,ORD-2024-001795,P02109,T13,KR046,Online,4,1210000,15.0,590000
2024-07-15,ORD-2024-001795,P02109,T13,PD003,Online,1,1200000,10.3,50000
2024-07-15,ORD-2024-001812,P02101,T01,KR010,Toko,1,1900000,10.6,
2024-07-15,ORD-2024-001812,P02101,T01,KR044,Toko,1,2280000,12.2,
2024-07-15,ORD-2024-001820,P02796,T13,KS018,Online,1,7410000,14.3,170000
2024-07-15,ORD-2024-001844,P02051,T13,DK038,Online,1,530000,15.0,380000
2024-07-16,ORD-2024-001700,P00818,T13,PD004,Online,1,1050000,9.1,280000
2024-07-16,ORD-2024-001700,P00818,T13,KS003,Online,1,12030000,9.4,550000
2024-07-16,ORD-2024-001719,,T06,PD005,Toko,2,390000,15.7,
2024-07-16,ORD-2024-001733,P02101,T02,DK023,Toko,2,770000,1.9,
2024-07-16,ORD-2024-001756,P02770,T13,MJ023,Online,1,8100000,4.2,560000
2024-07-16,ORD-2024-001756,P02770,T13,DK037,Online,1,540000,1.4,190000
2024-07-16,ORD-2024-001767,P00142,T13,KR004,Online,1,1790000,2.9,180000
2024-07-16,ORD-2024-001767,P00142,T13,PD005,Online,1,390000,9.9,540000
2024-07-16,ORD-2024-001789,P00651,T13,PC026,Online,4,860000,13.0,300000
2024-07-16,ORD-2024-001798,P01533,T03,MJ025,Toko,1,5470000,0.0,
2024-07-16,ORD-2024-001798,P01533,T03,PC032,Toko,1,470000,8.1,
2024-07-16,ORD-2024-001804,P00592,T04,KR029,Toko,3,5120000,11.8,
2024-07-16,ORD-2024-001838,P02783,T11,KR020,Toko,4,1970000,20.8,400000
2024-07-16,ORD-2024-001841,P01333,T13,SF029,Online,1,7520000,14.1,540000
2024-07-16,ORD-2024-001871,P03385,T13,KR023,Online,1,1270000,17.5,130000
2024-07-16,ORD-2024-001878,P02944,T13,LM026,Online,2,5250000,8.3,500000
2024-07-16,ORD-2024-001878,P02944,T13,PC019,Online,1,1840000,0.0,330000
2024-07-17,ORD-2024-001648,P02454,T09,KR035,Toko,1,1760000,10.9,
2024-07-17,ORD-2024-001703,P02901,T07,DK043,Toko,2,760000,13.3,
2024-07-17,ORD-2024-001703,P02901,T07,PC032,Toko,1,470000,19.3,
2024-07-17,ORD-2024-001726,P02367,T09,KR008,Toko,1,2800000,12.8,230000
2024-07-17,ORD-2024-001737,P01669,T10,DK032,Toko,1,340000,9.1,
2024-07-17,ORD-2024-001740,P00612,T13,KR030,Online,1,3050000,10.1,90000
2024-07-17,ORD-2024-001740,P00612,T13,DK036,Online,2,510000,0.0,540000
2024-07-17,ORD-2024-001740,P00612,T13,PC026,Online,3,860000,1.8,180000
2024-07-17,ORD-2024-001748,P02990,T01,PC002,Marketplace,2,1740000,18.0,550000
2024-07-17,ORD-2024-001749,P00541,T13,SF032,Online,2,6260000,16.0,90000
2024-07-17,ORD-2024-001775,P00074,T05,KR009,Toko,2,3260000,9.3,
2024-07-17,ORD-2024-001831,P01183,T13,KR012,Online,1,2460000,1.9,170000
2024-07-17,ORD-2024-001831,P01183,T13,PC016,Online,1,1760000,9.0,560000
2024-07-17,ORD-2024-001831,P01183,T13,MJ024,Online,1,3010000,10.0,190000
2024-07-17,ORD-2024-001847,P00288,T13,PD013,Online,1,1030000,5.7,260000
2024-07-17,ORD-2024-001893,P02157,T09,KR026,Toko,1,2860000,12.9,
2024-07-18,ORD-2024-001629,P00821,T13,KR042,Online,1,1850000,7.8,260000
2024-07-18,ORD-2024-001638,P01000,T02,PC013,Toko,1,1410000,3.6,
2024-07-18,ORD-2024-001656,P00624,T04,PD020,Toko,4,920000,6.1,
2024-07-18,ORD-2024-001656,P00624,T04,MJ007,Toko,1,5590000,0.0,
2024-07-18,ORD-2024-001656,P00624,T04,DK040,Toko,1,1260000,0.0,
2024-07-18,ORD-2024-001747,P03326,T13,PC015,Online,1,1320000,0.0,540000
2024-07-18,ORD-2024-001776,P02210,T13,KR010,Online,1,1900000,6.4,570000
2024-07-18,ORD-2024-001819,P00873,T13,MJ030,Online,1,2670000,0.0,180000
2024-07-18,ORD-2024-001819,P00873,T13,KR020,Online,1,1970000,8.0,590000
2024-07-18,ORD-2024-001861,P02551,T13,KR034,Online,1,2350000,11.0,530000
2024-07-18,ORD-2024-001861,P02551,T13,DK027,Online,2,630000,4.3,80000
2024-07-18,ORD-2024-001861,P02551,T13,DK028,Online,1,730000,0.0,120000
2024-07-18,ORD-2024-001881,P00311,T11,DK027,Marketplace,1,630000,12.6,280000
2024-07-18,ORD-2024-001881,P00311,T11,PC016,Marketplace,1,1760000,16.8,160000
2024-07-18,ORD-2024-001891,P03297,T10,KS005,Marketplace,1,13120000,10.6,290000
2024-07-19,ORD-2024-001654,P03335,T13,DK012,Online,1,960000,0.0,220000
2024-07-19,ORD-2024-001711,P02372,T04,DK029,Toko,2,500000,5.1,
2024-07-19,ORD-2024-001725,P01127,T12,PD019,Toko,3,1260000,11.3,
2024-07-19,ORD-2024-001745,P02898,T05,KR004,Toko,1,1790000,19.4,
2024-07-19,ORD-2024-001813,P02843,T11,PC032,Toko,1,470000,11.4,
2024-07-20,ORD-2024-001673,P03215,T03,DK032,Toko,2,340000,8.7,
2024-07-20,ORD-2024-001797,P00268,T13,SF023,Online,1,7750000,13.0,200000
2024-07-20,ORD-2024-001825,P01235,T10,DK014,Toko,1,890000,8.5,
2024-07-20,ORD-2024-001825,P01235,T10,MJ026,Toko,1,3480000,5.8,
2024-07-20,ORD-2024-001874,P01433,T13,PD026,Online,2,520000,16.0,550000
2024-07-21,ORD-2024-001631,P00581,T13,KR020,Online,1,1970000,6.9,90000
2024-07-21,ORD-2024-001631,P00581,T13,PD026,Online,2,520000,4.5,270000
2024-07-21,ORD-2024-001631,P00581,T13,KS030,Online,1,3860000,0.0,550000
2024-07-21,ORD-2024-001631,P00581,T13,DK029,Online,1,500000,11.2,300000
2024-07-21,ORD-2024-001643,P01873,T13,DK008,Online,3,910000,13.3,120000
2024-07-21,ORD-2024-001678,P02010,T13,PD007,Online,1,770000,10.7,570000
2024-07-21,ORD-2024-001695,P01049,T13,SF021,Online,1,9200000,8.2,290000
2024-07-21,ORD-2024-001695,P01049,T13,DK004,Online,1,1240000,16.9,440000
2024-07-21,ORD-2024-001695,P01049,T13,SF001,Online,1,7750000,11.1,200000
2024-07-21,ORD-2024-001732,P01481,T05,SF029,Marketplace,1,7520000,11.0,150000
2024-07-21,ORD-2024-001746,P03195,T13,MJ024,Online,1,3010000,8.4,50000
2024-07-21,ORD-2024-001746,P03195,T13,DK031,Online,1,800000,15.9,460000
2024-07-21,ORD-2024-001759,P03227,T08,MJ008,Toko,2,3030000,16.1,
2024-07-21,ORD-2024-001779,P01430,T04,KR014,Toko,1,3530000,11.6,
2024-07-21,ORD-2024-001800,P00102,T13,DK037,Online,1,540000,12.4,560000
2024-07-21,ORD-2024-001807,P02601,T13,KR018,Online,1,1090000,18.4,360000
2024-07-21,ORD-2024-001816,P03273,T03,PC022,Marketplace,1,3000000,8.4,150000
2024-07-21,ORD-2024-001817,P00960,T09,PC032,Toko,1,470000,0.0,
2024-07-21,ORD-2024-001817,P00960,T09,DK004,Toko,1,1240000,0.0,
2024-07-21,ORD-2024-001854,P01092,T09,SF040,Toko,4,5750000,4.8,
2024-07-21,ORD-2024-001854,P01092,T09,PC013,Toko,1,1410000,13.0,
2024-07-21,ORD-2024-001868,P01011,T03,MJ020,Marketplace,2,4520000,15.4,
2024-07-22,ORD-2024-001634,P01370,T06,MJ009,Marketplace,1,2670000,14.5,510000
2024-07-22,ORD-2024-001698,P00670,T13,KR010,Online,1,1900000,8.8,70000
2024-07-22,ORD-2024-001698,P00670,T13,MJ038,Online,1,5030000,17.3,190000
2024-07-22,ORD-2024-001698,P00670,T13,PC023,Online,1,1920000,14.2,280000
2024-07-22,ORD-2024-001698,P00670,T13,PC028,Online,1,2190000,14.5,390000
2024-07-22,ORD-2024-001715,P02786,T09,KS002,Marketplace,2,6150000,0.0,430000
2024-07-22,ORD-2024-001715,P02786,T09,PD006,Marketplace,1,970000,2.9,410000
2024-07-22,ORD-2024-001715,P02786,T09,DK003,Marketplace,4,420000,16.2,220000
2024-07-22,ORD-2024-001736,P02314,T13,PC016,Online,2,1760000,0.0,410000
2024-07-22,ORD-2024-001736,P02314,T13,KR004,Online,1,1790000,12.0,260000
2024-07-22,ORD-2024-001810,P02574,T13,DK015,Online,4,1390000,13.0,380000
2024-07-22,ORD-2024-001810,P02574,T13,PD002,Online,2,1150000,0.0,160000
2024-07-22,ORD-2024-001843,P03009,T13,DK025,Online,1,660000,3.3,520000
2024-07-22,ORD-2024-001843,P03009,T13,PD018,Online,1,530000,0.0,350000
2024-07-22,ORD-2024-001849,P02609,T12,DK004,Toko,1,1240000,17.0,
2024-07-22,ORD-2024-001851,P00945,T06,PD005,Toko,3,390000,3.0,
2024-07-23,ORD-2024-001651,P01558,T06,DK038,Toko,1,530000,0.0,
2024-07-23,ORD-2024-001651,P01558,T06,PC003,Toko,1,1200000,7.1,140000
2024-07-23,ORD-2024-001651,P01558,T06,PC026,Toko,1,860000,4.9,
2024-07-23,ORD-2024-001651,P01558,T06,PC017,Toko,1,1720000,10.6,
2024-07-23,ORD-2024-001674,P00574,T13,PC008,Online,2,1830000,14.0,190000
2024-07-23,ORD-2024-001687,P03453,T06,MJ009,Marketplace,2,2670000,12.9,470000
2024-07-23,ORD-2024-001717,P03100,T13,LM034,Online,1,5930000,7.0,370000
2024-07-23,ORD-2024-001717,P03100,T13,PC030,Online,2,1220000,0.0,540000
2024-07-23,ORD-2024-001717,P03100,T13,MJ039,Online,1,6590000,0.0,390000
2024-07-23,ORD-2024-001722,P00272,T09,KR010,Toko,1,1900000,10.6,
2024-07-23,ORD-2024-001722,P00272,T09,DK014,Toko,2,890000,2.2,
2024-07-23,ORD-2024-001722,P00272,T09,DK008,Toko,3,910000,6.6,
2024-07-23,ORD-2024-001722,P00272,T09,KR007,Toko,3,1690000,0.0,
2024-07-23,ORD-2024-001743,P01818,T03,DK019,Marketplace,1,860000,10.0,580000
2024-07-23,ORD-2024-001751,P03180,T12,PC007,Toko,1,1510000,8.1,
2024-07-23,ORD-2024-001754,P01857,T13,PD003,Online,4,1200000,5.5,200000
2024-07-23,ORD-2024-001790,P03460,T09,DK013,Toko,1,1520000,4.5,
2024-07-23,ORD-2024-001792,P00180,T02,KR021,Toko,2,2670000,17.4,
2024-07-23,ORD-2024-001792,P00180,T02,KR003,Toko,4,1440000,0.0,
2024-07-23,ORD-2024-001792,P00180,T02,DK008,Toko,1,910000,18.0,270000
2024-07-23,ORD-2024-001801,P01671,T02,PC015,Marketplace,1,1320000,7.3,490000
2024-07-23,ORD-2024-001801,P01671,T02,PC008,Marketplace,1,1830000,0.0,150000
2024-07-23,ORD-2024-001853,P02973,T03,PC026,Marketplace,1,860000,9.1,300000
2024-07-23,ORD-2024-001853,P02973,T03,KR008,Marketplace,1,2800000,7.1,530000
2024-07-23,ORD-2024-001853,P02973,T03,DK037,Marketplace,2,540000,0.0,200000
2024-07-23,ORD-2024-001862,P00341,T13,PC023,Online,3,1920000,11.2,500000
2024-07-23,ORD-2024-001862,P00341,T13,LM009,Online,1,2210000,15.7,530000
2024-07-23,ORD-2024-001862,P00341,T13,DK033,Online,2,220000,11.9,410000
2024-07-23,ORD-2024-001873,P00198,T07,PC014,Toko,1,1800000,8.1,
2024-07-23,ORD-2024-001898,P03346,T13,KR018,Online,1,1090000,17.2,420000
2024-07-24,ORD-2024-001647,P00872,T01,MJ011,Toko,1,6920000,12.6,
2024-07-24,ORD-2024-001647,P00872,T01,DK036,Toko,1,510000,6.2,
2024-07-24,ORD-2024-001647,P00872,T01,MJ021,Toko,1,2560000,20.9,
2024-07-24,ORD-2024-001710,P01208,T12,MJ017,Marketplace,1,3280000,4.9,250000
2024-07-24,ORD-2024-001710,P01208,T12,LM015,Marketplace,2,3180000,6.6,60000
2024-07-24,ORD-2024-001710,P01208,T12,KR004,Marketplace,1,1790000,8.6,90000
2024-07-24,ORD-2024-001710,P01208,T12,DK027,Marketplace,1,630000,8.2,190000
2024-07-24,ORD-2024-001727,P00070,T01,MJ035,Toko,3,5190000,16.4,
2024-07-24,ORD-2024-001727,P00070,T01,MJ013,Toko,1,2960000,14.4,
2024-07-24,ORD-2024-001727,P00070,T01,KR005,Toko,1,3610000,15.2,
2024-07-24,ORD-2024-001731,P01460,T13,DK021,Online,4,1010000,10.7,240000
2024-07-24,ORD-2024-001731,P01460,T13,PD018,Online,1,530000,0.0,400000
2024-07-24,ORD-2024-001765,P03390,T13,DK043,Online,1,760000,9.6,180000
2024-07-24,ORD-2024-001770,P02013,T13,PC032,Online,2,470000,11.3,100000
2024-07-24,ORD-2024-001822,P01533,T01,PC004,Toko,1,1660000,8.5,
2024-07-24,ORD-2024-001824,P02711,T13,LM021,Online,2,7550000,12.4,180000
2024-07-24,ORD-2024-001824,P02711,T13,LM020,Online,1,8740000,15.1,520000
2024-07-24,ORD-2024-001832,P00870,T13,PD019,Online,1,1260000,0.0,590000
2024-07-24,ORD-2024-001832,P00870,T13,KR026,Online,1,2860000,0.0,60000
2024-07-24,ORD-2024-001860,P00405,T13,KR042,Online,2,1850000,13.2,360000
2024-07-24,ORD-2024-001863,P02381,T12,KR001,Toko,1,3260000,0.0,
2024-07-25,ORD-2024-001655,P03034,T07,MJ003,Marketplace,1,2060000,10.5,250000
2024-07-25,ORD-2024-001657,P03388,T01,DK020,Marketplace,1,690000,0.0,140000
2024-07-25,ORD-2024-001667,P00316,T13,DK038,Online,1,530000,0.0,440000
2024-07-25,ORD-2024-001682,P01381,T04,KS016,Toko,1,26320000,9.1,
2024-07-25,ORD-2024-001728,P00810,T13,DK003,Online,1,420000,12.4,310000
2024-07-25,ORD-2024-001782,P02670,T13,KS005,Online,4,13120000,13.8,220000
2024-07-25,ORD-2024-001782,P02670,T13,PC005,Online,1,660000,10.6,120000
2024-07-25,ORD-2024-001799,P01854,T06,LM007,Marketplace,1,4350000,0.0,390000
2024-07-25,ORD-2024-001799,P01854,T06,DK031,Marketplace,1,800000,3.9,440000
2024-07-25,ORD-2024-001806,P00288,T13,LM023,Online,2,8770000,9.8,140000
2024-07-25,ORD-2024-001806,P00288,T13,PD006,Online,2,970000,0.0,350000
2024-07-25,ORD-2024-001842,P02069,T02,DK035,Marketplace,1,400000,15.8,110000
2024-07-25,ORD-2024-001842,P02069,T02,DK028,Marketplace,2,730000,0.0,540000
2024-07-25,ORD-2024-001842,P02069,T02,MJ027,Marketplace,1,3790000,10.6,580000
2024-07-25,ORD-2024-001870,P02478,T05,KR017,Marketplace,2,4540000,4.3,440000
2024-07-25,ORD-2024-001870,P02478,T05,DK026,Marketplace,3,1170000,7.4,470000
2024-07-26,ORD-2024-001662,P03321,T01,DK038,Toko,1,530000,9.1,
2024-07-26,ORD-2024-001662,P03321,T01,PC031,Toko,2,1660000,12.9,
2024-07-26,ORD-2024-001685,P01991,T06,PC008,Marketplace,1,1830000,14.7,350000
2024-07-26,ORD-2024-001718,P03103,T13,DK022,Online,1,550000,4.6,
2024-07-26,ORD-2024-001815,P02340,T09,DK039,Toko,3,870000,11.1,
2024-07-26,ORD-2024-001828,P01054,T13,KR018,Online,2,1090000,22.6,440000
2024-07-26,ORD-2024-001894,P03480,T02,PC032,Toko,1,470000,13.7,
2024-07-27,ORD-2024-001760,P03429,T08,KR021,Toko,2,2670000,0.0,
2024-07-27,ORD-2024-001778,P00255,T03,DK031,Toko,3,800000,0.0,
2024-07-27,ORD-2024-001778,P00255,T03,PD010,Toko,2,450000,9.9,420000
2024-07-27,ORD-2024-001803,P00116,T13,PD021,Online,1,660000,18.7,460000
2024-07-27,ORD-2024-001803,P00116,T13,MJ010,Online,1,3850000,15.6,260000
2024-07-27,ORD-2024-001803,P00116,T13,PC005,Online,2,660000,8.6,540000
2024-07-27,ORD-2024-001829,P02281,T13,PC028,Online,2,2190000,8.9,530000
2024-07-27,ORD-2024-001829,P02281,T13,DK035,Online,1,400000,10.4,560000
2024-07-27,ORD-2024-001846,P02392,T07,PD021,Toko,1,660000,0.0,
2024-07-27,ORD-2024-001846,P02392,T07,KS022,Toko,1,13060000,12.7,
2024-07-28,ORD-2024-001635,P03350,T04,MJ004,Toko,2,3430000,11.4,
2024-07-28,ORD-2024-001635,P03350,T04,PD010,Toko,3,450000,7.3,
2024-07-28,ORD-2024-001635,P03350,T04,DK017,Toko,2,1740000,8.9,
2024-07-28,ORD-2024-001644,P00729,T09,KS015,Toko,1,7280000,7.8,
2024-07-28,ORD-2024-001644,P00729,T09,DK032,Toko,1,340000,7.9,
2024-07-28,ORD-2024-001666,P00161,T13,DK011,Online,1,2070000,6.9,560000
2024-07-28,ORD-2024-001666,P00161,T13,MJ044,Online,1,6150000,10.1,130000
2024-07-28,ORD-2024-001675,P01473,T13,LM019,Online,2,5540000,10.5,450000
2024-07-28,ORD-2024-001692,P03155,T13,PD011,Online,1,750000,3.2,390000
2024-07-28,ORD-2024-001692,P03155,T13,SF009,Online,1,11780000,11.6,440000
2024-07-28,ORD-2024-001692,P03155,T13,PC001,Online,4,1430000,11.4,460000
2024-07-28,ORD-2024-001729,P02697,T02,PC010,Toko,1,1240000,7.7,
2024-07-28,ORD-2024-001729,P02697,T02,LM039,Toko,2,7740000,12.7,
2024-07-28,ORD-2024-001768,P00338,T13,PC010,Online,1,1240000,11.3,170000
2024-07-28,ORD-2024-001774,P01194,T04,KR010,Toko,1,1900000,0.0,
2024-07-28,ORD-2024-001774,P01194,T04,MJ014,Toko,2,4970000,8.2,
2024-07-28,ORD-2024-001781,P01069,T13,PC032,Online,1,470000,0.0,110000
2024-07-28,ORD-2024-001823,P01290,T07,SF024,Toko,1,3520000,0.0,
2024-07-28,ORD-2024-001823,P01290,T07,DK006,Toko,1,2070000,16.0,
2024-07-28,ORD-2024-001823,P01290,T07,MJ011,Toko,4,6920000,16.0,
2024-07-28,ORD-2024-001869,P01169,T01,SF024,Toko,2,3520000,12.7,
2024-07-28,ORD-2024-001900,P02613,T04,DK033,Toko,1,220000,0.0,
2024-07-29,ORD-2024-001642,P02549,T13,SF030,Online,2,5980000,0.0,
2024-07-29,ORD-2024-001642,P02549,T13,KR038,Online,1,2240000,6.0,190000
2024-07-29,ORD-2024-001645,P02486,T06,DK016,Marketplace,1,730000,0.0,390000
2024-07-29,ORD-2024-001649,P02506,T13,PD016,Online,3,1080000,0.0,170000
2024-07-29,ORD-2024-001697,P01922,T03,KR047,Toko,1,4470000,0.0,
2024-07-29,ORD-2024-001697,P01922,T03,DK002,Toko,1,490000,0.0,
2024-07-29,ORD-2024-001704,P01826,T13,SF013,Online,1,16570000,18.6,510000
2024-07-29,ORD-2024-001709,P02413,T13,KR026,Online,1,2860000,9.7,460000
2024-07-29,ORD-2024-001724,P00406,T01,PD024,Toko,1,1130000,11.1,
2024-07-29,ORD-2024-001724,P00406,T01,SF019,Toko,1,8050000,10.3,
2024-07-29,ORD-2024-001724,P00406,T01,DK003,Toko,1,420000,9.6,110000
2024-07-29,ORD-2024-001724,P00406,T01,MJ042,Toko,4,10940000,0.0,
2024-07-29,ORD-2024-001818,P02026,T13,MJ009,Online,4,2670000,0.0,590000
2024-07-29,ORD-2024-001850,P01682,T10,MJ037,Toko,1,3320000,6.1,
2024-07-29,ORD-2024-001850,P01682,T10,KR009,Toko,1,3260000,7.6,
2024-07-29,ORD-2024-001895,P02288,T11,DK008,Marketplace,1,910000,4.8,380000
2024-07-30,ORD-2024-001641,P03425,T04,DK022,Toko,1,550000,13.8,
2024-07-30,ORD-2024-001688,P00835,T13,KR042,Online,2,1850000,10.7,170000
2024-07-30,ORD-2024-001716,P00467,T05,DK041,Toko,1,2550000,15.5,
2024-07-30,ORD-2024-001716,P00467,T05,PC013,Toko,1,1410000,11.4,
2024-07-30,ORD-2024-001757,P02360,T10,PD014,Toko,1,1590000,0.0,
2024-07-30,ORD-2024-001791,P01631,T11,LM012,Marketplace,1,7130000,9.1,340000
2024-07-30,ORD-2024-001809,P02225,T02,DK043,Toko,2,760000,14.5,
2024-07-30,ORD-2024-001821,P02503,T02,KS031,Marketplace,1,4390000,0.0,540000
2024-07-30,ORD-2024-001821,P02503,T02,PC018,Marketplace,1,1420000,18.1,450000
2024-07-30,ORD-2024-001826,P00345,T03,DK016,Toko,1,730000,9.1,
2024-07-30,ORD-2024-001897,P00882,T09,DK026,Toko,1,1170000,12.0,
2024-07-30,ORD-2024-001897,P00882,T09,MJ039,Toko,1,6590000,7.8,
2024-07-30,ORD-2024-001897,P00882,T09,KS008,Toko,3,5690000,16.6,
2024-07-30,ORD-2024-001897,P00882,T09,PC022,Toko,2,3000000,14.2,
2024-07-31,ORD-2024-001632,P03306,T13,PD016,Online,1,1080000,7.2,110000
2024-07-31,ORD-2024-001653,P01998,T09,DK002,Toko,1,490000,8.0,
2024-07-31,ORD-2024-001676,P02475,T13,PD025,Online,3,1100000,19.5,540000
2024-07-31,ORD-2024-001676,P02475,T13,KR013,Online,1,3330000,5.7,60000
2024-07-31,ORD-2024-001676,P02475,T13,DK033,Online,2,220000,7.2,470000
2024-07-31,ORD-2024-001707,P01995,T13,DK040,Online,1,1260000,8.9,250000
2024-07-31,ORD-2024-001738,P00499,T13,MJ017,Online,1,3280000,8.9,410000
2024-07-31,ORD-2024-001738,P00499,T13,KS016,Online,2,26320000,12.6,240000
2024-07-31,ORD-2024-001752,P01867,T02,MJ019,Toko,1,6140000,10.5,
2024-07-31,ORD-2024-001752,P01867,T02,PC021,Toko,1,4550000,9.9,
2024-07-31,ORD-2024-001771,P02940,T01,DK030,Marketplace,2,930000,13.6,400000
2024-07-31,ORD-2024-001788,P01506,T08,MJ024,Toko,1,3010000,11.8,
2024-07-31,ORD-2024-001811,P01102,T13,MJ015,Online,2,2920000,8.1,
2024-07-31,ORD-2024-001839,P01788,T02,PC006,Marketplace,1,1850000,5.0,440000
2024-07-31,ORD-2024-001856,P00991,T07,KR041,Toko,2,1620000,0.0,
2024-07-31,ORD-2024-001864,P02400,T13,PD018,Online,2,530000,9.6,460000
2024-07-31,ORD-2024-001864,P02400,T13,PD009,Online,1,840000,0.0,80000
2024-07-31,ORD-2024-001864,P02400,T13,PC018,Online,1,1420000,4.4,360000
2024-07-31,ORD-2024-001877,P01638,T13,LM027,Online,1,14450000,8.6,240000
2024-08-01,ORD-2024-001903,P00094,T01,PD005,Marketplace,1,390000,7.8,420000
2024-08-01,ORD-2024-001904,P02624,T13,KS030,Online,1,3860000,12.1,250000
2024-08-01,ORD-2024-001904,P02624,T13,KR015,Online,1,2050000,15.6,500000
2024-08-01,ORD-2024-001936,P02775,T13,DK027,Online,1,630000,8.2,420000
2024-08-01,ORD-2024-001936,P02775,T13,DK033,Online,2,220000,6.4,410000
2024-08-01,ORD-2024-001940,P00208,T13,KS034,Online,1,6400000,17.2,110000
2024-08-01,ORD-2024-001940,P00208,T13,DK003,Online,1,420000,6.3,300000
2024-08-01,ORD-2024-001975,,T02,KS002,Toko,2,6150000,9.4,
2024-08-01,ORD-2024-001975,,T02,MJ011,Toko,2,6920000,10.4,210000
2024-08-01,ORD-2024-002085,P03242,T13,PD001,Online,1,1710000,8.6,510000
2024-08-01,ORD-2024-002085,P03242,T13,DK022,Online,1,550000,0.0,510000
2024-08-01,ORD-2024-002128,P00896,T02,PC032,Marketplace,1,470000,0.0,
2024-08-01,ORD-2024-002143,P02970,T13,PC015,Online,1,1320000,0.0,
2024-08-02,ORD-2024-001910,P02608,T02,KR010,Marketplace,2,1900000,13.8,90000
2024-08-02,ORD-2024-001910,P02608,T02,PD003,Marketplace,2,1200000,15.5,250000
2024-08-02,ORD-2024-001942,P00300,T06,LM029,Marketplace,2,8480000,2.8,190000
2024-08-02,ORD-2024-001999,P00334,T13,DK033,Online,3,220000,6.8,550000
2024-08-02,ORD-2024-002013,P00207,T02,KR006,Toko,4,3040000,10.5,
2024-08-02,ORD-2024-002013,P00207,T02,SF040,Toko,1,5750000,13.1,
2024-08-02,ORD-2024-002013,P00207,T02,KR033,Toko,1,3030000,5.9,
2024-08-02,ORD-2024-002125,P00355,T01,DK035,Toko,2,400000,9.7,
2024-08-02,ORD-2024-002125,P00355,T01,SF011,Toko,1,4580000,6.6,
2024-08-02,ORD-2024-002125,P00355,T01,DK002,Toko,1,490000,5.1,
2024-08-02,ORD-2024-002125,P00355,T01,KR032,Toko,1,2340000,7.8,220000
2024-08-02,ORD-2024-002140,P01108,T13,PC015,Online,1,1320000,5.4,570000
2024-08-02,ORD-2024-002147,P02107,T13,KS011,Online,1,17850000,4.6,440000
2024-08-02,ORD-2024-002147,P02107,T13,PD019,Online,3,1260000,13.4,520000
2024-08-03,ORD-2024-001944,P00574,T13,DK003,Online,1,420000,19.9,100000
2024-08-03,ORD-2024-001947,P02655,T13,DK027,Online,1,630000,14.4,100000
2024-08-03,ORD-2024-001947,P02655,T13,DK038,Online,1,530000,14.1,50000
2024-08-03,ORD-2024-001947,P02655,T13,PC012,Online,1,1870000,17.7,230000
2024-08-03,ORD-2024-001950,P01211,T01,MJ016,Toko,3,7350000,1.5,
2024-08-03,ORD-2024-001961,P00592,T01,PD009,Marketplace,1,840000,6.7,230000
2024-08-03,ORD-2024-001996,P00281,T13,PD021,Online,1,660000,0.0,230000
2024-08-03,ORD-2024-002004,P00011,T13,LM015,Online,1,3180000,0.0,240000
2024-08-03,ORD-2024-002020,P00028,T09,PD009,Toko,1,840000,0.0,
2024-08-03,ORD-2024-002077,P02567,T10,PD011,Marketplace,1,750000,14.1,270000
2024-08-03,ORD-2024-002077,P02567,T10,PC002,Marketplace,1,1740000,11.3,330000
2024-08-03,ORD-2024-002164,P00270,T06,KS026,Toko,1,6770000,6.9,
2024-08-04,ORD-2024-001918,P00529,T06,DK026,Toko,1,1170000,6.1,
2024-08-04,ORD-2024-001918,P00529,T06,DK011,Toko,1,2070000,5.4,
2024-08-04,ORD-2024-001918,P00529,T06,PD003,Toko,1,1200000,0.0,
2024-08-04,ORD-2024-001918,P00529,T06,SF041,Toko,1,7920000,9.1,
2024-08-04,ORD-2024-001926,P02644,T13,KR015,Online,2,2050000,9.4,570000
2024-08-04,ORD-2024-001934,P00684,T09,PC012,Toko,1,1870000,5.1,
2024-08-04,ORD-2024-001949,P02316,T13,DK006,Online,1,2070000,9.9,400000
2024-08-04,ORD-2024-002026,P00727,T04,MJ043,Toko,1,4010000,0.0,
2024-08-04,ORD-2024-002026,P00727,T04,SF033,Toko,2,9380000,14.4,290000
2024-08-04,ORD-2024-002026,P00727,T04,KR037,Toko,1,2790000,6.6,
2024-08-04,ORD-2024-002112,P02219,T13,SF030,Online,1,5980000,10.2,490000
2024-08-04,ORD-2024-002117,P03246,T13,MJ016,Online,1,7350000,2.0,330000
2024-08-04,ORD-2024-002119,P02966,T13,KR040,Online,1,2380000,5.9,180000
2024-08-04,ORD-2024-002119,P02966,T13,MJ021,Online,1,2560000,8.7,270000
2024-08-04,ORD-2024-002146,P01532,T02,DK032,Marketplace,3,340000,15.0,200000
2024-08-04,ORD-2024-002146,P01532,T02,KR006,Marketplace,3,3040000,12.8,320000
2024-08-04,ORD-2024-002155,P03315,T05,DK027,Toko,3,630000,7.0,
2024-08-04,ORD-2024-002155,P03315,T05,KS034,Toko,1,6400000,0.0,140000
2024-08-05,ORD-2024-001901,P03261,T03,DK001,Toko,1,530000,6.7,
2024-08-05,ORD-2024-001931,P01361,T13,MJ030,Online,2,2670000,0.0,120000
2024-08-05,ORD-2024-001963,P01088,T10,PD015,Toko,1,750000,5.8,
2024-08-05,ORD-2024-001965,P03466,T02,KR045,Toko,1,3000000,0.0,
2024-08-05,ORD-2024-001989,P00820,T13,PC017,Online,1,1720000,20.5,530000
2024-08-05,ORD-2024-001989,P00820,T13,MJ034,Online,1,6280000,12.8,320000
2024-08-05,ORD-2024-001989,P00820,T13,KR008,Online,1,2800000,8.7,410000
2024-08-05,ORD-2024-001991,P00738,T13,SF002,Online,1,5950000,0.0,60000
2024-08-05,ORD-2024-001991,P00738,T13,DK023,Online,2,770000,3.9,550000
2024-08-05,ORD-2024-002056,P03128,T06,DK042,Toko,1,1280000,0.0,
2024-08-05,ORD-2024-002056,P03128,T06,MJ024,Toko,3,3010000,11.7,
2024-08-05,ORD-2024-002056,P03128,T06,KR003,Toko,1,1440000,12.9,270000
2024-08-05,ORD-2024-002091,P01679,T13,SF042,Online,1,4260000,2.3,580000
2024-08-05,ORD-2024-002105,P03355,T13,PD005,Online,1,390000,13.9,150000
2024-08-05,ORD-2024-002105,P03355,T13,DK027,Online,1,630000,8.1,
2024-08-05,ORD-2024-002105,P03355,T13,LM019,Online,1,5540000,8.6,220000
2024-08-05,ORD-2024-002105,P03355,T13,PD022,Online,1,520000,13.9,280000
2024-08-05,ORD-2024-002109,P02329,T13,PC029,Online,1,1900000,7.0,50000
2024-08-05,ORD-2024-002109,P02329,T13,DK002,Online,1,490000,3.1,260000
2024-08-05,ORD-2024-002109,P02329,T13,DK021,Online,1,1010000,11.4,80000
2024-08-05,ORD-2024-002109,P02329,T13,LM028,Online,2,6300000,11.7,140000
2024-08-06,ORD-2024-001909,P00140,T13,SF012,Online,3,7980000,12.4,440000
2024-08-06,ORD-2024-001930,P02253,T13,PC009,Online,1,1490000,11.9,80000
2024-08-06,ORD-2024-001979,P00075,T10,PC013,Toko,3,1410000,11.2,
2024-08-06,ORD-2024-002084,P02433,T06,LM012,Toko,1,7130000,0.0,
2024-08-06,ORD-2024-002084,P02433,T06,DK040,Toko,1,1260000,18.1,
2024-08-06,ORD-2024-002084,P02433,T06,LM005,Toko,3,6890000,0.0,
2024-08-06,ORD-2024-002120,P00957,T01,PD022,Toko,3,520000,4.8,
2024-08-06,ORD-2024-002152,P03469,T05,KS003,Toko,1,12030000,11.3,
2024-08-06,ORD-2024-002153,P01397,T03,KR036,Marketplace,1,2360000,6.5,210000
2024-08-06,ORD-2024-002153,P01397,T03,LM020,Marketplace,1,8740000,10.3,150000
2024-08-07,ORD-2024-001925,P02310,T06,PD015,Marketplace,1,750000,6.5,560000
2024-08-07,ORD-2024-001935,P02139,T13,DK011,Online,1,2070000,11.6,480000
2024-08-07,ORD-2024-002061,P00125,T13,MJ026,Online,1,3480000,7.8,310000
2024-08-07,ORD-2024-002061,P00125,T13,LM015,Online,2,3180000,9.1,370000
2024-08-07,ORD-2024-002070,P01514,T13,PC032,Online,1,470000,6.3,150000
2024-08-07,ORD-2024-002075,P02644,T13,DK027,Online,1,630000,10.9,
2024-08-07,ORD-2024-002092,P00117,T03,DK038,Marketplace,4,530000,4.0,590000
2024-08-07,ORD-2024-002107,P00535,T03,KR008,Marketplace,1,2800000,11.0,150000
2024-08-07,ORD-2024-002107,P00535,T03,MJ029,Marketplace,1,2890000,9.4,110000
2024-08-07,ORD-2024-002135,P00864,T13,KR002,Online,1,1500000,12.5,510000
2024-08-07,ORD-2024-002141,P01530,T13,PD015,Online,2,750000,0.0,490000
2024-08-07,ORD-2024-002141,P01530,T13,DK018,Online,2,1000000,12.0,570000
2024-08-07,ORD-2024-002141,P01530,T13,SF016,Online,3,10420000,12.0,430000
2024-08-07,ORD-2024-002145,P02557,T13,MJ007,Online,2,5590000,9.0,220000
2024-08-07,ORD-2024-002145,P02557,T13,MJ015,Online,1,2920000,0.0,50000
2024-08-08,ORD-2024-001969,P00182,T10,MJ005,Toko,1,4030000,14.1,
2024-08-08,ORD-2024-001983,P00646,T13,PD026,Online,1,520000,6.9,350000
2024-08-08,ORD-2024-002036,P02575,T09,LM036,Toko,1,4150000,9.5,
2024-08-08,ORD-2024-002038,,T01,DK024,Toko,2,930000,24.0,
2024-08-08,ORD-2024-002080,P01055,T01,MJ041,Toko,1,2240000,0.0,
2024-08-08,ORD-2024-002080,P01055,T01,PD018,Toko,2,530000,2.0,410000
2024-08-08,ORD-2024-002086,P02202,T09,PC022,Toko,1,3000000,14.3,
2024-08-08,ORD-2024-002086,P02202,T09,PC001,Toko,1,1430000,0.0,
2024-08-08,ORD-2024-002134,P02076,T02,MJ002,Toko,1,3330000,4.7,
2024-08-08,ORD-2024-002134,P02076,T02,PC032,Toko,4,470000,6.0,
2024-08-08,ORD-2024-002163,P03206,T13,LM007,Online,1,4350000,0.0,280000
2024-08-08,ORD-2024-002163,P03206,T13,KR044,Online,2,2280000,10.5,470000
2024-08-08,ORD-2024-002163,P03206,T13,PD026,Online,1,520000,15.3,70000
2024-08-09,ORD-2024-001906,P02366,T09,KR023,Toko,1,1270000,16.9,
2024-08-09,ORD-2024-001968,P00793,T05,MJ017,Toko,1,3280000,12.5,
2024-08-09,ORD-2024-001995,P02763,T13,LM019,Online,1,5540000,0.0,190000
2024-08-09,ORD-2024-001995,P02763,T13,PD026,Online,1,520000,10.2,330000
2024-08-09,ORD-2024-002023,P01809,T13,KR034,Online,1,2350000,13.3,380000
2024-08-09,ORD-2024-002023,P01809,T13,PC005,Online,1,660000,14.3,420000
2024-08-09,ORD-2024-002037,P03344,T13,DK005,Online,1,430000,19.2,520000
2024-08-09,ORD-2024-002079,P01615,T03,DK030,Marketplace,1,930000,5.1,470000
2024-08-09,ORD-2024-002090,P02347,T09,KR044,Marketplace,1,2280000,19.8,90000
2024-08-09,ORD-2024-002114,P01368,T02,PC031,Toko,2,1660000,0.0,
2024-08-09,ORD-2024-002115,P01775,T08,PD001,Marketplace,1,1710000,5.3,330000
2024-08-09,ORD-2024-002115,P01775,T08,PD023,Marketplace,1,1090000,13.8,240000
2024-08-10,ORD-2024-001984,P01468,T10,DK022,Marketplace,2,550000,7.9,580000
2024-08-10,ORD-2024-001984,P01468,T10,DK036,Marketplace,1,510000,15.5,450000
2024-08-10,ORD-2024-002002,P01484,T01,DK041,Toko,1,2550000,0.0,
2024-08-10,ORD-2024-002006,P00832,T09,PC015,Marketplace,1,1320000,0.0,170000
2024-08-10,ORD-2024-002006,P00832,T09,SF004,Marketplace,1,7400000,12.5,360000
2024-08-10,ORD-2024-002031,P02022,T01,MJ027,Marketplace,1,3790000,14.1,360000
2024-08-10,ORD-2024-002062,P00845,T03,PC005,Toko,4,660000,6.5,
2024-08-10,ORD-2024-002071,P03234,T09,PD008,Toko,4,970000,16.2,
2024-08-10,ORD-2024-002095,P01380,T10,DK017,Toko,1,1740000,0.0,
2024-08-11,ORD-2024-001970,P01616,T02,KR018,Toko,1,1090000,9.3,
2024-08-11,ORD-2024-002021,P00081,T13,DK026,Online,2,1170000,11.9,150000
2024-08-11,ORD-2024-002021,P00081,T13,SF025,Online,1,5340000,8.5,480000
2024-08-11,ORD-2024-002032,P03228,T13,MJ017,Online,1,3280000,0.0,460000
2024-08-11,ORD-2024-002032,P03228,T13,DK036,Online,4,510000,15.9,510000
2024-08-11,ORD-2024-002032,P03228,T13,LM039,Online,1,7740000,0.0,410000
2024-08-11,ORD-2024-002150,P01198,T06,DK021,Toko,1,1010000,14.3,
2024-08-11,ORD-2024-002150,P01198,T06,PD005,Toko,1,390000,8.0,120000
2024-08-12,ORD-2024-001916,P02319,T05,DK011,Marketplace,3,2070000,13.0,290000
2024-08-12,ORD-2024-001923,P00419,T06,DK001,Toko,1,530000,0.0,
2024-08-12,ORD-2024-001977,P02347,T13,SF031,Online,1,3420000,10.3,310000
2024-08-12,ORD-2024-001978,P00172,T07,PD024,Toko,2,1130000,0.0,
2024-08-12,ORD-2024-002057,P01354,T13,MJ013,Online,1,2960000,7.6,100000
2024-08-12,ORD-2024-002057,P01354,T13,PC002,Online,3,1740000,13.8,420000
2024-08-12,ORD-2024-002081,P01565,T13,SF026,Online,1,5850000,8.4,260000
2024-08-12,ORD-2024-002081,P01565,T13,MJ016,Online,1,7350000,7.9,60000
2024-08-12,ORD-2024-002081,P01565,T13,DK039,Online,1,870000,6.9,190000
2024-08-12,ORD-2024-002113,P02637,T05,MJ024,Marketplace,1,3010000,0.0,540000
2024-08-12,ORD-2024-002113,P02637,T05,PD026,Marketplace,3,520000,12.7,190000
2024-08-12,ORD-2024-002130,P03002,T13,DK019,Online,1,860000,13.0,200000
2024-08-12,ORD-2024-002130,P03002,T13,DK033,Online,3,220000,14.9,60000
2024-08-12,ORD-2024-002130,P03002,T13,LM038,Online,1,5010000,17.1,510000
2024-08-12,ORD-2024-002130,P03002,T13,MJ044,Online,1,6150000,10.9,50000
2024-08-13,ORD-2024-001902,P01101,T13,PC032,Online,1,470000,5.2,180000
2024-08-13,ORD-2024-001902,P01101,T13,KR036,Online,2,2360000,6.6,160000
2024-08-13,ORD-2024-001902,P01101,T13,PC001,Online,1,1430000,10.3,90000
2024-08-13,ORD-2024-001941,P03403,T11,PC029,Toko,1,1900000,10.1,
2024-08-13,ORD-2024-001941,P03403,T11,MJ004,Toko,1,3430000,3.8,
2024-08-13,ORD-2024-001964,P00457,T04,DK006,Toko,2,2070000,5.8,
2024-08-13,ORD-2024-001964,P00457,T04,LM013,Toko,1,3180000,8.6,
2024-08-13,ORD-2024-001964,P00457,T04,MJ021,Toko,4,2560000,6.8,
2024-08-13,ORD-2024-001993,P02330,T13,SF002,Online,1,5950000,7.2,580000
2024-08-13,ORD-2024-001993,P02330,T13,KR004,Online,1,1790000,0.0,180000
2024-08-13,ORD-2024-001993,P02330,T13,PD022,Online,1,520000,11.1,350000
2024-08-13,ORD-2024-002118,P02563,T13,SF034,Online,1,13040000,10.3,200000
2024-08-13,ORD-2024-002156,P01936,T13,KS012,Online,1,11030000,6.7,230000
2024-08-14,ORD-2024-001912,P00847,T03,SF016,Marketplace,1,10420000,9.8,
2024-08-14,ORD-2024-001927,P01029,T12,DK021,Toko,2,1010000,9.3,
2024-08-14,ORD-2024-001992,P01450,T13,PC007,Online,1,1510000,4.2,380000
2024-08-14,ORD-2024-002016,P01969,T13,DK003,Online,3,420000,10.6,410000
2024-08-14,ORD-2024-002047,P00526,T01,PD008,Marketplace,2,970000,0.0,220000
2024-08-14,ORD-2024-002068,P00176,T09,DK012,Toko,1,960000,8.6,
2024-08-14,ORD-2024-002068,P00176,T09,KR041,Toko,1,1620000,13.4,
2024-08-14,ORD-2024-002068,P00176,T09,DK003,Toko,1,420000,12.3,
2024-08-14,ORD-2024-002068,P00176,T09,LM026,Toko,1,5250000,11.0,
2024-08-14,ORD-2024-002100,P00901,T02,PD020,Toko,3,920000,11.3,
2024-08-14,ORD-2024-002100,P00901,T02,MJ010,Toko,1,3850000,13.6,
2024-08-14,ORD-2024-002100,P00901,T02,DK042,Toko,1,1280000,12.5,
2024-08-14,ORD-2024-002100,P00901,T02,KR044,Toko,2,2280000,12.2,260000
2024-08-14,ORD-2024-002121,P02929,T07,PC005,Toko,2,660000,12.5,
2024-08-14,ORD-2024-002121,P02929,T07,DK013,Toko,1,1520000,0.0,
2024-08-14,ORD-2024-002121,P02929,T07,MJ003,Toko,1,2060000,0.0,
2024-08-14,ORD-2024-002154,P02926,T09,PC029,Toko,1,1900000,14.5,
2024-08-14,ORD-2024-002154,P02926,T09,KS020,Toko,4,17920000,11.3,
2024-08-15,ORD-2024-001924,P03023,T05,PD026,Toko,1,520000,0.0,
2024-08-15,ORD-2024-001924,P03023,T05,PC032,Toko,1,470000,6.2,
2024-08-15,ORD-2024-001924,P03023,T05,DK027,Toko,1,630000,4.2,360000
2024-08-15,ORD-2024-001953,P02263,T11,PD004,Marketplace,1,1050000,9.6,180000
2024-08-15,ORD-2024-002018,P02234,T13,DK014,Online,1,890000,18.7,360000
2024-08-15,ORD-2024-002030,P01507,T13,PD022,Online,1,520000,13.7,420000
2024-08-15,ORD-2024-002035,P03209,T13,PD013,Online,3,1030000,8.5,450000
2024-08-15,ORD-2024-002048,P01351,T09,PD024,Toko,1,1130000,7.8,
2024-08-15,ORD-2024-002048,P01351,T09,KR024,Toko,1,3000000,14.8,
2024-08-15,ORD-2024-002073,P00645,T05,PC024,Marketplace,1,850000,0.0,490000
2024-08-15,ORD-2024-002073,P00645,T05,DK009,Marketplace,1,990000,16.8,80000
2024-08-15,ORD-2024-002082,P00050,T13,KR002,Online,1,1500000,10.4,330000
2024-08-15,ORD-2024-002082,P00050,T13,MJ032,Online,1,5400000,6.2,360000
2024-08-15,ORD-2024-002098,P00476,T08,DK022,Marketplace,1,550000,0.0,540000
2024-08-15,ORD-2024-002098,P00476,T08,PC031,Marketplace,1,1660000,14.7,250000
2024-08-15,ORD-2024-002098,P00476,T08,DK043,Marketplace,2,760000,8.2,140000
2024-08-15,ORD-2024-002106,P00825,T02,DK023,Marketplace,2,770000,16.3,270000
2024-08-15,ORD-2024-002129,P01845,T02,PD004,Toko,1,1050000,8.6,
2024-08-16,ORD-2024-001907,P03058,T13,KR037,Online,1,2790000,2.9,540000
2024-08-16,ORD-2024-001907,P03058,T13,MJ018,Online,1,3700000,5.7,130000
2024-08-16,ORD-2024-001913,P00882,T13,KR002,Online,2,1500000,11.9,360000
2024-08-16,ORD-2024-001913,P00882,T13,DK012,Online,1,960000,18.9,100000
2024-08-16,ORD-2024-001913,P00882,T13,PD018,Online,1,530000,13.4,240000
2024-08-16,ORD-2024-001954,P00295,T13,MJ045,Online,2,2740000,2.4,150000
2024-08-16,ORD-2024-001954,P00295,T13,MJ019,Online,4,6140000,10.5,70000
2024-08-16,ORD-2024-001960,,T05,DK044,Toko,1,1380000,12.8,
2024-08-16,ORD-2024-001960,,T05,DK002,Toko,1,490000,14.3,
2024-08-16,ORD-2024-002078,P01605,T13,PC029,Online,3,1900000,17.7,420000
2024-08-16,ORD-2024-002078,P01605,T13,SF004,Online,2,7400000,7.6,500000
2024-08-16,ORD-2024-002083,P02180,T06,PC006,Toko,1,1850000,5.6,
2024-08-16,ORD-2024-002111,P02626,T03,LM013,Toko,1,3180000,9.9,
2024-08-16,ORD-2024-002111,P02626,T03,DK018,Toko,1,1000000,10.9,
2024-08-16,ORD-2024-002111,P02626,T03,SF018,Toko,1,10500000,7.5,
2024-08-16,ORD-2024-002126,P02866,T04,PD016,Toko,1,1080000,11.0,
2024-08-16,ORD-2024-002126,P02866,T04,LM032,Toko,2,4960000,10.9,
2024-08-16,ORD-2024-002148,P01951,T06,SF024,Toko,4,3520000,0.0,
2024-08-17,ORD-2024-001917,P01630,T13,PD009,Online,1,840000,11.4,120000
2024-08-17,ORD-2024-001919,P00078,T13,KS032,Online,1,9280000,8.9,180000
2024-08-17,ORD-2024-001929,P00001,T13,SF041,Online,1,7920000,6.8,330000
2024-08-17,ORD-2024-001994,P02115,T04,LM007,Toko,1,4350000,8.8,
2024-08-17,ORD-2024-001994,P02115,T04,DK031,Toko,1,800000,8.8,
2024-08-17,ORD-2024-002001,P00500,T13,DK030,Online,2,930000,9.1,540000
2024-08-17,ORD-2024-002003,P00777,T06,DK012,Marketplace,1,960000,9.4,120000
2024-08-17,ORD-2024-002008,P00928,T13,PD001,Online,2,1710000,12.6,320000
2024-08-17,ORD-2024-002029,P03331,T06,LM034,Toko,1,5930000,0.0,210000
2024-08-17,ORD-2024-002041,P00846,T02,KR006,Toko,1,3040000,11.7,
2024-08-17,ORD-2024-002045,P03255,T12,LM013,Toko,1,3180000,9.1,
2024-08-17,ORD-2024-002045,P03255,T12,KR023,Toko,1,1270000,13.3,
2024-08-17,ORD-2024-002064,P02803,T03,DK033,Marketplace,1,220000,17.7,120000
2024-08-17,ORD-2024-002064,P02803,T03,PC014,Marketplace,3,1800000,8.5,530000
2024-08-17,ORD-2024-002064,P02803,T03,PD016,Marketplace,1,1080000,0.0,90000
2024-08-17,ORD-2024-002064,P02803,T03,KS030,Marketplace,1,3860000,6.3,80000
2024-08-17,ORD-2024-002074,P01041,T12,DK026,Marketplace,1,1170000,12.2,260000
2024-08-18,ORD-2024-001922,P00836,T04,PD017,Toko,2,2370000,1.0,320000
2024-08-18,ORD-2024-001922,P00836,T04,KR014,Toko,1,3530000,11.2,
2024-08-18,ORD-2024-001938,P00351,T10,PC007,Toko,1,1510000,12.8,
2024-08-18,ORD-2024-001938,P00351,T10,DK014,Toko,1,890000,10.7,
2024-08-18,ORD-2024-001971,P00706,T01,LM016,Toko,1,16110000,0.0,
2024-08-18,ORD-2024-001971,P00706,T01,PD016,Toko,1,1080000,12.8,
2024-08-18,ORD-2024-002024,P01794,T03,DK027,Toko,1,630000,7.6,
2024-08-18,ORD-2024-002039,P01952,T11,DK041,Toko,1,2550000,11.2,
2024-08-18,ORD-2024-002051,P01710,T09,PC003,Marketplace,1,1200000,7.1,240000
2024-08-18,ORD-2024-002096,P03119,T05,KR018,Marketplace,2,1090000,8.3,590000
2024-08-18,ORD-2024-002101,P01261,T06,KR031,Toko,1,2350000,9.6,
2024-08-18,ORD-2024-002123,P02558,T04,DK018,Marketplace,1,1000000,6.9,390000
2024-08-18,ORD-2024-002157,P00479,T05,SF015,Toko,1,6690000,7.5,
2024-08-18,ORD-2024-002157,P00479,T05,SF041,Toko,2,7920000,8.2,
2024-08-19,ORD-2024-001905,,T05,SF022,Toko,2,7310000,10.8,
2024-08-19,ORD-2024-001905,,T05,PC018,Toko,1,1420000,7.1,
2024-08-19,ORD-2024-001911,,T07,KR017,Toko,2,4540000,11.8,370000
2024-08-19,ORD-2024-001946,P00217,T13,DK028,Online,2,730000,0.0,510000
2024-08-19,ORD-2024-001951,P01716,T13,LM005,Online,1,6890000,6.3,340000
2024-08-19,ORD-2024-001972,P02965,T07,PC008,Toko,1,1830000,12.3,
2024-08-19,ORD-2024-001972,P02965,T07,DK017,Toko,1,1740000,6.0,
2024-08-19,ORD-2024-001972,P02965,T07,KR003,Toko,3,1440000,13.0,
2024-08-19,ORD-2024-001997,P01221,T13,PD020,Online,1,920000,0.0,410000
2024-08-19,ORD-2024-002043,P02311,T01,DK011,Marketplace,1,2070000,0.8,570000
2024-08-19,ORD-2024-002043,P02311,T01,DK012,Marketplace,2,960000,6.8,510000
2024-08-19,ORD-2024-002052,P01230,T01,DK015,Marketplace,1,1390000,18.3,340000
2024-08-19,ORD-2024-002065,P00745,T01,PC025,Toko,1,1800000,0.0,
2024-08-19,ORD-2024-002088,P03301,T13,KR003,Online,1,1440000,15.5,460000
2024-08-19,ORD-2024-002099,P00032,T11,PC024,Marketplace,1,850000,12.7,510000
2024-08-19,ORD-2024-002124,P00179,T13,PD004,Online,1,1050000,17.1,130000
2024-08-19,ORD-2024-002137,P00772,T04,DK040,Toko,1,1260000,9.3,
2024-08-20,ORD-2024-001928,P02537,T03,DK018,Toko,1,1000000,13.4,
2024-08-20,ORD-2024-001928,P02537,T03,DK023,Toko,1,770000,8.4,
2024-08-20,ORD-2024-001956,P01331,T12,PC030,Marketplace,1,1220000,12.7,540000
2024-08-20,ORD-2024-001956,P01331,T12,KS024,Marketplace,1,13500000,0.0,330000
2024-08-20,ORD-2024-001973,P02895,T13,PC023,Online,1,1920000,5.4,510000
2024-08-20,ORD-2024-001982,P02360,T03,DK036,Marketplace,1,510000,12.1,500000
2024-08-20,ORD-2024-002011,P03447,T09,KS031,Toko,2,4390000,7.2,
2024-08-20,ORD-2024-002011,P03447,T09,DK027,Toko,1,630000,19.8,
2024-08-20,ORD-2024-002012,P02662,T10,KR008,Toko,1,2800000,18.6,
2024-08-20,ORD-2024-002012,P02662,T10,KS008,Toko,3,5690000,4.4,
2024-08-20,ORD-2024-002027,P01013,T13,LM013,Online,2,3180000,2.8,510000
2024-08-20,ORD-2024-002027,P01013,T13,KR023,Online,1,1270000,13.8,500000
2024-08-20,ORD-2024-002033,P01863,T13,PC025,Online,1,1800000,5.9,220000
2024-08-20,ORD-2024-002033,P01863,T13,MJ019,Online,1,6140000,7.3,550000
2024-08-20,ORD-2024-002033,P01863,T13,DK040,Online,1,1260000,7.3,
2024-08-20,ORD-2024-002046,P02971,T13,PD008,Online,1,970000,0.8,400000
2024-08-20,ORD-2024-002046,P02971,T13,KS030,Online,1,3860000,4.8,330000
2024-08-20,ORD-2024-002149,P01016,T12,KS021,Marketplace,1,8510000,9.2,470000
2024-08-21,ORD-2024-001933,P01071,T13,LM021,Online,3,7550000,8.0,100000
2024-08-21,ORD-2024-001943,P03142,T06,DK022,Marketplace,1,550000,11.0,410000
2024-08-21,ORD-2024-001952,P01055,T09,MJ036,Marketplace,1,3410000,4.9,580000
2024-08-21,ORD-2024-001955,P02376,T09,DK029,Toko,1,500000,10.1,
2024-08-21,ORD-2024-001962,P02626,T13,KR034,Online,1,2350000,7.6,400000
2024-08-21,ORD-2024-001990,P00021,T04,KS020,Toko,4,17920000,12.9,
2024-08-21,ORD-2024-002093,P01240,T05,DK037,Toko,1,540000,9.2,
2024-08-21,ORD-2024-002144,P01907,T07,MJ020,Toko,1,4520000,0.0,
2024-08-21,ORD-2024-002144,P01907,T07,KR040,Toko,1,2380000,21.5,150000
2024-08-22,ORD-2024-002014,P00380,T13,MJ022,Online,1,4090000,0.7,490000
2024-08-22,ORD-2024-002014,P00380,T13,LM003,Online,1,5440000,15.4,550000
2024-08-22,ORD-2024-002014,P00380,T13,PC020,Online,2,2530000,11.5,390000
2024-08-22,ORD-2024-002028,P00616,T11,DK032,Toko,2,340000,13.2,
2024-08-22,ORD-2024-002054,P00791,T04,SF017,Toko,1,8850000,9.0,
2024-08-22,ORD-2024-002069,P02889,T03,LM013,Marketplace,1,3180000,11.5,480000
2024-08-23,ORD-2024-001915,P03281,T13,PD015,Online,2,750000,10.6,500000
2024-08-23,ORD-2024-001957,P01337,T13,KR006,Online,2,3040000,12.6,430000
2024-08-23,ORD-2024-001966,P00691,T05,PC004,Toko,2,1660000,13.9,
2024-08-23,ORD-2024-001981,P00966,T02,PC013,Toko,1,1410000,12.4,
2024-08-23,ORD-2024-002044,P02771,T13,PD020,Online,1,920000,20.6,150000
2024-08-23,ORD-2024-002059,P00088,T13,KS017,Online,2,15120000,10.5,270000
2024-08-23,ORD-2024-002097,P03321,T07,DK015,Toko,1,1390000,12.9,
2024-08-23,ORD-2024-002104,,T02,SF017,Toko,1,8850000,13.7,
2024-08-23,ORD-2024-002104,,T02,DK009,Toko,1,990000,0.0,80000
2024-08-23,ORD-2024-002158,P01907,T06,PD018,Toko,1,530000,0.0,310000
2024-08-23,ORD-2024-002158,P01907,T06,PD014,Toko,1,1590000,16.3,
2024-08-24,ORD-2024-001908,,T09,MJ033,Toko,1,4180000,4.3,
2024-08-24,ORD-2024-001908,,T09,SF011,Toko,1,4580000,10.6,
2024-08-24,ORD-2024-001908,,T09,PC022,Toko,1,3000000,7.6,420000
2024-08-24,ORD-2024-001937,P00256,T03,KR007,Toko,1,1690000,6.7,
2024-08-24,ORD-2024-001937,P00256,T03,DK036,Toko,2,510000,16.4,
2024-08-24,ORD-2024-001939,P02202,T01,PD020,Toko,1,920000,0.0,
2024-08-24,ORD-2024-001998,P01928,T13,MJ016,Online,1,7350000,11.0,410000
2024-08-24,ORD-2024-002017,P02463,T05,PD010,Toko,1,450000,14.6,
2024-08-24,ORD-2024-002019,P00432,T13,KS034,Online,1,6400000,11.7,400000
2024-08-24,ORD-2024-002049,P02575,T02,DK039,Toko,1,870000,6.0,
2024-08-24,ORD-2024-002055,P01882,T01,PC007,Toko,2,1510000,15.8,
2024-08-24,ORD-2024-002058,P00022,T08,PD004,Toko,1,1050000,0.0,140000
2024-08-24,ORD-2024-002060,P02891,T12,DK032,Marketplace,1,340000,7.5,230000
2024-08-24,ORD-2024-002102,P02023,T13,KR042,Online,1,1850000,4.7,90000
2024-08-24,ORD-2024-002132,P03182,T06,KR020,Marketplace,1,1970000,0.0,160000
2024-08-24,ORD-2024-002160,P01701,T13,MJ024,Online,2,3010000,7.9,570000
2024-08-24,ORD-2024-002160,P01701,T13,KS013,Online,1,10990000,0.0,570000
2024-08-24,ORD-2024-002160,P01701,T13,SF015,Online,2,6690000,7.5,200000
2024-08-25,ORD-2024-001914,P01429,T12,MJ014,Marketplace,1,4970000,9.0,330000
2024-08-25,ORD-2024-001921,P00933,T02,LM019,Toko,3,5540000,8.7,
2024-08-25,ORD-2024-001921,P00933,T02,DK038,Toko,1,530000,9.6,
2024-08-25,ORD-2024-001932,P02804,T02,PD010,Marketplace,2,450000,9.2,320000
2024-08-25,ORD-2024-002000,P02163,T03,SF024,Toko,1,3520000,10.2,
2024-08-25,ORD-2024-002005,P01160,T12,MJ046,Toko,2,2600000,8.3,
2024-08-25,ORD-2024-002040,P02438,T05,KR007,Marketplace,4,1690000,11.7,460000
2024-08-25,ORD-2024-002131,P00290,T06,PD013,Marketplace,1,1030000,5.4,320000
2024-08-26,ORD-2024-001986,P02291,T07,MJ043,Marketplace,1,4010000,12.5,510000
2024-08-26,ORD-2024-002053,P00641,T07,LM037,Marketplace,3,3800000,16.3,200000
2024-08-26,ORD-2024-002067,P00266,T13,MJ030,Online,1,2670000,4.5,480000
2024-08-26,ORD-2024-002103,P01036,T13,LM003,Online,1,5440000,13.1,100000
2024-08-26,ORD-2024-002103,P01036,T13,DK039,Online,1,870000,16.9,60000
2024-08-26,ORD-2024-002136,P00064,T13,SF038,Online,1,6260000,0.0,320000
2024-08-27,ORD-2024-001987,P00652,T09,PD005,Marketplace,1,390000,0.0,560000
2024-08-27,ORD-2024-001987,P00652,T09,KS030,Marketplace,2,3860000,5.3,400000
2024-08-27,ORD-2024-002007,P01485,T09,MJ010,Marketplace,1,3850000,9.9,280000
2024-08-27,ORD-2024-002076,P00918,T02,SF011,Toko,1,4580000,5.0,
2024-08-27,ORD-2024-002087,P00076,T13,PC005,Online,2,660000,5.9,380000
2024-08-28,ORD-2024-001920,P00143,T06,KR024,Toko,1,3000000,10.2,
2024-08-28,ORD-2024-001945,P00257,T01,PD012,Toko,1,1500000,8.3,
2024-08-28,ORD-2024-001959,P03111,T10,DK026,Marketplace,1,1170000,9.9,170000
2024-08-28,ORD-2024-001974,P02677,T06,DK015,Toko,1,1390000,12.5,140000
2024-08-28,ORD-2024-001974,P02677,T06,DK008,Toko,1,910000,14.4,
2024-08-28,ORD-2024-002025,P01049,T04,MJ007,Toko,1,5590000,6.1,
2024-08-28,ORD-2024-002042,P01894,T04,LM007,Toko,1,4350000,8.7,
2024-08-28,ORD-2024-002042,P01894,T04,KR027,Toko,2,1770000,0.0,
2024-08-28,ORD-2024-002094,P00334,T02,LM035,Toko,1,11500000,0.0,
2024-08-28,ORD-2024-002139,P01166,T13,SF042,Online,3,4260000,0.0,280000
2024-08-29,ORD-2024-001958,P01316,T06,LM024,Toko,1,5790000,12.2,
2024-08-29,ORD-2024-001967,P01076,T05,DK036,Toko,2,510000,12.2,
2024-08-29,ORD-2024-001976,P01985,T13,PC005,Online,1,660000,12.5,200000
2024-08-29,ORD-2024-002009,P01958,T13,DK014,Online,1,890000,10.9,180000
2024-08-29,ORD-2024-002034,P01167,T11,PD021,Marketplace,2,660000,13.0,450000
2024-08-29,ORD-2024-002050,P00924,T13,DK002,Online,2,490000,12.7,200000
2024-08-29,ORD-2024-002063,P01251,T12,PD010,Marketplace,1,450000,10.7,130000
2024-08-29,ORD-2024-002072,P02987,T13,SF019,Online,1,8050000,6.1,330000
2024-08-29,ORD-2024-002072,P02987,T13,PD022,Online,1,520000,16.2,60000
2024-08-29,ORD-2024-002089,P00727,T13,DK027,Online,1,630000,0.0,440000
2024-08-29,ORD-2024-002089,P00727,T13,DK016,Online,1,730000,6.8,350000
2024-08-29,ORD-2024-002110,P03013,T13,DK007,Online,2,900000,9.0,200000
2024-08-29,ORD-2024-002110,P03013,T13,DK012,Online,2,960000,8.1,210000
2024-08-29,ORD-2024-002133,P00615,T08,DK036,Marketplace,3,510000,12.9,130000
2024-08-29,ORD-2024-002138,P01260,T13,KR029,Online,2,5120000,8.0,520000
2024-08-29,ORD-2024-002151,P02176,T13,PD003,Online,1,1200000,7.4,530000
2024-08-29,ORD-2024-002151,P02176,T13,MJ020,Online,3,4520000,9.9,220000
2024-08-29,ORD-2024-002159,P01701,T01,SF032,Toko,1,6260000,0.0,
2024-08-30,ORD-2024-001980,P00479,T03,KS017,Toko,2,15120000,0.0,
2024-08-30,ORD-2024-002022,P02442,T01,DK001,Toko,1,530000,6.9,
2024-08-30,ORD-2024-002108,P02736,T07,PC009,Marketplace,3,1490000,0.0,280000
2024-08-30,ORD-2024-002122,P02617,T13,DK022,Online,1,550000,10.7,60000
2024-08-30,ORD-2024-002122,P02617,T13,PD018,Online,1,530000,0.0,360000
2024-08-30,ORD-2024-002127,,T02,PC030,Toko,1,1220000,0.0,
2024-08-30,ORD-2024-002127,,T02,DK023,Toko,1,770000,9.6,
2024-08-30,ORD-2024-002127,,T02,DK036,Toko,2,510000,3.3,310000
2024-08-30,ORD-2024-002127,,T02,PC013,Toko,1,1410000,13.6,
2024-08-30,ORD-2024-002142,P00383,T08,DK039,Toko,1,870000,15.8,
2024-08-31,ORD-2024-001948,P01551,T03,DK002,Toko,1,490000,9.9,
2024-08-31,ORD-2024-001985,P00787,T10,KR040,Marketplace,4,2380000,11.2,540000
2024-08-31,ORD-2024-001988,P01438,T13,DK014,Online,1,890000,13.8,590000
2024-08-31,ORD-2024-002010,P01607,T11,KR012,Toko,1,2460000,4.9,
2024-08-31,ORD-2024-002015,P03130,T13,MJ041,Online,1,2240000,9.8,90000
2024-08-31,ORD-2024-002015,P03130,T13,DK014,Online,1,890000,7.4,380000
2024-08-31,ORD-2024-002015,P03130,T13,PC004,Online,2,1660000,11.0,470000
2024-08-31,ORD-2024-002066,P01279,T02,MJ030,Marketplace,2,2670000,13.0,80000
2024-08-31,ORD-2024-002116,P02887,T11,PC032,Toko,2,470000,17.9,
2024-08-31,ORD-2024-002161,P02717,T12,MJ001,Toko,1,2940000,9.2,
2024-08-31,ORD-2024-002162,P00318,T13,KR007,Online,2,1690000,6.8,490000
2024-09-01,ORD-2024-002175,P01194,T13,PC024,Online,2,850000,6.2,480000
2024-09-01,ORD-2024-002175,P01194,T13,KR043,Online,1,5270000,0.0,460000
2024-09-01,ORD-2024-002175,P01194,T13,KS032,Online,1,9280000,10.9,340000
2024-09-01,ORD-2024-002175,P01194,T13,KR044,Online,1,2280000,6.9,290000
2024-09-01,ORD-2024-002190,P01598,T13,PD012,Online,1,1500000,17.8,320000
2024-09-01,ORD-2024-002191,P01454,T05,DK016,Marketplace,1,730000,10.8,120000
2024-09-01,ORD-2024-002235,P01772,T07,KR014,Toko,1,3530000,9.2,
2024-09-01,ORD-2024-002244,P00922,T07,DK032,Toko,1,340000,13.9,
2024-09-01,ORD-2024-002273,P00283,T06,PD020,Marketplace,1,920000,10.8,350000
2024-09-01,ORD-2024-002273,P00283,T06,DK040,Marketplace,1,1260000,4.2,320000
2024-09-01,ORD-2024-002273,P00283,T06,DK042,Marketplace,2,1280000,7.0,440000
2024-09-01,ORD-2024-002292,P02256,T12,PC022,Toko,1,3000000,16.9,
2024-09-01,ORD-2024-002292,P02256,T12,KR028,Toko,2,1780000,16.9,
2024-09-01,ORD-2024-002308,P02482,T01,MJ032,Marketplace,1,5400000,11.2,270000
2024-09-01,ORD-2024-002352,P01446,T13,KR027,Online,1,1770000,9.4,490000
2024-09-01,ORD-2024-002352,P01446,T13,MJ038,Online,1,5030000,12.2,360000
2024-09-01,ORD-2024-002367,P03075,T01,LM009,Toko,1,2210000,0.0,
2024-09-01,ORD-2024-002367,P03075,T01,DK036,Toko,1,510000,0.0,
2024-09-01,ORD-2024-002391,P02278,T13,MJ045,Online,2,2740000,15.0,430000
2024-09-01,ORD-2024-002400,P01173,T13,DK007,Online,1,900000,12.7,100000
2024-09-01,ORD-2024-002421,P00619,T11,MJ029,Toko,1,2890000,18.2,
2024-09-01,ORD-2024-002421,P00619,T11,DK024,Toko,1,930000,0.0,240000
2024-09-02,ORD-2024-002168,P01387,T05,PD019,Marketplace,1,1260000,0.0,210000
2024-09-02,ORD-2024-002169,P03107,T13,PD024,Online,1,1130000,15.2,100000
2024-09-02,ORD-2024-002169,P03107,T13,PD026,Online,1,520000,14.8,80000
2024-09-02,ORD-2024-002214,P02038,T12,LM034,Toko,2,5930000,12.6,
2024-09-02,ORD-2024-002228,P00858,T13,DK011,Online,1,2070000,8.5,220000
2024-09-02,ORD-2024-002275,P03003,T06,KR020,Marketplace,1,1970000,6.7,520000
2024-09-02,ORD-2024-002275,P03003,T06,KS027,Marketplace,4,6560000,11.5,400000
2024-09-02,ORD-2024-002275,P03003,T06,KR048,Marketplace,2,5130000,11.4,240000
2024-09-02,ORD-2024-002304,P01596,T02,DK006,Toko,1,2070000,8.2,
2024-09-02,ORD-2024-002304,P01596,T02,KR004,Toko,1,1790000,15.2,
2024-09-02,ORD-2024-002305,P01895,T07,MJ027,Toko,1,3790000,5.6,
2024-09-02,ORD-2024-002307,,T04,MJ036,Toko,2,3410000,7.2,
2024-09-02,ORD-2024-002368,P00782,T04,MJ026,Toko,1,3480000,10.3,
2024-09-02,ORD-2024-002373,P02915,T13,KR002,Online,1,1500000,6.0,360000
2024-09-02,ORD-2024-002387,P02858,T01,KR022,Toko,1,2200000,12.1,
2024-09-02,ORD-2024-002387,P02858,T01,DK027,Toko,1,630000,14.9,
2024-09-02,ORD-2024-002387,P02858,T01,LM040,Toko,1,9610000,15.0,
2024-09-02,ORD-2024-002387,P02858,T01,LM014,Toko,1,4520000,13.9,
2024-09-03,ORD-2024-002188,P02968,T09,PD023,Marketplace,2,1090000,13.0,310000
2024-09-03,ORD-2024-002233,P01890,T04,SF022,Marketplace,1,7310000,15.2,110000
2024-09-03,ORD-2024-002272,P03318,T13,PC004,Online,1,1660000,5.5,70000
2024-09-03,ORD-2024-002286,P03334,T13,DK038,Online,1,530000,12.3,80000
2024-09-03,ORD-2024-002286,P03334,T13,SF030,Online,1,5980000,13.1,170000
2024-09-03,ORD-2024-002286,P03334,T13,KS004,Online,1,10560000,10.4,290000
2024-09-03,ORD-2024-002288,P01310,T01,KR037,Toko,1,2790000,0.0,
2024-09-03,ORD-2024-002297,P01846,T13,SF040,Online,1,5750000,0.0,180000
2024-09-03,ORD-2024-002354,P01065,T04,DK038,Toko,1,530000,12.8,
2024-09-03,ORD-2024-002369,P02562,T06,SF018,Toko,1,10500000,9.4,
2024-09-03,ORD-2024-002369,P02562,T06,PC013,Toko,1,1410000,9.6,
2024-09-03,ORD-2024-002369,P02562,T06,PC024,Toko,1,850000,0.0,180000
2024-09-04,ORD-2024-002239,P01310,T01,MJ041,Toko,1,2240000,17.3,
2024-09-04,ORD-2024-002327,P03384,T13,KR011,Online,1,1570000,8.1,450000
2024-09-04,ORD-2024-002327,P03384,T13,KS015,Online,1,7280000,14.1,520000
2024-09-04,ORD-2024-002419,P01360,T01,PD003,Toko,1,1200000,8.2,
2024-09-04,ORD-2024-002419,P01360,T01,PC021,Toko,3,4550000,8.1,
2024-09-05,ORD-2024-002180,P02899,T03,PC024,Toko,1,850000,7.8,
2024-09-05,ORD-2024-002192,P02501,T07,SF031,Toko,4,3420000,3.7,
2024-09-05,ORD-2024-002204,P00573,T06,PC005,Toko,3,660000,13.5,
2024-09-05,ORD-2024-002204,P00573,T06,DK043,Toko,2,760000,12.2,
2024-09-05,ORD-2024-002204,P00573,T06,DK002,Toko,1,490000,10.2,110000
2024-09-05,ORD-2024-002204,P00573,T06,PD002,Toko,1,1150000,16.3,370000
2024-09-05,ORD-2024-002229,P02903,T11,MJ011,Toko,1,6920000,0.0,
2024-09-05,ORD-2024-002229,P02903,T11,KS003,Toko,1,12030000,4.8,
2024-09-05,ORD-2024-002265,P00400,T06,KR006,Toko,1,3040000,14.0,
2024-09-05,ORD-2024-002285,P03256,T02,DK041,Toko,1,2550000,15.1,
2024-09-05,ORD-2024-002320,P01711,T13,LM001,Online,1,6680000,0.0,500000
2024-09-05,ORD-2024-002324,P01820,T02,DK037,Toko,1,540000,18.6,
2024-09-05,ORD-2024-002339,P02205,T13,PD020,Online,3,920000,5.5,200000
2024-09-05,ORD-2024-002339,P02205,T13,PC028,Online,3,2190000,11.6,480000
2024-09-05,ORD-2024-002348,P01013,T07,KR008,Marketplace,1,2800000,11.9,120000
2024-09-05,ORD-2024-002348,P01013,T07,DK022,Marketplace,1,550000,0.0,160000
2024-09-06,ORD-2024-002172,P01047,T06,MJ017,Toko,1,3280000,12.5,
2024-09-06,ORD-2024-002328,P00129,T09,LM027,Toko,2,14450000,9.1,
2024-09-06,ORD-2024-002392,P00838,T13,PD006,Online,2,970000,11.5,100000
2024-09-06,ORD-2024-002428,P02340,T01,PD022,Toko,1,520000,5.9,
2024-09-07,ORD-2024-002184,P01641,T13,DK016,Online,1,730000,9.8,440000
2024-09-07,ORD-2024-002184,P01641,T13,MJ039,Online,1,6590000,12.8,110000
2024-09-07,ORD-2024-002278,P00617,T13,PD025,Online,1,1100000,12.1,460000
2024-09-07,ORD-2024-002312,P02462,T08,PD015,Marketplace,1,750000,15.4,480000
2024-09-07,ORD-2024-002317,P02792,T02,DK020,Toko,2,690000,12.5,
2024-09-07,ORD-2024-002364,P03199,T05,DK021,Toko,1,1010000,12.5,
2024-09-07,ORD-2024-002364,P03199,T05,KR021,Toko,1,2670000,13.8,80000
2024-09-07,ORD-2024-002379,P00298,T13,DK024,Online,2,930000,5.1,540000
2024-09-07,ORD-2024-002379,P00298,T13,DK011,Online,1,2070000,7.8,100000
2024-09-07,ORD-2024-002379,P00298,T13,DK006,Online,4,2070000,11.7,280000
2024-09-07,ORD-2024-002379,P00298,T13,MJ015,Online,1,2920000,12.7,460000
2024-09-07,ORD-2024-002404,P01430,T02,DK019,Marketplace,1,860000,3.4,530000
2024-09-07,ORD-2024-002422,P00805,T09,LM028,Toko,1,6300000,12.6,
2024-09-08,ORD-2024-002165,P02286,T08,KR019,Toko,1,2530000,15.9,
2024-09-08,ORD-2024-002165,P02286,T08,SF037,Toko,1,10360000,12.5,
2024-09-08,ORD-2024-002186,P01828,T13,PD016,Online,1,1080000,3.5,390000
2024-09-08,ORD-2024-002186,P01828,T13,SF011,Online,1,4580000,11.0,280000
2024-09-08,ORD-2024-002201,P00829,T13,DK040,Online,1,1260000,10.5,170000
2024-09-08,ORD-2024-002225,P02999,T07,PD008,Marketplace,2,970000,11.8,260000
2024-09-08,ORD-2024-002225,P02999,T07,DK035,Marketplace,1,400000,6.1,380000
2024-09-08,ORD-2024-002258,P00971,T13,DK020,Online,1,690000,13.2,460000
2024-09-08,ORD-2024-002264,P00494,T01,KR023,Marketplace,1,1270000,12.8,190000
2024-09-08,ORD-2024-002294,P01706,T09,SF014,Marketplace,1,11630000,15.0,380000
2024-09-08,ORD-2024-002315,P00718,T04,PD021,Toko,1,660000,9.7,
2024-09-08,ORD-2024-002342,P00733,T13,MJ032,Online,1,5400000,18.2,330000
2024-09-08,ORD-2024-002347,P02075,T07,PD009,Toko,1,840000,15.7,
2024-09-08,ORD-2024-002347,P02075,T07,DK030,Toko,1,930000,6.6,
2024-09-09,ORD-2024-002230,P00724,T05,PC026,Marketplace,2,860000,0.0,60000
2024-09-09,ORD-2024-002230,P00724,T05,KR046,Marketplace,2,1210000,9.6,430000
2024-09-09,ORD-2024-002230,P00724,T05,DK022,Marketplace,1,550000,20.5,450000
2024-09-09,ORD-2024-002287,P02696,T13,KR027,Online,1,1770000,14.3,390000
2024-09-09,ORD-2024-002296,P00053,T02,KR018,Marketplace,2,1090000,12.5,210000
2024-09-09,ORD-2024-002296,P00053,T02,KS023,Marketplace,1,13410000,11.9,200000
2024-09-09,ORD-2024-002316,P00713,T13,MJ044,Online,2,6150000,11.5,310000
2024-09-09,ORD-2024-002316,P00713,T13,DK020,Online,1,690000,9.8,580000
2024-09-09,ORD-2024-002343,P01044,T04,KR034,Toko,1,2350000,7.9,
2024-09-09,ORD-2024-002343,P01044,T04,MJ012,Toko,1,11220000,12.8,
2024-09-09,ORD-2024-002343,P01044,T04,SF027,Toko,1,36010000,6.2,
2024-09-09,ORD-2024-002357,P02311,T02,PC002,Marketplace,1,1740000,17.1,520000
2024-09-09,ORD-2024-002357,P02311,T02,LM010,Marketplace,2,7760000,0.0,500000
2024-09-09,ORD-2024-002386,P00965,T06,DK019,Toko,1,860000,7.3,
2024-09-09,ORD-2024-002397,P02625,T04,KR016,Toko,1,3780000,2.9,
2024-09-09,ORD-2024-002397,P02625,T04,DK012,Toko,1,960000,17.6,
2024-09-09,ORD-2024-002397,P02625,T04,DK035,Toko,1,400000,9.7,
2024-09-09,ORD-2024-002402,P02207,T13,LM034,Online,2,5930000,7.8,510000
2024-09-09,ORD-2024-002426,P02557,T13,KR039,Online,1,2460000,0.0,60000
2024-09-10,ORD-2024-002185,P00900,T13,PC010,Online,1,1240000,0.0,300000
2024-09-10,ORD-2024-002224,P00633,T13,KR041,Online,1,1620000,9.0,350000
2024-09-10,ORD-2024-002224,P00633,T13,KS001,Online,1,9740000,9.3,130000
2024-09-10,ORD-2024-002283,P00056,T01,DK020,Toko,3,690000,14.6,
2024-09-10,ORD-2024-002349,P03174,T12,DK009,Toko,1,990000,15.6,
2024-09-10,ORD-2024-002408,P01623,T13,SF008,Online,1,13020000,10.0,300000
2024-09-10,ORD-2024-002408,P01623,T13,LM006,Online,1,13730000,13.4,460000
2024-09-11,ORD-2024-002166,P02845,T06,DK012,Toko,1,960000,7.5,420000
2024-09-11,ORD-2024-002173,P01043,T13,PC001,Online,1,1430000,11.1,390000
2024-09-11,ORD-2024-002174,P00517,T12,DK035,Toko,1,400000,15.9,
2024-09-11,ORD-2024-002207,P03196,T10,KR032,Toko,1,2340000,18.4,
2024-09-11,ORD-2024-002207,P03196,T10,KS028,Toko,4,7780000,11.3,
2024-09-11,ORD-2024-002207,P03196,T10,KR043,Toko,1,5270000,6.8,
2024-09-11,ORD-2024-002208,P01946,T04,KS028,Marketplace,1,7780000,3.6,180000
2024-09-11,ORD-2024-002208,P01946,T04,KS022,Marketplace,1,13060000,6.3,330000
2024-09-11,ORD-2024-002232,P00278,T08,PC029,Toko,1,1900000,13.2,
2024-09-11,ORD-2024-002243,P01041,T09,PD009,Toko,1,840000,4.7,
2024-09-11,ORD-2024-002243,P01041,T09,DK001,Toko,1,530000,10.4,
2024-09-11,ORD-2024-002246,P02508,T13,DK001,Online,4,530000,6.2,440000
2024-09-11,ORD-2024-002252,P01622,T11,DK030,Marketplace,3,930000,0.0,500000
2024-09-11,ORD-2024-002271,P01219,T13,KS027,Online,1,6560000,9.5,220000
2024-09-11,ORD-2024-002340,P02103,T02,MJ010,Toko,3,3850000,11.3,
2024-09-11,ORD-2024-002344,P02713,T13,KR011,Online,1,1570000,10.4,150000
2024-09-11,ORD-2024-002377,P01291,T08,DK007,Marketplace,1,900000,11.6,430000
2024-09-12,ORD-2024-002198,P01896,T13,PC011,Online,4,4490000,7.9,180000
2024-09-12,ORD-2024-002198,P01896,T13,DK021,Online,1,1010000,8.8,150000
2024-09-12,ORD-2024-002198,P01896,T13,DK009,Online,1,990000,3.2,520000
2024-09-12,ORD-2024-002198,P01896,T13,KR013,Online,1,3330000,9.8,420000
2024-09-12,ORD-2024-002216,P02750,T08,DK018,Toko,1,1000000,9.3,
2024-09-12,ORD-2024-002227,P03384,T13,DK021,Online,1,1010000,7.6,290000
2024-09-12,ORD-2024-002256,P00822,T13,MJ006,Online,1,4050000,0.0,590000
2024-09-12,ORD-2024-002256,P00822,T13,MJ027,Online,1,3790000,11.6,510000
2024-09-12,ORD-2024-002256,P00822,T13,LM016,Online,1,16110000,15.4,250000
2024-09-12,ORD-2024-002365,P00492,T06,DK009,Toko,4,990000,0.0,
2024-09-12,ORD-2024-002370,P02587,T07,DK042,Marketplace,2,1280000,12.5,220000
2024-09-12,ORD-2024-002370,P02587,T07,DK037,Marketplace,1,540000,8.5,420000
2024-09-12,ORD-2024-002417,P02477,T10,SF008,Marketplace,1,13020000,8.2,60000
2024-09-13,ORD-2024-002193,P02148,T09,DK029,Toko,2,500000,0.0,
2024-09-13,ORD-2024-002193,P02148,T09,PC003,Toko,1,1200000,7.9,
2024-09-13,ORD-2024-002199,P01948,T13,DK028,Online,2,730000,14.9,410000
2024-09-13,ORD-2024-002199,P01948,T13,DK036,Online,1,510000,3.2,130000
2024-09-13,ORD-2024-002248,P00522,T13,KR032,Online,1,2340000,13.6,
2024-09-13,ORD-2024-002260,P02074,T13,DK037,Online,1,540000,14.5,330000
2024-09-13,ORD-2024-002269,P01448,T13,MJ003,Online,1,2060000,4.1,520000
2024-09-13,ORD-2024-002269,P01448,T13,SF007,Online,1,10370000,11.8,440000
2024-09-13,ORD-2024-002270,P00332,T01,KR008,Toko,1,2800000,8.9,
2024-09-13,ORD-2024-002270,P00332,T01,MJ012,Toko,1,11220000,0.0,
2024-09-13,ORD-2024-002270,P00332,T01,LM021,Toko,2,7550000,6.1,160000
2024-09-13,ORD-2024-002277,P00243,T02,PC007,Toko,1,1510000,17.3,
2024-09-13,ORD-2024-002277,P00243,T02,DK019,Toko,2,860000,9.3,150000
2024-09-13,ORD-2024-002412,P01893,T03,KR018,Marketplace,1,1090000,1.6,170000
2024-09-14,ORD-2024-002176,P02777,T07,PC014,Marketplace,2,1800000,9.6,570000
2024-09-14,ORD-2024-002253,P01205,T08,PC005,Toko,1,660000,12.6,
2024-09-14,ORD-2024-002253,P01205,T08,DK025,Toko,1,660000,10.6,
2024-09-14,ORD-2024-002298,P01519,T09,KR039,Toko,1,2460000,16.3,
2024-09-14,ORD-2024-002298,P01519,T09,PD003,Toko,1,1200000,14.3,
2024-09-14,ORD-2024-002310,P01316,T02,PD022,Marketplace,1,520000,0.0,400000
2024-09-14,ORD-2024-002310,P01316,T02,DK014,Marketplace,2,890000,0.0,500000
2024-09-14,ORD-2024-002345,P01188,T03,PC024,Marketplace,1,850000,0.0,410000
2024-09-14,ORD-2024-002350,P02434,T03,PD025,Marketplace,1,1100000,11.3,230000
2024-09-14,ORD-2024-002356,P01494,T10,LM017,Marketplace,1,16390000,5.5,400000
2024-09-14,ORD-2024-002389,P01613,T13,DK025,Online,1,660000,9.1,340000
2024-09-14,ORD-2024-002389,P01613,T13,DK022,Online,1,550000,11.4,400000
2024-09-14,ORD-2024-002416,P01520,T03,PD009,Toko,1,840000,11.8,390000
2024-09-14,ORD-2024-002425,P02322,T05,DK037,Toko,2,540000,14.7,
2024-09-14,ORD-2024-002431,,T02,SF028,Toko,2,6980000,10.5,
2024-09-14,ORD-2024-002431,,T02,KR014,Toko,2,3530000,0.0,
2024-09-15,ORD-2024-002189,P00469,T01,DK026,Marketplace,1,1170000,11.7,570000
2024-09-15,ORD-2024-002194,P00455,T07,MJ014,Toko,2,4970000,10.0,
2024-09-15,ORD-2024-002195,P00078,T08,KR023,Toko,1,1270000,5.7,
2024-09-15,ORD-2024-002195,P00078,T08,DK024,Toko,1,930000,0.1,
2024-09-15,ORD-2024-002223,P01461,T08,PD001,Toko,1,1710000,6.3,
2024-09-15,ORD-2024-002231,P01033,T04,DK042,Marketplace,2,1280000,11.1,160000
2024-09-15,ORD-2024-002241,P00700,T11,KS013,Toko,1,10990000,12.7,
2024-09-15,ORD-2024-002245,P02604,T09,DK014,Toko,1,890000,7.3,
2024-09-15,ORD-2024-002245,P02604,T09,MJ037,Toko,2,3320000,18.7,
2024-09-15,ORD-2024-002245,P02604,T09,PD010,Toko,1,450000,16.6,
2024-09-15,ORD-2024-002245,P02604,T09,PD001,Toko,1,1710000,11.3,
2024-09-15,ORD-2024-002255,P03323,T02,LM011,Toko,1,12480000,0.0,
2024-09-15,ORD-2024-002276,P00885,T10,PC032,Toko,1,470000,11.4,
2024-09-15,ORD-2024-002293,P00031,T13,SF021,Online,1,9200000,11.5,110000
2024-09-15,ORD-2024-002338,P01343,T11,PC006,Toko,1,1850000,8.0,
2024-09-15,ORD-2024-002359,P01824,T13,SF019,Online,2,8050000,0.0,420000
2024-09-15,ORD-2024-002371,P02994,T13,PC021,Online,1,4550000,0.0,90000
2024-09-15,ORD-2024-002371,P02994,T13,PC013,Online,2,1410000,6.1,390000
2024-09-15,ORD-2024-002371,P02994,T13,PC032,Online,1,470000,3.1,410000
2024-09-15,ORD-2024-002371,P02994,T13,DK010,Online,1,690000,9.4,230000
2024-09-15,ORD-2024-002388,P02944,T13,PD007,Online,1,770000,13.9,430000
2024-09-15,ORD-2024-002411,P03183,T09,KR035,Toko,1,1760000,0.0,
2024-09-15,ORD-2024-002411,P03183,T09,KS024,Toko,3,13500000,0.0,
2024-09-15,ORD-2024-002411,P03183,T09,SF029,Toko,1,7520000,14.3,
2024-09-15,ORD-2024-002433,P00938,T13,KR019,Online,1,2530000,6.5,340000
2024-09-16,ORD-2024-002171,P01412,T02,KR008,Toko,4,2800000,6.5,
2024-09-16,ORD-2024-002187,P01964,T13,PD016,Online,1,1080000,10.9,570000
2024-09-16,ORD-2024-002187,P01964,T13,MJ035,Online,1,5190000,12.3,340000
2024-09-16,ORD-2024-002211,P02665,T02,PC007,Toko,2,1510000,11.5,
2024-09-16,ORD-2024-002242,P02797,T05,LM019,Toko,1,5540000,14.1,
2024-09-16,ORD-2024-002302,P01684,T13,KR009,Online,1,3260000,2.9,310000
2024-09-16,ORD-2024-002363,P01813,T04,DK031,Toko,4,800000,9.9,
2024-09-16,ORD-2024-002363,P01813,T04,DK001,Toko,1,530000,16.7,
2024-09-16,ORD-2024-002394,P00533,T13,KR034,Online,1,2350000,9.2,340000
2024-09-16,ORD-2024-002423,P00260,T13,LM035,Online,1,11500000,6.0,190000
2024-09-16,ORD-2024-002423,P00260,T13,PC024,Online,1,850000,17.4,200000
2024-09-17,ORD-2024-002215,P02346,T01,MJ014,Marketplace,3,4970000,11.3,
2024-09-17,ORD-2024-002215,P02346,T01,DK030,Marketplace,1,930000,0.0,350000
2024-09-17,ORD-2024-002267,P00158,T03,KR047,Toko,1,4470000,14.9,
2024-09-17,ORD-2024-002267,P00158,T03,DK027,Toko,1,630000,0.0,
2024-09-17,ORD-2024-002267,P00158,T03,PD007,Toko,1,770000,10.6,
2024-09-17,ORD-2024-002267,P00158,T03,KR044,Toko,1,2280000,12.1,
2024-09-17,ORD-2024-002311,P01612,T04,PC032,Toko,1,470000,12.6,
2024-09-17,ORD-2024-002311,P01612,T04,KR019,Toko,1,2530000,5.2,
2024-09-17,ORD-2024-002311,P01612,T04,PD012,Toko,1,1500000,0.0,
2024-09-17,ORD-2024-002321,P01849,T11,PC005,Marketplace,1,660000,15.6,150000
2024-09-17,ORD-2024-002405,P02560,T13,DK007,Online,3,900000,0.0,280000
2024-09-17,ORD-2024-002427,P02127,T13,PD006,Online,1,970000,9.9,260000
2024-09-18,ORD-2024-002217,P01148,T13,PC003,Online,1,1200000,0.0,80000
2024-09-18,ORD-2024-002218,,T05,MJ018,Toko,1,3700000,14.9,90000
2024-09-18,ORD-2024-002314,P02473,T02,KS008,Toko,1,5690000,5.4,
2024-09-18,ORD-2024-002318,P01626,T05,SF016,Toko,2,10420000,0.0,
2024-09-18,ORD-2024-002318,P01626,T05,PD016,Toko,1,1080000,9.5,
2024-09-18,ORD-2024-002399,,T09,LM036,Toko,1,4150000,11.7,160000
2024-09-18,ORD-2024-002399,,T09,SF008,Toko,3,13020000,15.0,
2024-09-18,ORD-2024-002399,,T09,PD024,Toko,2,1130000,9.9,
2024-09-18,ORD-2024-002399,,T09,PC018,Toko,3,1420000,5.7,
2024-09-18,ORD-2024-002415,P03147,T06,PC020,Toko,1,2530000,14.1,
2024-09-18,ORD-2024-002424,P02722,T06,MJ017,Toko,1,3280000,6.1,340000
2024-09-18,ORD-2024-002424,P02722,T06,DK031,Toko,1,800000,0.0,
2024-09-18,ORD-2024-002424,P02722,T06,MJ001,Toko,2,2940000,9.6,
2024-09-19,ORD-2024-002200,P02459,T13,KR001,Online,1,3260000,8.7,440000
2024-09-19,ORD-2024-002205,P03344,T13,KR001,Online,2,3260000,0.0,210000
2024-09-19,ORD-2024-002205,P03344,T13,KR045,Online,2,3000000,6.2,390000
2024-09-19,ORD-2024-002254,P01165,T13,LM014,Online,1,4520000,18.0,440000
2024-09-19,ORD-2024-002268,P02970,T05,DK002,Toko,1,490000,10.4,
2024-09-19,ORD-2024-002331,P00129,T13,PC032,Online,1,470000,8.8,430000
2024-09-19,ORD-2024-002333,P01319,T13,MJ032,Online,2,5400000,0.0,110000
2024-09-19,ORD-2024-002353,P02450,T04,LM022,Marketplace,1,8900000,14.7,100000
2024-09-19,ORD-2024-002374,P00431,T13,MJ014,Online,1,4970000,13.0,70000
2024-09-19,ORD-2024-002374,P00431,T13,PC006,Online,1,1850000,6.0,340000
2024-09-19,ORD-2024-002381,P01474,T11,KS018,Marketplace,1,7410000,7.2,470000
2024-09-19,ORD-2024-002390,P01066,T02,KR026,Marketplace,1,2860000,10.9,380000
2024-09-20,ORD-2024-002202,P01284,T07,KR024,Toko,1,3000000,14.5,80000
2024-09-20,ORD-2024-002290,P02925,T05,LM038,Toko,1,5010000,19.2,
2024-09-20,ORD-2024-002295,P01320,T13,LM001,Online,1,6680000,10.6,570000
2024-09-20,ORD-2024-002295,P01320,T13,DK028,Online,2,730000,7.7,250000
2024-09-20,ORD-2024-002309,P01134,T13,PD005,Online,1,390000,8.2,180000
2024-09-20,ORD-2024-002309,P01134,T13,KR003,Online,1,1440000,14.9,80000
2024-09-20,ORD-2024-002319,P03144,T04,MJ043,Toko,3,4010000,15.7,
2024-09-20,ORD-2024-002319,P03144,T04,PD004,Toko,1,1050000,3.3,
2024-09-20,ORD-2024-002325,,T06,MJ010,Toko,1,3850000,9.3,
2024-09-20,ORD-2024-002341,P02385,T13,DK031,Online,2,800000,1.3,200000
2024-09-20,ORD-2024-002372,P02827,T13,SF027,Online,1,36010000,13.4,160000
2024-09-20,ORD-2024-002372,P02827,T13,DK004,Online,1,1240000,10.8,230000
2024-09-21,ORD-2024-002222,P00977,T13,MJ024,Online,4,3010000,11.9,370000
2024-09-21,ORD-2024-002236,P01361,T06,DK033,Marketplace,1,220000,0.0,170000
2024-09-21,ORD-2024-002236,P01361,T06,DK034,Marketplace,1,830000,0.0,70000
2024-09-21,ORD-2024-002247,,T06,DK038,Toko,1,530000,7.9,
2024-09-21,ORD-2024-002257,P00943,T09,DK039,Toko,1,870000,0.0,
2024-09-21,ORD-2024-002259,P01930,T02,DK007,Toko,3,900000,18.7,
2024-09-21,ORD-2024-002259,P01930,T02,DK018,Toko,1,1000000,4.9,
2024-09-21,ORD-2024-002291,P00242,T06,LM032,Toko,2,4960000,0.0,
2024-09-21,ORD-2024-002336,P00892,T13,SF021,Online,1,9200000,7.1,260000
2024-09-21,ORD-2024-002355,P01062,T13,DK033,Online,2,220000,10.0,390000
2024-09-21,ORD-2024-002358,P02223,T13,PD016,Online,2,1080000,11.3,210000
2024-09-21,ORD-2024-002358,P02223,T13,MJ026,Online,2,3480000,8.9,440000
2024-09-21,ORD-2024-002358,P02223,T13,KS012,Online,2,11030000,15.7,560000
2024-09-21,ORD-2024-002378,P01945,T04,MJ042,Marketplace,1,10940000,0.0,590000
2024-09-21,ORD-2024-002380,P02280,T03,PD018,Toko,1,530000,14.5,
2024-09-21,ORD-2024-002395,P03127,T13,LM014,Online,1,4520000,15.3,330000
2024-09-21,ORD-2024-002403,P00970,T13,KR011,Online,2,1570000,13.6,520000
2024-09-21,ORD-2024-002403,P00970,T13,DK003,Online,1,420000,12.1,520000
2024-09-21,ORD-2024-002409,P02155,T02,DK028,Toko,1,730000,11.1,
2024-09-21,ORD-2024-002429,P01642,T13,MJ005,Online,1,4030000,0.0,170000
2024-09-21,ORD-2024-002429,P01642,T13,DK014,Online,1,890000,8.5,490000
2024-09-22,ORD-2024-002182,P00893,T13,PC030,Online,1,1220000,10.9,430000
2024-09-22,ORD-2024-002182,P00893,T13,LM015,Online,1,3180000,11.1,270000
2024-09-22,ORD-2024-002196,,T10,PD024,Toko,1,1130000,3.2,
2024-09-22,ORD-2024-002196,,T10,PC032,Toko,1,470000,15.8,
2024-09-22,ORD-2024-002240,P02396,T13,DK042,Online,1,1280000,0.0,260000
2024-09-22,ORD-2024-002306,P00616,T04,DK027,Toko,1,630000,13.2,
2024-09-22,ORD-2024-002334,P01490,T05,MJ037,Toko,1,3320000,13.5,
2024-09-22,ORD-2024-002337,P02531,T07,MJ003,Toko,1,2060000,13.3,120000
2024-09-22,ORD-2024-002337,P02531,T07,DK028,Toko,2,730000,3.6,
2024-09-22,ORD-2024-002398,P02112,T05,DK035,Toko,1,400000,11.6,
2024-09-22,ORD-2024-002398,P02112,T05,MJ004,Toko,1,3430000,0.0,
2024-09-22,ORD-2024-002401,P02798,T06,MJ028,Toko,2,10280000,9.7,
2024-09-22,ORD-2024-002418,P02605,T08,DK015,Toko,1,1390000,0.0,
2024-09-22,ORD-2024-002418,P02605,T08,DK026,Toko,2,1170000,0.0,
2024-09-22,ORD-2024-002418,P02605,T08,KR007,Toko,1,1690000,9.1,
2024-09-23,ORD-2024-002249,P00289,T05,MJ020,Toko,1,4520000,12.1,
2024-09-23,ORD-2024-002249,P00289,T05,PC007,Toko,3,1510000,0.0,
2024-09-23,ORD-2024-002262,P00654,T13,PD021,Online,1,660000,5.5,330000
2024-09-23,ORD-2024-002262,P00654,T13,SF017,Online,1,8850000,7.5,530000
2024-09-23,ORD-2024-002284,P01460,T03,KS017,Toko,1,15120000,17.4,
2024-09-23,ORD-2024-002322,P01944,T02,PC013,Marketplace,1,1410000,0.0,490000
2024-09-23,ORD-2024-002322,P01944,T02,PC003,Marketplace,1,1200000,17.9,550000
2024-09-23,ORD-2024-002323,P02778,T10,LM016,Marketplace,2,16110000,6.1,80000
2024-09-23,ORD-2024-002406,,T07,PD022,Toko,1,520000,5.4,
2024-09-23,ORD-2024-002406,,T07,KS006,Toko,3,8770000,9.3,
2024-09-23,ORD-2024-002406,,T07,MJ043,Toko,2,4010000,9.7,
2024-09-23,ORD-2024-002413,P01473,T13,SF004,Online,2,7400000,14.7,240000
2024-09-24,ORD-2024-002279,P01625,T13,DK011,Online,4,2070000,12.1,590000
2024-09-24,ORD-2024-002280,P02339,T13,MJ011,Online,2,6920000,11.9,370000
2024-09-24,ORD-2024-002280,P02339,T13,DK033,Online,2,220000,12.1,340000
2024-09-24,ORD-2024-002281,P02455,T13,PD003,Online,1,1200000,14.5,550000
2024-09-24,ORD-2024-002281,P02455,T13,PD005,Online,1,390000,13.1,580000
2024-09-24,ORD-2024-002300,P01183,T09,PC014,Toko,1,1800000,13.8,
2024-09-24,ORD-2024-002300,P01183,T09,MJ040,Toko,1,4110000,7.3,
2024-09-24,ORD-2024-002300,P01183,T09,PD010,Toko,1,450000,4.9,
2024-09-24,ORD-2024-002301,P00188,T02,KR018,Marketplace,1,1090000,0.0,470000
2024-09-25,ORD-2024-002167,P02634,T13,MJ023,Online,1,8100000,0.0,460000
2024-09-25,ORD-2024-002170,P00570,T10,PD009,Toko,1,840000,8.1,
2024-09-25,ORD-2024-002203,P02944,T13,PD022,Online,1,520000,14.3,560000
2024-09-25,ORD-2024-002203,P02944,T13,MJ003,Online,1,2060000,0.0,590000
2024-09-25,ORD-2024-002209,P02902,T06,PD023,Toko,1,1090000,0.0,
2024-09-25,ORD-2024-002209,P02902,T06,KR036,Toko,1,2360000,7.3,
2024-09-25,ORD-2024-002234,P01279,T09,MJ001,Toko,1,2940000,11.0,
2024-09-25,ORD-2024-002237,P01906,T06,SF019,Marketplace,1,8050000,15.6,290000
2024-09-25,ORD-2024-002237,P01906,T06,KS021,Marketplace,1,8510000,0.0,410000
2024-09-25,ORD-2024-002237,P01906,T06,KR043,Marketplace,2,5270000,14.2,500000
2024-09-25,ORD-2024-002237,P01906,T06,LM002,Marketplace,1,5960000,23.8,160000
2024-09-25,ORD-2024-002263,P00492,T08,LM034,Toko,1,5930000,0.0,
2024-09-25,ORD-2024-002263,P00492,T08,KS027,Toko,1,6560000,10.7,
2024-09-25,ORD-2024-002266,P03378,T13,PD008,Online,3,970000,0.0,480000
2024-09-25,ORD-2024-002266,P03378,T13,DK036,Online,1,510000,13.6,490000
2024-09-25,ORD-2024-002274,P00164,T13,KR005,Online,1,3610000,4.1,250000
2024-09-25,ORD-2024-002313,P03137,T13,KR020,Online,1,1970000,15.5,330000
2024-09-25,ORD-2024-002326,P01473,T02,DK040,Toko,1,1260000,21.5,
2024-09-25,ORD-2024-002326,P01473,T02,MJ037,Toko,1,3320000,14.1,130000
2024-09-25,ORD-2024-002330,P01559,T10,PC030,Toko,2,1220000,7.8,
2024-09-25,ORD-2024-002384,P00174,T06,MJ015,Marketplace,1,2920000,0.0,140000
2024-09-25,ORD-2024-002430,P02267,T09,LM016,Toko,1,16110000,8.2,
2024-09-25,ORD-2024-002430,P02267,T09,PC007,Toko,1,1510000,0.0,
2024-09-26,ORD-2024-002221,P01936,T13,PD016,Online,4,1080000,13.0,480000
2024-09-26,ORD-2024-002221,P01936,T13,SF021,Online,2,9200000,0.0,430000
2024-09-26,ORD-2024-002221,P01936,T13,PC006,Online,1,1850000,12.4,320000
2024-09-26,ORD-2024-002221,P01936,T13,KR008,Online,1,2800000,0.0,530000
2024-09-26,ORD-2024-002238,P02954,T02,MJ035,Toko,1,5190000,7.5,
2024-09-26,ORD-2024-002303,P01809,T04,KS019,Toko,3,7170000,13.8,150000
2024-09-26,ORD-2024-002351,P02259,T13,PD025,Online,1,1100000,10.1,490000
2024-09-26,ORD-2024-002351,P02259,T13,MJ006,Online,1,4050000,10.2,60000
2024-09-26,ORD-2024-002362,P01465,T09,DK024,Marketplace,4,930000,14.5,160000
2024-09-26,ORD-2024-002376,P00745,T13,DK036,Online,1,510000,5.6,230000
2024-09-26,ORD-2024-002383,P00117,T08,MJ014,Toko,1,4970000,7.1,
2024-09-26,ORD-2024-002393,P03192,T03,LM036,Toko,1,4150000,16.5,
2024-09-26,ORD-2024-002414,P00828,T10,DK028,Marketplace,1,730000,0.0,100000
2024-09-26,ORD-2024-002432,P02463,T12,KS025,Marketplace,1,7830000,9.8,370000
2024-09-27,ORD-2024-002181,P03227,T13,LM007,Online,1,4350000,9.7,70000
2024-09-27,ORD-2024-002250,P00912,T13,DK036,Online,1,510000,9.9,360000
2024-09-27,ORD-2024-002289,P03079,T13,KR022,Online,2,2200000,8.1,110000
2024-09-27,ORD-2024-002335,P02798,T12,KR014,Marketplace,2,3530000,14.6,130000
2024-09-27,ORD-2024-002346,P01403,T02,KR041,Toko,1,1620000,6.0,420000
2024-09-27,ORD-2024-002407,P01854,T01,DK033,Toko,1,220000,20.2,
2024-09-28,ORD-2024-002177,P03073,T13,PD001,Online,2,1710000,17.6,480000
2024-09-28,ORD-2024-002177,P03073,T13,PC032,Online,1,470000,0.0,350000
2024-09-28,ORD-2024-002197,P00721,T09,SF020,Marketplace,1,9700000,13.3,110000
2024-09-28,ORD-2024-002197,P00721,T09,KR005,Marketplace,1,3610000,0.0,150000
2024-09-28,ORD-2024-002197,P00721,T09,LM035,Marketplace,4,11500000,10.8,230000
2024-09-28,ORD-2024-002212,P02235,T10,LM037,Marketplace,1,3800000,12.7,520000
2024-09-28,ORD-2024-002212,P02235,T10,LM035,Marketplace,3,11500000,4.4,510000
2024-09-28,ORD-2024-002251,P02673,T13,PD026,Online,3,520000,15.1,480000
2024-09-28,ORD-2024-002251,P02673,T13,LM037,Online,1,3800000,0.0,120000
2024-09-28,ORD-2024-002261,P03228,T13,PC007,Online,2,1510000,8.1,180000
2024-09-28,ORD-2024-002332,P00138,T13,KR011,Online,1,1570000,10.0,270000
2024-09-28,ORD-2024-002375,P00387,T05,PC004,Marketplace,1,1660000,0.0,530000
2024-09-29,ORD-2024-002179,P01580,T02,DK032,Toko,1,340000,19.5,
2024-09-29,ORD-2024-002183,P00422,T13,SF025,Online,1,5340000,12.8,400000
2024-09-29,ORD-2024-002183,P00422,T13,DK013,Online,1,1520000,15.3,380000
2024-09-29,ORD-2024-002183,P00422,T13,SF015,Online,1,6690000,4.6,300000
2024-09-29,ORD-2024-002210,P03181,T13,KR041,Online,1,1620000,17.8,410000
2024-09-29,ORD-2024-002213,P01152,T13,PD022,Online,1,520000,11.2,580000
2024-09-29,ORD-2024-002213,P01152,T13,PD025,Online,2,1100000,4.2,
2024-09-29,ORD-2024-002220,P02218,T04,KS028,Marketplace,1,7780000,15.9,180000
2024-09-29,ORD-2024-002220,P02218,T04,DK005,Marketplace,1,430000,11.5,580000
2024-09-29,ORD-2024-002226,P00459,T08,PD008,Toko,1,970000,16.2,
2024-09-29,ORD-2024-002226,P00459,T08,SF008,Toko,1,13020000,8.9,
2024-09-29,ORD-2024-002299,P01625,T05,PD022,Marketplace,3,520000,11.4,520000
2024-09-29,ORD-2024-002299,P01625,T05,DK016,Marketplace,2,730000,13.3,460000
2024-09-29,ORD-2024-002361,P02704,T13,KR027,Online,1,1770000,15.2,100000
2024-09-29,ORD-2024-002382,P00981,T06,KR048,Toko,1,5130000,5.2,
2024-09-29,ORD-2024-002385,P01798,T13,PD007,Online,1,770000,0.0,210000
2024-09-29,ORD-2024-002385,P01798,T13,DK018,Online,1,1000000,11.0,100000
2024-09-29,ORD-2024-002396,P02164,T13,PC032,Online,1,470000,10.9,200000
2024-09-30,ORD-2024-002178,P02189,T13,PD003,Online,1,1200000,11.4,400000
2024-09-30,ORD-2024-002206,P00139,T05,KS011,Toko,1,17850000,10.9,
2024-09-30,ORD-2024-002219,P01193,T11,SF024,Toko,1,3520000,0.0,
2024-09-30,ORD-2024-002219,P01193,T11,KR022,Toko,1,2200000,6.6,
2024-09-30,ORD-2024-002219,P01193,T11,MJ002,Toko,1,3330000,17.3,
2024-09-30,ORD-2024-002282,P01105,T13,PC010,Online,1,1240000,7.1,180000
2024-09-30,ORD-2024-002282,P01105,T13,KR046,Online,1,1210000,14.1,200000
2024-09-30,ORD-2024-002282,P01105,T13,KR044,Online,2,2280000,0.0,180000
2024-09-30,ORD-2024-002329,P00368,T03,SF032,Toko,1,6260000,13.4,
2024-09-30,ORD-2024-002329,P00368,T03,MJ008,Toko,1,3030000,10.1,
2024-09-30,ORD-2024-002360,P02738,T13,PD025,Online,1,1100000,0.0,110000
2024-09-30,ORD-2024-002366,P00163,T13,SF009,Online,4,11780000,0.0,530000
2024-09-30,ORD-2024-002410,P01283,T09,KS025,Toko,1,7830000,0.0,
2024-09-30,ORD-2024-002410,P01283,T09,PD011,Toko,1,750000,5.5,
2024-09-30,ORD-2024-002410,P01283,T09,PC002,Toko,1,1740000,9.8,
2024-09-30,ORD-2024-002420,P00788,T02,MJ027,Marketplace,2,3790000,8.0,260000
2024-09-30,ORD-2024-002420,P00788,T02,SF012,Marketplace,1,7980000,10.9,430000
2024-09-30,ORD-2024-002420,P00788,T02,PD008,Marketplace,1,970000,11.1,450000
2024-09-30,ORD-2024-002420,P00788,T02,KR039,Marketplace,1,2460000,8.6,430000
2024-10-01,ORD-2024-002469,P03421,T01,KR034,Marketplace,2,2350000,0.0,470000
2024-10-01,ORD-2024-002469,P03421,T01,PD006,Marketplace,1,970000,11.6,220000
2024-10-01,ORD-2024-002480,P03363,T06,DK032,Marketplace,1,340000,0.0,360000
2024-10-01,ORD-2024-002510,,T01,MJ001,Toko,1,2940000,13.6,
2024-10-01,ORD-2024-002510,,T01,KS020,Toko,1,17920000,0.0,
2024-10-01,ORD-2024-002514,P01679,T01,DK003,Toko,1,420000,0.0,410000
2024-10-01,ORD-2024-002514,P01679,T01,SF041,Toko,1,7920000,16.5,
2024-10-01,ORD-2024-002514,P01679,T01,MJ010,Toko,1,3850000,11.4,
2024-10-01,ORD-2024-002568,P02878,T01,DK038,Toko,1,530000,13.9,
2024-10-01,ORD-2024-002570,P01751,T04,KR017,Toko,2,4540000,12.7,
2024-10-01,ORD-2024-002592,P01244,T10,KR007,Marketplace,2,1690000,0.0,140000
2024-10-01,ORD-2024-002592,P01244,T10,KS012,Marketplace,1,11030000,10.2,220000
2024-10-01,ORD-2024-002592,P01244,T10,DK035,Marketplace,1,400000,7.4,180000
2024-10-01,ORD-2024-002592,P01244,T10,PC001,Marketplace,1,1430000,12.7,520000
2024-10-01,ORD-2024-002597,P00854,T13,LM037,Online,1,3800000,13.3,580000
2024-10-01,ORD-2024-002597,P00854,T13,PC020,Online,1,2530000,11.5,520000
2024-10-01,ORD-2024-002598,P01244,T04,KR005,Toko,2,3610000,7.2,
2024-10-01,ORD-2024-002598,P01244,T04,MJ020,Toko,1,4520000,6.7,
2024-10-01,ORD-2024-002608,P02198,T13,PC029,Online,1,1900000,7.7,430000
2024-10-01,ORD-2024-002608,P02198,T13,DK020,Online,1,690000,8.5,380000
2024-10-01,ORD-2024-002627,P02395,T13,PD001,Online,1,1710000,16.5,400000
2024-10-01,ORD-2024-002672,P01545,T13,DK037,Online,2,540000,20.2,200000
2024-10-01,ORD-2024-002678,,T09,SF019,Toko,1,8050000,0.0,
2024-10-01,ORD-2024-002703,P02952,T13,PC016,Online,1,1760000,0.0,520000
2024-10-01,ORD-2024-002703,P02952,T13,LM011,Online,1,12480000,10.6,70000
2024-10-01,ORD-2024-002713,P01068,T08,MJ043,Toko,1,4010000,10.6,
2024-10-01,ORD-2024-002713,P01068,T08,DK001,Toko,1,530000,10.0,
2024-10-02,ORD-2024-002441,P02872,T13,KS020,Online,1,17920000,9.0,290000
2024-10-02,ORD-2024-002441,P02872,T13,KR005,Online,1,3610000,10.3,540000
2024-10-02,ORD-2024-002456,P01671,T13,SF026,Online,1,5850000,10.7,290000
2024-10-02,ORD-2024-002456,P01671,T13,KS015,Online,1,7280000,0.0,100000
2024-10-02,ORD-2024-002482,P00319,T11,SF012,Toko,1,7980000,0.0,
2024-10-02,ORD-2024-002482,P00319,T11,PD017,Toko,2,2370000,0.0,
2024-10-02,ORD-2024-002515,P00502,T03,LM029,Toko,2,8480000,5.1,
2024-10-02,ORD-2024-002515,P00502,T03,DK020,Toko,1,690000,18.0,
2024-10-02,ORD-2024-002539,P02619,T09,PC001,Toko,1,1430000,12.7,
2024-10-02,ORD-2024-002544,P02853,T11,LM040,Toko,1,9610000,20.0,
2024-10-02,ORD-2024-002544,P02853,T11,PD004,Toko,1,1050000,0.0,
2024-10-02,ORD-2024-002616,P01848,T13,KR007,Online,1,1690000,0.0,250000
2024-10-02,ORD-2024-002616,P01848,T13,DK042,Online,2,1280000,0.0,590000
2024-10-03,ORD-2024-002435,P02055,T12,SF037,Marketplace,1,10360000,18.5,460000
2024-10-03,ORD-2024-002435,P02055,T12,DK035,Marketplace,1,400000,3.1,340000
2024-10-03,ORD-2024-002457,P01056,T13,PD017,Online,3,2370000,8.2,60000
2024-10-03,ORD-2024-002460,P00108,T05,KR003,Toko,1,1440000,13.6,
2024-10-03,ORD-2024-002490,P00898,T07,KR018,Toko,1,1090000,9.9,
2024-10-03,ORD-2024-002490,P00898,T07,MJ021,Toko,2,2560000,11.2,440000
2024-10-03,ORD-2024-002490,P00898,T07,DK023,Toko,1,770000,0.0,
2024-10-03,ORD-2024-002490,P00898,T07,KR019,Toko,2,2530000,17.4,410000
2024-10-03,ORD-2024-002499,P02348,T01,DK042,Marketplace,1,1280000,11.5,170000
2024-10-03,ORD-2024-002499,P02348,T01,KR002,Marketplace,2,1500000,0.0,180000
2024-10-03,ORD-2024-002499,P02348,T01,MJ042,Marketplace,3,10940000,16.4,220000
2024-10-03,ORD-2024-002512,P00138,T02,KS004,Marketplace,4,10560000,8.5,340000
2024-10-03,ORD-2024-002512,P00138,T02,KR007,Marketplace,1,1690000,7.7,290000
2024-10-03,ORD-2024-002524,P02183,T13,KR027,Online,1,1770000,13.8,410000
2024-10-03,ORD-2024-002526,P02046,T13,DK042,Online,3,1280000,14.7,80000
2024-10-03,ORD-2024-002526,P02046,T13,SF021,Online,3,9200000,7.8,230000
2024-10-03,ORD-2024-002538,P01262,T01,KR020,Toko,1,1970000,17.6,
2024-10-03,ORD-2024-002538,P01262,T01,KS007,Toko,1,6100000,9.3,
2024-10-03,ORD-2024-002630,P03114,T13,SF018,Online,1,10500000,5.3,110000
2024-10-03,ORD-2024-002639,P02097,T13,KR003,Online,2,1440000,10.6,450000
2024-10-03,ORD-2024-002705,P01023,T13,PD024,Online,1,1130000,15.6,580000
2024-10-03,ORD-2024-002717,P00033,T04,KR013,Toko,1,3330000,14.2,
2024-10-03,ORD-2024-002717,P00033,T04,SF031,Toko,1,3420000,11.9,
2024-10-04,ORD-2024-002445,P02089,T13,DK029,Online,1,500000,9.6,430000
2024-10-04,ORD-2024-002501,P02875,T12,PC025,Toko,1,1800000,14.4,
2024-10-04,ORD-2024-002501,P02875,T12,DK001,Toko,2,530000,5.2,
2024-10-04,ORD-2024-002561,P02962,T13,PD021,Online,2,660000,0.0,300000
2024-10-04,ORD-2024-002583,P01055,T09,PD003,Toko,1,1200000,0.0,
2024-10-04,ORD-2024-002602,,T04,DK032,Toko,1,340000,10.0,
2024-10-04,ORD-2024-002603,P02534,T05,PD001,Toko,1,1710000,11.5,260000
2024-10-04,ORD-2024-002636,P00888,T13,KR008,Online,1,2800000,14.3,250000
2024-10-04,ORD-2024-002652,P02949,T13,DK043,Online,4,760000,9.7,570000
2024-10-05,ORD-2024-002461,P02514,T12,PD004,Marketplace,1,1050000,0.0,420000
2024-10-05,ORD-2024-002487,P01562,T04,DK019,Toko,2,860000,13.6,
2024-10-05,ORD-2024-002488,P01929,T08,MJ041,Toko,1,2240000,7.0,
2024-10-05,ORD-2024-002488,P01929,T08,DK033,Toko,2,220000,11.4,
2024-10-05,ORD-2024-002488,P01929,T08,LM019,Toko,2,5540000,8.2,
2024-10-05,ORD-2024-002488,P01929,T08,KR036,Toko,2,2360000,5.4,
2024-10-05,ORD-2024-002523,P01128,T09,PD017,Toko,3,2370000,0.0,
2024-10-05,ORD-2024-002523,P01128,T09,PC018,Toko,1,1420000,14.2,
2024-10-05,ORD-2024-002536,P02000,T13,SF037,Online,1,10360000,0.0,140000
2024-10-05,ORD-2024-002560,P01970,T13,DK016,Online,1,730000,7.3,280000
2024-10-05,ORD-2024-002582,P02135,T13,SF014,Online,1,11630000,0.0,90000
2024-10-05,ORD-2024-002582,P02135,T13,SF031,Online,1,3420000,0.0,590000
2024-10-05,ORD-2024-002607,P00344,T03,KR016,Marketplace,2,3780000,9.8,210000
2024-10-05,ORD-2024-002607,P00344,T03,KS006,Marketplace,1,8770000,14.7,60000
2024-10-05,ORD-2024-002662,P00044,T05,SF004,Toko,1,7400000,0.0,
2024-10-05,ORD-2024-002680,P02615,T06,DK025,Toko,1,660000,15.3,
2024-10-05,ORD-2024-002689,P02347,T13,KR040,Online,1,2380000,4.0,250000
2024-10-05,ORD-2024-002689,P02347,T13,DK005,Online,2,430000,17.3,160000
2024-10-06,ORD-2024-002440,P02231,T13,LM032,Online,1,4960000,0.0,100000
2024-10-06,ORD-2024-002492,P01166,T02,MJ017,Toko,3,3280000,12.3,
2024-10-06,ORD-2024-002542,P02862,T03,DK040,Toko,4,1260000,0.0,410000
2024-10-06,ORD-2024-002600,P02506,T13,KR024,Online,4,3000000,12.7,260000
2024-10-06,ORD-2024-002623,P00576,T06,DK033,Marketplace,3,220000,8.2,400000
2024-10-06,ORD-2024-002628,P02429,T12,DK041,Toko,2,2550000,13.9,
2024-10-06,ORD-2024-002634,P02700,T01,SF007,Toko,2,10370000,14.7,
2024-10-06,ORD-2024-002634,P02700,T01,LM007,Toko,2,4350000,10.4,
2024-10-06,ORD-2024-002651,P02967,T12,PC023,Toko,2,1920000,17.0,
2024-10-06,ORD-2024-002709,P01545,T13,DK043,Online,2,760000,0.0,230000
2024-10-06,ORD-2024-002710,P01961,T13,KR020,Online,1,1970000,10.6,580000
2024-10-06,ORD-2024-002712,P00038,T13,MJ034,Online,1,6280000,11.6,570000
2024-10-07,ORD-2024-002472,P01763,T03,PD023,Toko,1,1090000,0.0,
2024-10-07,ORD-2024-002569,P00647,T13,PD006,Online,1,970000,10.5,570000
2024-10-07,ORD-2024-002617,P03174,T05,SF028,Toko,1,6980000,3.6,
2024-10-07,ORD-2024-002617,P03174,T05,PC030,Toko,1,1220000,0.0,270000
2024-10-07,ORD-2024-002644,P03152,T05,DK018,Toko,1,1000000,9.3,
2024-10-08,ORD-2024-002438,P00164,T13,PD026,Online,3,520000,0.0,380000
2024-10-08,ORD-2024-002443,P01499,T08,PC004,Toko,1,1660000,3.9,
2024-10-08,ORD-2024-002443,P01499,T08,KR026,Toko,2,2860000,7.2,
2024-10-08,ORD-2024-002443,P01499,T08,SF024,Toko,1,3520000,12.8,
2024-10-08,ORD-2024-002452,P00167,T13,KR028,Online,1,1780000,9.1,70000
2024-10-08,ORD-2024-002452,P00167,T13,DK010,Online,1,690000,3.2,560000
2024-10-08,ORD-2024-002471,P00808,T05,PD026,Marketplace,1,520000,7.8,60000
2024-10-08,ORD-2024-002516,P03217,T13,MJ008,Online,3,3030000,9.9,440000
2024-10-08,ORD-2024-002516,P03217,T13,PC001,Online,1,1430000,0.0,420000
2024-10-08,ORD-2024-002516,P03217,T13,KR031,Online,1,2350000,14.6,120000
2024-10-08,ORD-2024-002518,P00865,T08,PD006,Toko,3,970000,17.4,
2024-10-08,ORD-2024-002541,P03080,T04,KR028,Toko,1,1780000,9.4,
2024-10-08,ORD-2024-002545,P01727,T08,MJ019,Marketplace,1,6140000,21.9,270000
2024-10-08,ORD-2024-002626,P00817,T10,SF042,Toko,1,4260000,7.8,
2024-10-08,ORD-2024-002668,P00030,T03,KS007,Toko,1,6100000,8.0,
2024-10-08,ORD-2024-002668,P00030,T03,DK020,Toko,2,690000,0.0,
2024-10-08,ORD-2024-002669,P01142,T13,DK021,Online,1,1010000,8.5,130000
2024-10-08,ORD-2024-002694,P03150,T13,KR043,Online,1,5270000,7.1,210000
2024-10-08,ORD-2024-002694,P03150,T13,KR034,Online,1,2350000,13.0,540000
2024-10-08,ORD-2024-002694,P03150,T13,KR010,Online,1,1900000,0.0,490000
2024-10-09,ORD-2024-002444,P00512,T13,DK025,Online,2,660000,10.5,
2024-10-09,ORD-2024-002468,P00294,T06,DK042,Marketplace,3,1280000,16.4,570000
2024-10-09,ORD-2024-002489,P02805,T13,DK019,Online,1,860000,8.2,320000
2024-10-09,ORD-2024-002489,P02805,T13,DK023,Online,1,770000,14.2,560000
2024-10-09,ORD-2024-002530,P00122,T13,PC027,Online,1,3210000,0.0,480000
2024-10-09,ORD-2024-002543,P01614,T13,DK008,Online,1,910000,4.8,520000
2024-10-09,ORD-2024-002591,,T08,MJ022,Toko,3,4090000,0.0,
2024-10-09,ORD-2024-002679,P00947,T13,MJ009,Online,1,2670000,7.5,530000
2024-10-09,ORD-2024-002679,P00947,T13,DK017,Online,2,1740000,11.1,350000
2024-10-10,ORD-2024-002464,P03343,T13,DK023,Online,1,770000,15.5,530000
2024-10-10,ORD-2024-002464,P03343,T13,KR047,Online,4,4470000,0.0,410000
2024-10-10,ORD-2024-002491,P02634,T11,MJ010,Marketplace,1,3850000,14.3,290000
2024-10-10,ORD-2024-002494,P01814,T13,DK002,Online,1,490000,9.5,540000
2024-10-10,ORD-2024-002506,P00040,T01,DK027,Toko,1,630000,13.2,
2024-10-10,ORD-2024-002521,P01860,T13,PC019,Online,1,1840000,9.3,580000
2024-10-10,ORD-2024-002533,P00659,T01,DK019,Toko,1,860000,1.1,
2024-10-10,ORD-2024-002540,P03314,T03,KR004,Marketplace,3,1790000,11.4,80000
2024-10-10,ORD-2024-002540,P03314,T03,PC032,Marketplace,1,470000,14.9,520000
2024-10-10,ORD-2024-002551,P03289,T03,PD005,Marketplace,3,390000,0.0,
2024-10-10,ORD-2024-002551,P03289,T03,DK036,Marketplace,1,510000,0.0,80000
2024-10-10,ORD-2024-002551,P03289,T03,DK004,Marketplace,1,1240000,7.2,570000
2024-10-10,ORD-2024-002551,P03289,T03,DK022,Marketplace,1,550000,0.0,250000
2024-10-10,ORD-2024-002576,P01207,T13,KS032,Online,1,9280000,9.1,320000
2024-10-10,ORD-2024-002576,P01207,T13,PD009,Online,1,840000,13.6,160000
2024-10-10,ORD-2024-002646,P00350,T04,SF015,Marketplace,1,6690000,5.9,100000
2024-10-10,ORD-2024-002663,P02229,T08,MJ019,Marketplace,1,6140000,0.0,110000
2024-10-10,ORD-2024-002663,P02229,T08,DK004,Marketplace,1,1240000,11.7,200000
2024-10-10,ORD-2024-002683,,T09,KR029,Toko,2,5120000,14.7,
2024-10-10,ORD-2024-002683,,T09,DK009,Toko,1,990000,13.8,
2024-10-10,ORD-2024-002683,,T09,DK020,Toko,1,690000,0.0,
2024-10-10,ORD-2024-002683,,T09,KR028,Toko,1,1780000,0.0,130000
2024-10-10,ORD-2024-002696,P02773,T11,KR042,Toko,1,1850000,10.4,
2024-10-10,ORD-2024-002702,P00568,T13,KS014,Online,1,6440000,12.2,570000
2024-10-11,ORD-2024-002467,P01700,T04,SF004,Toko,1,7400000,14.0,
2024-10-11,ORD-2024-002484,P02734,T09,PC003,Marketplace,1,1200000,6.4,160000
2024-10-11,ORD-2024-002513,P02268,T01,PC002,Marketplace,1,1740000,3.5,530000
2024-10-11,ORD-2024-002525,P03232,T13,MJ013,Online,1,2960000,10.0,350000
2024-10-11,ORD-2024-002572,P00249,T04,DK035,Toko,1,400000,9.3,
2024-10-11,ORD-2024-002581,P03358,T13,MJ014,Online,3,4970000,14.6,260000
2024-10-11,ORD-2024-002614,P02634,T10,KR021,Marketplace,1,2670000,15.7,160000
2024-10-11,ORD-2024-002614,P02634,T10,KR048,Marketplace,1,5130000,10.4,400000
2024-10-11,ORD-2024-002654,P01891,T13,MJ035,Online,1,5190000,10.6,220000
2024-10-11,ORD-2024-002666,P02072,T01,PD014,Toko,1,1590000,11.6,
2024-10-11,ORD-2024-002714,,T02,KR048,Toko,1,5130000,15.8,
2024-10-11,ORD-2024-002714,,T02,KS010,Toko,1,14650000,5.8,
2024-10-11,ORD-2024-002714,,T02,DK003,Toko,2,420000,0.0,
2024-10-12,ORD-2024-002455,P01135,T12,DK042,Marketplace,1,1280000,10.9,560000
2024-10-12,ORD-2024-002483,P00911,T06,SF006,Marketplace,2,4230000,14.8,220000
2024-10-12,ORD-2024-002483,P00911,T06,LM021,Marketplace,1,7550000,11.2,470000
2024-10-12,ORD-2024-002483,P00911,T06,DK032,Marketplace,2,340000,0.0,150000
2024-10-12,ORD-2024-002483,P00911,T06,SF032,Marketplace,1,6260000,4.8,220000
2024-10-12,ORD-2024-002496,P02851,T02,MJ037,Marketplace,1,3320000,7.7,
2024-10-12,ORD-2024-002496,P02851,T02,PC005,Marketplace,1,660000,12.6,450000
2024-10-12,ORD-2024-002502,P03327,T06,DK032,Toko,1,340000,24.1,
2024-10-12,ORD-2024-002502,P03327,T06,DK037,Toko,1,540000,0.0,
2024-10-12,ORD-2024-002565,,T09,DK030,Toko,1,930000,11.9,
2024-10-12,ORD-2024-002656,P01557,T13,KS031,Online,1,4390000,13.8,550000
2024-10-12,ORD-2024-002656,P01557,T13,DK038,Online,1,530000,17.2,440000
2024-10-13,ORD-2024-002465,P00813,T13,LM026,Online,1,5250000,4.9,180000
2024-10-13,ORD-2024-002465,P00813,T13,DK015,Online,1,1390000,7.6,220000
2024-10-13,ORD-2024-002465,P00813,T13,SF041,Online,1,7920000,6.1,220000
2024-10-13,ORD-2024-002476,P02557,T13,DK002,Online,1,490000,19.8,270000
2024-10-13,ORD-2024-002493,P01443,T13,KR024,Online,1,3000000,10.6,50000
2024-10-13,ORD-2024-002493,P01443,T13,MJ017,Online,1,3280000,8.3,210000
2024-10-13,ORD-2024-002493,P01443,T13,DK013,Online,1,1520000,10.7,
2024-10-13,ORD-2024-002586,P02931,T13,LM034,Online,3,5930000,6.2,240000
2024-10-13,ORD-2024-002660,P02029,T13,KR002,Online,2,1500000,9.5,550000
2024-10-13,ORD-2024-002660,P02029,T13,DK017,Online,1,1740000,14.1,90000
2024-10-13,ORD-2024-002691,P02602,T13,PD019,Online,1,1260000,17.3,310000
2024-10-14,ORD-2024-002522,P02800,T13,SF009,Online,1,11780000,12.1,120000
2024-10-14,ORD-2024-002522,P02800,T13,MJ014,Online,1,4970000,7.1,290000
2024-10-14,ORD-2024-002584,P00381,T11,KR014,Marketplace,1,3530000,9.9,430000
2024-10-14,ORD-2024-002585,P03030,T04,KR008,Marketplace,1,2800000,15.6,560000
2024-10-14,ORD-2024-002585,P03030,T04,KR016,Marketplace,1,3780000,0.0,310000
2024-10-14,ORD-2024-002667,P01895,T13,PC010,Online,3,1240000,6.0,470000
2024-10-14,ORD-2024-002671,P00723,T03,KS020,Toko,2,17920000,13.1,
2024-10-15,ORD-2024-002446,P02421,T05,PD024,Marketplace,1,1130000,13.7,460000
2024-10-15,ORD-2024-002479,P00457,T13,LM030,Online,1,5720000,5.3,220000
2024-10-15,ORD-2024-002479,P00457,T13,DK037,Online,1,540000,0.0,360000
2024-10-15,ORD-2024-002497,P00949,T05,KR027,Toko,1,1770000,0.0,
2024-10-15,ORD-2024-002520,P02543,T13,PD011,Online,1,750000,12.9,460000
2024-10-15,ORD-2024-002546,P01424,T13,KS018,Online,2,7410000,17.6,550000
2024-10-15,ORD-2024-002553,P01911,T13,DK040,Online,1,1260000,0.0,310000
2024-10-15,ORD-2024-002554,P02232,T09,PD014,Toko,1,1590000,11.8,
2024-10-15,ORD-2024-002566,P00487,T13,MJ046,Online,1,2600000,0.0,300000
2024-10-15,ORD-2024-002574,P03393,T01,DK023,Marketplace,1,770000,0.0,60000
2024-10-15,ORD-2024-002594,P01251,T13,PC020,Online,1,2530000,15.5,90000
2024-10-15,ORD-2024-002594,P01251,T13,PD024,Online,2,1130000,16.0,170000
2024-10-15,ORD-2024-002594,P01251,T13,DK034,Online,1,830000,12.3,250000
2024-10-15,ORD-2024-002670,P03078,T09,SF017,Toko,3,8850000,11.5,
2024-10-15,ORD-2024-002716,P03252,T05,KR005,Toko,1,3610000,9.8,
2024-10-16,ORD-2024-002449,P02052,T13,DK032,Online,2,340000,24.1,280000
2024-10-16,ORD-2024-002463,P00004,T13,PD023,Online,1,1090000,13.3,380000
2024-10-16,ORD-2024-002550,P00322,T12,PC031,Toko,4,1660000,14.7,
2024-10-16,ORD-2024-002556,P03006,T13,MJ008,Online,1,3030000,12.0,500000
2024-10-16,ORD-2024-002611,P00226,T02,KR003,Toko,1,1440000,5.0,
2024-10-16,ORD-2024-002611,P00226,T02,DK025,Toko,2,660000,13.2,
2024-10-16,ORD-2024-002635,P03019,T13,DK034,Online,2,830000,13.9,
2024-10-16,ORD-2024-002640,,T01,KR041,Toko,1,1620000,9.2,
2024-10-16,ORD-2024-002658,P02153,T08,KR033,Toko,1,3030000,7.2,
2024-10-16,ORD-2024-002658,P02153,T08,LM039,Toko,2,7740000,6.5,
2024-10-16,ORD-2024-002704,P01353,T07,KS033,Toko,1,13600000,11.2,
2024-10-16,ORD-2024-002704,P01353,T07,PC001,Toko,1,1430000,14.9,
2024-10-16,ORD-2024-002704,P01353,T07,DK018,Toko,4,1000000,14.7,
2024-10-16,ORD-2024-002704,P01353,T07,DK021,Toko,1,1010000,13.4,
2024-10-16,ORD-2024-002715,,T07,MJ030,Toko,1,2670000,13.0,
2024-10-16,ORD-2024-002715,,T07,DK010,Toko,2,690000,7.2,
2024-10-16,ORD-2024-002718,P00807,T11,PD007,Toko,2,770000,12.0,
2024-10-16,ORD-2024-002718,P00807,T11,PD002,Toko,2,1150000,12.2,
2024-10-17,ORD-2024-002503,P03143,T13,MJ039,Online,1,6590000,8.0,350000
2024-10-17,ORD-2024-002555,P02066,T13,KS027,Online,1,6560000,13.4,360000
2024-10-17,ORD-2024-002593,P02009,T13,PC017,Online,1,1720000,8.9,90000
2024-10-17,ORD-2024-002599,P02211,T13,DK008,Online,1,910000,16.7,170000
2024-10-17,ORD-2024-002684,P02296,T01,DK039,Toko,1,870000,9.7,
2024-10-17,ORD-2024-002707,P02511,T13,KR015,Online,1,2050000,12.0,200000
2024-10-17,ORD-2024-002708,P00801,T07,DK025,Marketplace,1,660000,8.0,450000
2024-10-18,ORD-2024-002450,P00203,T13,PD013,Online,1,1030000,5.3,400000
2024-10-18,ORD-2024-002450,P00203,T13,MJ009,Online,1,2670000,0.0,510000
2024-10-18,ORD-2024-002486,P01373,T02,PD021,Marketplace,2,660000,7.4,60000
2024-10-18,ORD-2024-002486,P01373,T02,LM032,Marketplace,1,4960000,17.5,570000
2024-10-18,ORD-2024-002486,P01373,T02,DK009,Marketplace,1,990000,13.9,480000
2024-10-18,ORD-2024-002564,P01625,T01,DK005,Marketplace,2,430000,9.9,420000
2024-10-18,ORD-2024-002564,P01625,T01,DK027,Marketplace,1,630000,12.2,390000
2024-10-18,ORD-2024-002578,P01296,T01,KR034,Marketplace,1,2350000,0.0,
2024-10-18,ORD-2024-002633,P01853,T05,PD008,Marketplace,1,970000,14.0,570000
2024-10-18,ORD-2024-002676,P02776,T03,KR025,Toko,2,3670000,14.7,
2024-10-18,ORD-2024-002698,P02638,T13,LM003,Online,2,5440000,14.6,340000
2024-10-19,ORD-2024-002434,P01198,T13,LM024,Online,1,5790000,11.2,60000
2024-10-19,ORD-2024-002434,P01198,T13,DK013,Online,1,1520000,10.4,190000
2024-10-19,ORD-2024-002434,P01198,T13,MJ004,Online,1,3430000,15.2,460000
2024-10-19,ORD-2024-002466,P00014,T13,DK007,Online,2,900000,11.8,290000
2024-10-19,ORD-2024-002535,P00430,T02,MJ034,Toko,1,6280000,13.0,
2024-10-19,ORD-2024-002535,P00430,T02,DK032,Toko,1,340000,17.2,
2024-10-19,ORD-2024-002558,P02879,T12,PD001,Marketplace,2,1710000,10.8,140000
2024-10-19,ORD-2024-002567,P01821,T09,KR004,Toko,1,1790000,12.8,
2024-10-19,ORD-2024-002567,P01821,T09,KR019,Toko,2,2530000,12.0,
2024-10-19,ORD-2024-002567,P01821,T09,KR034,Toko,4,2350000,14.9,
2024-10-19,ORD-2024-002571,P02528,T13,DK033,Online,1,220000,18.4,280000
2024-10-19,ORD-2024-002657,P02445,T11,PC012,Toko,1,1870000,15.3,
2024-10-19,ORD-2024-002675,P00167,T13,DK024,Online,3,930000,0.0,50000
2024-10-19,ORD-2024-002675,P00167,T13,DK003,Online,1,420000,16.2,50000
2024-10-19,ORD-2024-002711,P02182,T02,LM032,Toko,2,4960000,9.6,
2024-10-20,ORD-2024-002439,P03215,T13,LM025,Online,2,9570000,0.0,310000
2024-10-20,ORD-2024-002439,P03215,T13,SF042,Online,1,4260000,14.8,270000
2024-10-20,ORD-2024-002458,P00073,T01,PD014,Toko,1,1590000,9.0,
2024-10-20,ORD-2024-002481,P01505,T13,SF015,Online,1,6690000,5.8,360000
2024-10-20,ORD-2024-002519,P01356,T06,PD019,Marketplace,1,1260000,0.0,330000
2024-10-20,ORD-2024-002519,P01356,T06,KS029,Marketplace,1,8960000,12.9,380000
2024-10-20,ORD-2024-002549,P02784,T13,SF032,Online,1,6260000,13.9,490000
2024-10-20,ORD-2024-002549,P02784,T13,DK035,Online,1,400000,14.9,140000
2024-10-20,ORD-2024-002549,P02784,T13,DK031,Online,2,800000,6.4,210000
2024-10-20,ORD-2024-002579,P00844,T13,DK012,Online,1,960000,16.7,220000
2024-10-20,ORD-2024-002601,P00492,T02,PD006,Toko,2,970000,11.8,
2024-10-20,ORD-2024-002685,P01807,T03,MJ015,Marketplace,3,2920000,20.3,470000
2024-10-20,ORD-2024-002685,P01807,T03,DK003,Marketplace,2,420000,23.6,240000
2024-10-20,ORD-2024-002697,P02506,T06,MJ037,Marketplace,2,3320000,12.8,400000
2024-10-20,ORD-2024-002697,P02506,T06,KR018,Marketplace,2,1090000,15.0,80000
2024-10-21,ORD-2024-002478,P01410,T13,SF004,Online,1,7400000,0.0,590000
2024-10-21,ORD-2024-002507,P00920,T10,PC005,Marketplace,1,660000,10.7,240000
2024-10-21,ORD-2024-002577,P00730,T01,DK029,Toko,1,500000,14.5,
2024-10-21,ORD-2024-002580,P02685,T13,KS033,Online,4,13600000,7.8,460000
2024-10-21,ORD-2024-002613,P00027,T13,DK025,Online,1,660000,4.4,560000
2024-10-21,ORD-2024-002661,P01509,T04,PC010,Toko,1,1240000,0.0,
2024-10-21,ORD-2024-002661,P01509,T04,KR005,Toko,2,3610000,0.0,
2024-10-21,ORD-2024-002674,P01014,T13,DK033,Online,3,220000,11.3,210000
2024-10-21,ORD-2024-002700,P01943,T04,DK026,Marketplace,1,1170000,0.0,100000
2024-10-22,ORD-2024-002447,P00097,T07,PC016,Toko,1,1760000,20.6,
2024-10-22,ORD-2024-002462,P01603,T13,DK036,Online,4,510000,13.0,590000
2024-10-22,ORD-2024-002495,P02978,T04,DK005,Toko,1,430000,10.9,
2024-10-22,ORD-2024-002495,P02978,T04,KR025,Toko,1,3670000,8.7,
2024-10-22,ORD-2024-002495,P02978,T04,DK030,Toko,1,930000,12.8,150000
2024-10-22,ORD-2024-002677,P01080,T13,DK035,Online,1,400000,0.0,
2024-10-22,ORD-2024-002686,P02687,T13,MJ005,Online,1,4030000,11.3,200000
2024-10-22,ORD-2024-002706,P00538,T04,KR041,Toko,1,1620000,13.4,
2024-10-23,ORD-2024-002459,P03427,T12,PD002,Toko,4,1150000,13.1,120000
2024-10-23,ORD-2024-002470,P02289,T13,SF005,Online,1,13820000,3.2,450000
2024-10-23,ORD-2024-002485,P02424,T13,SF018,Online,1,10500000,13.5,260000
2024-10-23,ORD-2024-002511,P02937,T13,PC027,Online,1,3210000,11.0,250000
2024-10-23,ORD-2024-002511,P02937,T13,PC030,Online,1,1220000,10.8,80000
2024-10-23,ORD-2024-002511,P02937,T13,SF022,Online,1,7310000,3.8,500000
2024-10-23,ORD-2024-002511,P02937,T13,KS018,Online,2,7410000,13.0,350000
2024-10-23,ORD-2024-002559,P02167,T13,SF025,Online,2,5340000,19.6,160000
2024-10-23,ORD-2024-002612,P02962,T13,DK044,Online,1,1380000,13.4,80000
2024-10-23,ORD-2024-002612,P02962,T13,PD003,Online,1,1200000,18.2,170000
2024-10-23,ORD-2024-002619,P02689,T13,KR028,Online,1,1780000,14.5,330000
2024-10-23,ORD-2024-002620,P00695,T06,DK036,Toko,1,510000,15.3,
2024-10-23,ORD-2024-002620,P00695,T06,MJ028,Toko,1,10280000,22.2,
2024-10-23,ORD-2024-002645,P01295,T13,MJ024,Online,2,3010000,12.9,100000
2024-10-23,ORD-2024-002645,P01295,T13,DK033,Online,1,220000,0.0,340000
2024-10-23,ORD-2024-002659,,T05,KR002,Toko,1,1500000,0.0,
2024-10-24,ORD-2024-002448,P02237,T13,MJ003,Online,2,2060000,12.7,280000
2024-10-24,ORD-2024-002504,P00290,T13,KR029,Online,1,5120000,14.3,310000
2024-10-24,ORD-2024-002504,P00290,T13,PC026,Online,2,860000,9.8,140000
2024-10-24,ORD-2024-002508,P00809,T13,PC031,Online,1,1660000,11.0,340000
2024-10-24,ORD-2024-002508,P00809,T13,KS032,Online,1,9280000,9.4,
2024-10-24,ORD-2024-002529,P01564,T13,PD016,Online,1,1080000,4.0,160000
2024-10-24,ORD-2024-002588,P00716,T13,PC028,Online,1,2190000,7.8,50000
2024-10-24,ORD-2024-002588,P00716,T13,KR028,Online,1,1780000,13.4,400000
2024-10-24,ORD-2024-002588,P00716,T13,MJ015,Online,1,2920000,18.0,310000
2024-10-24,ORD-2024-002596,P03050,T13,SF039,Online,3,6120000,12.1,380000
2024-10-24,ORD-2024-002596,P03050,T13,DK025,Online,1,660000,0.0,70000
2024-10-24,ORD-2024-002596,P03050,T13,MJ017,Online,3,3280000,9.4,80000
2024-10-24,ORD-2024-002606,P00239,T13,MJ015,Online,1,2920000,12.4,580000
2024-10-24,ORD-2024-002606,P00239,T13,PC032,Online,2,470000,10.7,280000
2024-10-24,ORD-2024-002609,P03165,T13,MJ004,Online,1,3430000,0.0,540000
2024-10-24,ORD-2024-002615,P02938,T09,LM001,Toko,1,6680000,19.3,
2024-10-24,ORD-2024-002621,P03090,T13,DK040,Online,3,1260000,17.8,540000
2024-10-24,ORD-2024-002621,P03090,T13,PD018,Online,1,530000,8.3,370000
2024-10-24,ORD-2024-002621,P03090,T13,PD025,Online,1,1100000,5.7,450000
2024-10-24,ORD-2024-002621,P03090,T13,MJ039,Online,2,6590000,6.8,500000
2024-10-24,ORD-2024-002622,P02608,T06,SF002,Marketplace,4,5950000,0.0,360000
2024-10-24,ORD-2024-002622,P02608,T06,DK026,Marketplace,1,1170000,9.6,530000
2024-10-24,ORD-2024-002629,P02758,T03,LM025,Toko,1,9570000,14.8,
2024-10-24,ORD-2024-002653,P02741,T13,SF028,Online,1,6980000,14.7,560000
2024-10-24,ORD-2024-002681,P00686,T13,PD022,Online,2,520000,12.1,220000
2024-10-24,ORD-2024-002719,P00169,T06,KR029,Toko,1,5120000,14.6,
2024-10-24,ORD-2024-002719,P00169,T06,KS021,Toko,1,8510000,6.5,
2024-10-24,ORD-2024-002719,P00169,T06,DK037,Toko,1,540000,15.8,370000
2024-10-24,ORD-2024-002719,P00169,T06,PC017,Toko,1,1720000,0.0,
2024-10-25,ORD-2024-002436,P00291,T07,PC032,Marketplace,2,470000,0.0,60000
2024-10-25,ORD-2024-002436,P00291,T07,SF012,Marketplace,1,7980000,12.2,150000
2024-10-25,ORD-2024-002437,P03454,T09,PD015,Marketplace,2,750000,16.8,310000
2024-10-25,ORD-2024-002475,P01734,T12,MJ020,Toko,1,4520000,14.1,
2024-10-25,ORD-2024-002477,P00271,T05,MJ023,Toko,1,8100000,12.7,
2024-10-25,ORD-2024-002477,P00271,T05,KR012,Toko,2,2460000,14.4,
2024-10-25,ORD-2024-002500,P01499,T13,LM022,Online,1,8900000,17.7,530000
2024-10-25,ORD-2024-002505,P01884,T13,PD020,Online,2,920000,0.0,550000
2024-10-25,ORD-2024-002604,P02264,T13,PD007,Online,1,770000,11.0,190000
2024-10-25,ORD-2024-002604,P02264,T13,MJ030,Online,1,2670000,8.5,280000
2024-10-25,ORD-2024-002604,P02264,T13,MJ002,Online,1,3330000,14.9,190000
2024-10-25,ORD-2024-002605,P01931,T06,KR033,Marketplace,1,3030000,19.4,330000
2024-10-25,ORD-2024-002638,P03366,T03,KR035,Toko,1,1760000,13.1,
2024-10-25,ORD-2024-002638,P03366,T03,DK002,Toko,1,490000,18.7,
2024-10-25,ORD-2024-002693,P02906,T13,DK032,Online,1,340000,16.8,330000
2024-10-26,ORD-2024-002527,P02476,T04,KS027,Toko,1,6560000,2.2,
2024-10-26,ORD-2024-002527,P02476,T04,KR046,Toko,1,1210000,0.0,
2024-10-26,ORD-2024-002534,P02659,T13,KR048,Online,2,5130000,16.6,410000
2024-10-26,ORD-2024-002537,P00365,T02,LM023,Toko,1,8770000,8.9,
2024-10-26,ORD-2024-002557,P01898,T06,LM015,Marketplace,1,3180000,10.6,520000
2024-10-26,ORD-2024-002557,P01898,T06,MJ015,Marketplace,1,2920000,0.0,470000
2024-10-26,ORD-2024-002557,P01898,T06,PD007,Marketplace,2,770000,16.2,310000
2024-10-26,ORD-2024-002557,P01898,T06,DK036,Marketplace,1,510000,8.1,50000
2024-10-26,ORD-2024-002575,P03354,T04,SF029,Toko,1,7520000,5.9,
2024-10-26,ORD-2024-002595,P00548,T02,DK018,Toko,1,1000000,14.7,
2024-10-26,ORD-2024-002595,P00548,T02,PC009,Toko,1,1490000,14.6,
2024-10-26,ORD-2024-002595,P00548,T02,KR009,Toko,1,3260000,14.4,
2024-10-26,ORD-2024-002631,P02770,T09,DK020,Toko,2,690000,7.8,
2024-10-26,ORD-2024-002642,P00348,T13,PC027,Online,1,3210000,9.9,360000
2024-10-26,ORD-2024-002682,P02718,T13,KR033,Online,1,3030000,0.0,240000
2024-10-26,ORD-2024-002682,P02718,T13,PC022,Online,1,3000000,13.4,140000
2024-10-26,ORD-2024-002701,P02332,T13,LM021,Online,1,7550000,11.1,340000
2024-10-27,ORD-2024-002528,P00080,T13,KR033,Online,2,3030000,13.1,290000
2024-10-27,ORD-2024-002531,P01283,T13,DK023,Online,1,770000,8.2,140000
2024-10-27,ORD-2024-002587,P00278,T02,DK028,Marketplace,1,730000,13.3,360000
2024-10-27,ORD-2024-002664,P00407,T05,PD022,Toko,1,520000,7.0,
2024-10-27,ORD-2024-002690,P00123,T08,PC017,Toko,1,1720000,10.9,
2024-10-27,ORD-2024-002699,P02194,T13,DK036,Online,2,510000,9.5,230000
2024-10-28,ORD-2024-002509,P01561,T13,MJ004,Online,2,3430000,4.8,280000
2024-10-28,ORD-2024-002532,P02285,T13,DK020,Online,2,690000,9.4,320000
2024-10-28,ORD-2024-002532,P02285,T13,MJ021,Online,1,2560000,12.4,500000
2024-10-28,ORD-2024-002625,P01477,T13,DK025,Online,1,660000,17.3,230000
2024-10-28,ORD-2024-002632,P02676,T13,DK038,Online,1,530000,0.0,520000
2024-10-28,ORD-2024-002665,,T05,LM005,Toko,1,6890000,20.8,
2024-10-29,ORD-2024-002451,P02896,T13,DK022,Online,1,550000,11.1,360000
2024-10-29,ORD-2024-002451,P02896,T13,KR022,Online,1,2200000,0.0,50000
2024-10-29,ORD-2024-002517,P00255,T01,MJ041,Toko,1,2240000,8.4,
2024-10-29,ORD-2024-002547,P02908,T13,PC001,Online,1,1430000,13.7,520000
2024-10-29,ORD-2024-002547,P02908,T13,LM004,Online,1,4320000,6.9,60000
2024-10-29,ORD-2024-002547,P02908,T13,DK021,Online,1,1010000,9.7,580000
2024-10-29,ORD-2024-002547,P02908,T13,PD025,Online,1,1100000,6.3,280000
2024-10-29,ORD-2024-002573,P01694,T06,KR038,Toko,1,2240000,10.5,
2024-10-29,ORD-2024-002573,P01694,T06,MJ002,Toko,1,3330000,14.1,
2024-10-29,ORD-2024-002618,P03286,T03,PC014,Toko,1,1800000,0.0,
2024-10-29,ORD-2024-002618,P03286,T03,KR046,Toko,1,1210000,12.6,
2024-10-29,ORD-2024-002637,P01430,T01,DK004,Marketplace,1,1240000,13.9,300000
2024-10-29,ORD-2024-002637,P01430,T01,PC019,Marketplace,1,1840000,10.7,450000
2024-10-29,ORD-2024-002647,P02030,T13,KS005,Online,1,13120000,17.8,460000
2024-10-29,ORD-2024-002673,P02095,T13,MJ036,Online,1,3410000,7.2,530000
2024-10-29,ORD-2024-002695,P03341,T03,SF028,Toko,1,6980000,13.2,
2024-10-29,ORD-2024-002695,P03341,T03,KR022,Toko,1,2200000,14.3,
2024-10-30,ORD-2024-002442,P00296,T13,LM037,Online,1,3800000,0.0,470000
2024-10-30,ORD-2024-002498,P02491,T05,DK015,Toko,1,1390000,10.8,
2024-10-30,ORD-2024-002498,P02491,T05,MJ022,Toko,1,4090000,20.8,
2024-10-30,ORD-2024-002548,P01557,T09,KR040,Toko,1,2380000,12.8,
2024-10-30,ORD-2024-002548,P01557,T09,MJ045,Toko,3,2740000,13.7,
2024-10-30,ORD-2024-002552,P03232,T13,DK014,Online,2,890000,9.8,260000
2024-10-30,ORD-2024-002552,P03232,T13,LM037,Online,1,3800000,0.0,540000
2024-10-30,ORD-2024-002563,P00652,T08,LM021,Toko,1,7550000,12.9,
2024-10-30,ORD-2024-002589,P02246,T13,KS003,Online,1,12030000,10.4,150000
2024-10-30,ORD-2024-002624,P00890,T01,PC005,Toko,1,660000,13.4,
2024-10-30,ORD-2024-002624,P00890,T01,MJ014,Toko,1,4970000,0.0,
2024-10-30,ORD-2024-002641,P03364,T13,PC024,Online,3,850000,0.0,510000
2024-10-30,ORD-2024-002641,P03364,T13,PD009,Online,1,840000,13.6,60000
2024-10-30,ORD-2024-002643,P02241,T09,DK009,Toko,1,990000,0.0,
2024-10-30,ORD-2024-002649,P01311,T05,PD014,Toko,1,1590000,15.1,
2024-10-30,ORD-2024-002650,P01243,T02,KR019,Toko,1,2530000,5.5,
2024-10-30,ORD-2024-002650,P01243,T02,KR005,Toko,2,3610000,7.7,240000
2024-10-30,ORD-2024-002692,P03113,T13,LM026,Online,2,5250000,16.0,110000
2024-10-30,ORD-2024-002692,P03113,T13,PC024,Online,1,850000,8.7,190000
2024-10-31,ORD-2024-002453,P02105,T01,SF018,Toko,1,10500000,9.3,
2024-10-31,ORD-2024-002454,P00662,T13,MJ026,Online,1,3480000,9.7,220000
2024-10-31,ORD-2024-002454,P00662,T13,MJ005,Online,1,4030000,12.4,230000
2024-10-31,ORD-2024-002473,P00746,T13,DK021,Online,1,1010000,0.0,450000
2024-10-31,ORD-2024-002473,P00746,T13,PD018,Online,1,530000,0.0,490000
2024-10-31,ORD-2024-002474,P02897,T13,KR046,Online,1,1210000,12.3,310000
2024-10-31,ORD-2024-002562,P02882,T04,PD026,Toko,2,520000,0.0,
2024-10-31,ORD-2024-002590,P00566,T06,KS020,Toko,1,17920000,17.4,
2024-10-31,ORD-2024-002590,P00566,T06,PC028,Toko,1,2190000,11.9,
2024-10-31,ORD-2024-002610,P02364,T13,SF042,Online,1,4260000,0.0,280000
2024-10-31,ORD-2024-002648,P00339,T02,KS029,Marketplace,2,8960000,14.0,270000
2024-10-31,ORD-2024-002655,P02939,T13,SF032,Online,1,6260000,11.8,340000
2024-10-31,ORD-2024-002655,P02939,T13,DK034,Online,1,830000,14.6,300000
2024-10-31,ORD-2024-002655,P02939,T13,KR024,Online,1,3000000,13.7,160000
2024-10-31,ORD-2024-002687,P00110,T03,PC015,Toko,2,1320000,13.4,
2024-10-31,ORD-2024-002687,P00110,T03,KR039,Toko,1,2460000,8.6,
2024-10-31,ORD-2024-002688,,T01,KS023,Toko,2,13410000,7.5,
2024-11-01,ORD-2024-002770,P00045,T13,PC012,Online,1,1870000,14.2,270000
2024-11-01,ORD-2024-002770,P00045,T13,KR020,Online,3,1970000,15.8,580000
2024-11-01,ORD-2024-002770,P00045,T13,MJ033,Online,1,4180000,0.0,400000
2024-11-01,ORD-2024-002846,P01330,T09,LM040,Marketplace,1,9610000,4.8,490000
2024-11-01,ORD-2024-002863,P00987,T02,DK023,Toko,1,770000,10.7,
2024-11-01,ORD-2024-002924,P00884,T06,LM018,Toko,1,22510000,19.0,
2024-11-01,ORD-2024-002945,P01674,T13,PC006,Online,1,1850000,15.1,560000
2024-11-01,ORD-2024-002979,P03463,T13,PC018,Online,1,1420000,9.5,440000
2024-11-02,ORD-2024-002817,P00177,T13,PD010,Online,1,450000,16.7,330000
2024-11-02,ORD-2024-002817,P00177,T13,DK016,Online,1,730000,14.6,190000
2024-11-02,ORD-2024-002875,P00181,T03,LM003,Toko,2,5440000,9.9,
2024-11-02,ORD-2024-002875,P00181,T03,PD026,Toko,1,520000,0.0,
2024-11-02,ORD-2024-002897,P00033,T08,DK021,Toko,1,1010000,19.4,
2024-11-02,ORD-2024-002897,P00033,T08,LM024,Toko,4,5790000,15.4,
2024-11-02,ORD-2024-002971,P03414,T07,PD019,Toko,1,1260000,16.8,
2024-11-02,ORD-2024-002971,P03414,T07,DK005,Toko,1,430000,11.3,
2024-11-03,ORD-2024-002794,P03072,T13,PD019,Online,1,1260000,18.8,290000
2024-11-03,ORD-2024-002801,P00430,T13,KS030,Online,2,3860000,17.0,220000
2024-11-03,ORD-2024-002811,P01477,T13,PC005,Online,3,660000,9.8,100000
2024-11-03,ORD-2024-002811,P01477,T13,DK002,Online,1,490000,13.0,560000
2024-11-03,ORD-2024-002836,P00483,T01,DK038,Toko,1,530000,19.7,
2024-11-03,ORD-2024-002836,P00483,T01,KR005,Toko,1,3610000,11.7,
2024-11-03,ORD-2024-002918,P00599,T13,DK029,Online,1,500000,11.7,490000
2024-11-03,ORD-2024-002918,P00599,T13,PC027,Online,1,3210000,9.4,520000
2024-11-03,ORD-2024-002920,,T06,SF006,Toko,3,4230000,8.3,
2024-11-03,ORD-2024-002920,,T06,DK024,Toko,2,930000,10.2,
2024-11-03,ORD-2024-002984,P02571,T01,LM023,Toko,1,8770000,18.2,
2024-11-04,ORD-2024-002768,P03470,T09,PC015,Toko,1,1320000,0.3,
2024-11-04,ORD-2024-002774,P01587,T13,SF040,Online,2,5750000,12.2,410000
2024-11-04,ORD-2024-002777,P03137,T13,PD024,Online,2,1130000,7.6,580000
2024-11-04,ORD-2024-002855,P01993,T13,MJ018,Online,1,3700000,0.0,280000
2024-11-04,ORD-2024-002855,P01993,T13,DK033,Online,1,220000,0.0,580000
2024-11-04,ORD-2024-002948,P02004,T06,KR002,Toko,1,1500000,3.4,430000
2024-11-04,ORD-2024-002948,P02004,T06,DK032,Toko,1,340000,9.6,
2024-11-04,ORD-2024-002948,P02004,T06,PC003,Toko,1,1200000,8.5,
2024-11-04,ORD-2024-002952,P00755,T13,MJ027,Online,2,3790000,6.9,180000
2024-11-04,ORD-2024-002952,P00755,T13,KR031,Online,4,2350000,14.1,70000
2024-11-04,ORD-2024-002952,P00755,T13,PD016,Online,1,1080000,0.0,260000
2024-11-04,ORD-2024-002987,P02392,T06,PD002,Toko,1,1150000,20.7,
2024-11-04,ORD-2024-003007,P01065,T06,DK041,Toko,1,2550000,11.1,
2024-11-04,ORD-2024-003007,P01065,T06,MJ010,Toko,1,3850000,8.8,430000
2024-11-04,ORD-2024-003009,P03107,T13,MJ011,Online,3,6920000,11.1,540000
2024-11-04,ORD-2024-003009,P03107,T13,MJ018,Online,2,3700000,0.0,70000
2024-11-04,ORD-2024-003018,P00037,T12,SF007,Toko,1,10370000,0.0,
2024-11-05,ORD-2024-002746,P01737,T13,KR006,Online,1,3040000,17.9,60000
2024-11-05,ORD-2024-002746,P01737,T13,MJ009,Online,2,2670000,4.0,410000
2024-11-05,ORD-2024-002821,P01448,T06,KS025,Toko,1,7830000,6.3,420000
2024-11-05,ORD-2024-002821,P01448,T06,DK021,Toko,2,1010000,8.9,
2024-11-05,ORD-2024-002821,P01448,T06,KR041,Toko,1,1620000,7.1,
2024-11-05,ORD-2024-002859,P01411,T09,PC016,Toko,3,1760000,0.0,
2024-11-05,ORD-2024-002866,,T03,SF019,Toko,2,8050000,9.8,
2024-11-05,ORD-2024-002866,,T03,SF001,Toko,2,7750000,10.1,
2024-11-05,ORD-2024-002938,P00080,T07,DK010,Toko,1,690000,16.5,
2024-11-05,ORD-2024-002938,P00080,T07,PC018,Toko,1,1420000,11.9,
2024-11-05,ORD-2024-002938,P00080,T07,PC008,Toko,1,1830000,14.0,
2024-11-05,ORD-2024-002989,P01269,T04,PD022,Toko,1,520000,11.8,210000
2024-11-05,ORD-2024-002989,P01269,T04,PD007,Toko,2,770000,13.7,80000
2024-11-05,ORD-2024-002998,P03389,T11,PC025,Marketplace,1,1800000,9.9,180000
2024-11-06,ORD-2024-002720,P03376,T03,KR031,Toko,3,2350000,18.3,210000
2024-11-06,ORD-2024-002761,P00208,T13,DK028,Online,1,730000,6.7,450000
2024-11-06,ORD-2024-002761,P00208,T13,DK035,Online,1,400000,0.0,250000
2024-11-06,ORD-2024-002766,P00384,T07,MJ015,Toko,1,2920000,12.6,
2024-11-06,ORD-2024-002800,P03443,T13,KR010,Online,1,1900000,11.6,120000
2024-11-06,ORD-2024-002831,P02394,T07,PC003,Toko,1,1200000,7.5,
2024-11-06,ORD-2024-002831,P02394,T07,SF025,Toko,1,5340000,17.9,
2024-11-06,ORD-2024-002839,,T11,PD009,Toko,1,840000,0.0,
2024-11-06,ORD-2024-002870,P01318,T10,DK036,Marketplace,1,510000,15.1,430000
2024-11-06,ORD-2024-002871,P00181,T01,KS012,Toko,3,11030000,16.0,
2024-11-06,ORD-2024-002871,P00181,T01,MJ033,Toko,1,4180000,12.2,
2024-11-06,ORD-2024-002919,P03106,T08,DK014,Toko,1,890000,15.3,
2024-11-06,ORD-2024-002937,P00441,T04,KS030,Toko,1,3860000,9.0,
2024-11-06,ORD-2024-002967,P03299,T13,MJ005,Online,1,4030000,17.0,280000
2024-11-06,ORD-2024-003000,P02485,T08,KS034,Toko,1,6400000,18.8,
2024-11-07,ORD-2024-002727,P00322,T05,KR023,Toko,1,1270000,10.5,
2024-11-07,ORD-2024-002727,P00322,T05,KR041,Toko,1,1620000,0.0,
2024-11-07,ORD-2024-002727,P00322,T05,KS015,Toko,1,7280000,0.0,
2024-11-07,ORD-2024-002727,P00322,T05,SF035,Toko,2,5970000,7.4,
2024-11-07,ORD-2024-002776,P00725,T08,KR032,Toko,2,2340000,16.3,300000
2024-11-07,ORD-2024-002776,P00725,T08,LM002,Toko,2,5960000,15.1,
2024-11-07,ORD-2024-002802,P02114,T13,KR039,Online,1,2460000,16.4,260000
2024-11-07,ORD-2024-002820,,T08,LM005,Toko,2,6890000,0.0,
2024-11-07,ORD-2024-002860,,T04,KR001,Toko,1,3260000,10.4,
2024-11-07,ORD-2024-002860,,T04,DK010,Toko,1,690000,15.8,
2024-11-07,ORD-2024-002929,P03146,T01,PD022,Marketplace,3,520000,8.4,130000
2024-11-07,ORD-2024-002929,P03146,T01,MJ029,Marketplace,1,2890000,15.4,300000
2024-11-07,ORD-2024-002934,P03469,T10,KR021,Marketplace,1,2670000,18.1,560000
2024-11-07,ORD-2024-002934,P03469,T10,DK034,Marketplace,1,830000,9.7,220000
2024-11-07,ORD-2024-002934,P03469,T10,KR011,Marketplace,2,1570000,0.0,180000
2024-11-07,ORD-2024-002969,P01335,T06,PD018,Toko,1,530000,0.0,
2024-11-07,ORD-2024-002972,P03340,T13,PC027,Online,1,3210000,0.0,450000
2024-11-07,ORD-2024-002972,P03340,T13,PC014,Online,1,1800000,0.0,80000
2024-11-07,ORD-2024-002972,P03340,T13,PD009,Online,1,840000,9.2,300000
2024-11-07,ORD-2024-002991,P02655,T07,KS019,Marketplace,1,7170000,22.4,450000
2024-11-07,ORD-2024-002991,P02655,T07,DK026,Marketplace,2,1170000,0.0,570000
2024-11-07,ORD-2024-002991,P02655,T07,DK025,Marketplace,1,660000,9.8,390000
2024-11-07,ORD-2024-002991,P02655,T07,DK012,Marketplace,1,960000,0.0,550000
2024-11-07,ORD-2024-003012,P00551,T04,KR014,Toko,1,3530000,13.1,
2024-11-07,ORD-2024-003017,P00773,T13,SF027,Online,1,36010000,0.0,360000
2024-11-07,ORD-2024-003017,P00773,T13,LM025,Online,1,9570000,11.6,410000
2024-11-07,ORD-2024-003017,P00773,T13,DK027,Online,1,630000,0.0,120000
2024-11-08,ORD-2024-002721,P00734,T08,KS031,Marketplace,1,4390000,30.2,530000
2024-11-08,ORD-2024-002779,P01150,T12,KS034,Marketplace,2,6400000,7.0,190000
2024-11-08,ORD-2024-002788,P00221,T13,PC022,Online,1,3000000,9.8,190000
2024-11-08,ORD-2024-002788,P00221,T13,PD013,Online,1,1030000,6.9,380000
2024-11-08,ORD-2024-002793,P03083,T04,PC015,Toko,2,1320000,10.5,
2024-11-08,ORD-2024-002793,P03083,T04,MJ029,Toko,2,2890000,3.9,
2024-11-08,ORD-2024-002812,P02917,T10,KR021,Toko,1,2670000,14.6,
2024-11-08,ORD-2024-002812,P02917,T10,LM037,Toko,1,3800000,22.4,
2024-11-08,ORD-2024-002833,P01176,T11,KR025,Toko,1,3670000,17.8,
2024-11-08,ORD-2024-002835,P03410,T06,KS006,Toko,1,8770000,5.7,
2024-11-08,ORD-2024-002835,P03410,T06,PD015,Toko,1,750000,16.4,
2024-11-08,ORD-2024-002857,P03057,T07,DK030,Toko,1,930000,15.5,
2024-11-08,ORD-2024-002857,P03057,T07,DK022,Toko,1,550000,9.6,
2024-11-08,ORD-2024-002869,P00353,T13,DK020,Online,1,690000,15.9,220000
2024-11-08,ORD-2024-002869,P00353,T13,MJ010,Online,2,3850000,15.3,460000
2024-11-08,ORD-2024-002869,P00353,T13,LM008,Online,2,5080000,17.2,340000
2024-11-08,ORD-2024-002889,P00449,T13,SF026,Online,1,5850000,10.6,330000
2024-11-08,ORD-2024-002922,P00429,T06,PD018,Toko,1,530000,20.7,
2024-11-08,ORD-2024-002922,P00429,T06,KR015,Toko,2,2050000,12.1,
2024-11-08,ORD-2024-002926,P02743,T13,MJ043,Online,2,4010000,14.9,200000
2024-11-08,ORD-2024-002926,P02743,T13,DK010,Online,1,690000,21.8,100000
2024-11-08,ORD-2024-002940,P00488,T04,KS028,Toko,1,7780000,12.2,
2024-11-08,ORD-2024-002943,P01250,T13,PC030,Online,1,1220000,10.1,60000
2024-11-08,ORD-2024-002944,P03261,T13,DK030,Online,4,930000,12.1,470000
2024-11-08,ORD-2024-002947,P00677,T05,SF037,Toko,2,10360000,0.0,
2024-11-08,ORD-2024-002947,P00677,T05,PD024,Toko,3,1130000,13.3,
2024-11-08,ORD-2024-002958,P00262,T03,MJ037,Toko,4,3320000,9.4,
2024-11-08,ORD-2024-002961,P02381,T09,PD010,Toko,1,450000,9.5,
2024-11-08,ORD-2024-003016,P02729,T13,DK033,Online,2,220000,10.9,360000
2024-11-09,ORD-2024-002767,P03368,T11,KS012,Marketplace,1,11030000,6.6,310000
2024-11-09,ORD-2024-002799,P01327,T07,MJ014,Marketplace,1,4970000,8.5,220000
2024-11-09,ORD-2024-002828,P01459,T13,DK014,Online,1,890000,19.7,220000
2024-11-09,ORD-2024-002853,P02480,T09,PD023,Marketplace,3,1090000,11.9,190000
2024-11-09,ORD-2024-002853,P02480,T09,PC004,Marketplace,2,1660000,9.8,340000
2024-11-09,ORD-2024-002865,P00827,T03,KR010,Marketplace,2,1900000,10.8,310000
2024-11-09,ORD-2024-002865,P00827,T03,DK007,Marketplace,2,900000,0.0,440000
2024-11-09,ORD-2024-002876,P02527,T03,LM020,Marketplace,2,8740000,0.0,220000
2024-11-09,ORD-2024-002891,P01704,T13,SF039,Online,1,6120000,5.5,380000
2024-11-09,ORD-2024-002891,P01704,T13,PD003,Online,1,1200000,11.1,330000
2024-11-09,ORD-2024-002942,P03174,T12,LM032,Marketplace,1,4960000,17.6,370000
2024-11-09,ORD-2024-002980,P01061,T13,DK037,Online,2,540000,14.6,430000
2024-11-09,ORD-2024-002980,P01061,T13,PC030,Online,1,1220000,12.9,290000
2024-11-09,ORD-2024-002982,P00935,T13,DK001,Online,1,530000,0.0,100000
2024-11-09,ORD-2024-002995,P00082,T10,SF030,Marketplace,1,5980000,23.3,320000
2024-11-09,ORD-2024-002995,P00082,T10,LM038,Marketplace,1,5010000,0.0,150000
2024-11-09,ORD-2024-003002,,T01,PD021,Toko,1,660000,0.0,
2024-11-10,ORD-2024-002753,P02420,T07,PC016,Marketplace,2,1760000,13.1,410000
2024-11-10,ORD-2024-002757,P02982,T13,SF001,Online,1,7750000,8.8,280000
2024-11-10,ORD-2024-002757,P02982,T13,SF030,Online,1,5980000,13.4,590000
2024-11-10,ORD-2024-002757,P02982,T13,DK033,Online,4,220000,10.7,560000
2024-11-10,ORD-2024-002757,P02982,T13,DK042,Online,1,1280000,0.0,310000
2024-11-10,ORD-2024-002780,P02612,T13,KR026,Online,1,2860000,12.2,530000
2024-11-10,ORD-2024-002822,P00089,T13,KR023,Online,1,1270000,17.3,110000
2024-11-10,ORD-2024-002822,P00089,T13,DK018,Online,1,1000000,16.3,440000
2024-11-10,ORD-2024-002822,P00089,T13,DK010,Online,1,690000,22.9,150000
2024-11-10,ORD-2024-002845,P01360,T09,DK035,Marketplace,1,400000,0.0,60000
2024-11-10,ORD-2024-002847,P01725,T13,KR014,Online,2,3530000,10.3,370000
2024-11-10,ORD-2024-002877,P00407,T01,DK020,Toko,1,690000,17.1,
2024-11-10,ORD-2024-002885,P00893,T08,MJ007,Toko,1,5590000,13.1,
2024-11-10,ORD-2024-002885,P00893,T08,PD002,Toko,1,1150000,15.7,
2024-11-10,ORD-2024-002901,P03458,T13,PD005,Online,1,390000,7.1,110000
2024-11-10,ORD-2024-002928,P01923,T12,MJ018,Toko,1,3700000,6.7,
2024-11-10,ORD-2024-002959,P03156,T09,DK022,Toko,1,550000,0.0,
2024-11-10,ORD-2024-002959,P03156,T09,MJ016,Toko,1,7350000,12.4,
2024-11-10,ORD-2024-002983,P01715,T03,PC032,Marketplace,2,470000,17.8,270000
2024-11-10,ORD-2024-002983,P01715,T03,DK032,Marketplace,1,340000,10.1,70000
2024-11-11,ORD-2024-002723,P00934,T07,PD010,Marketplace,1,450000,7.6,140000
2024-11-11,ORD-2024-002756,P01304,T13,KR040,Online,4,2380000,0.0,570000
2024-11-11,ORD-2024-002758,P02983,T02,SF003,Toko,1,12490000,13.0,
2024-11-11,ORD-2024-002758,P02983,T02,PD024,Toko,2,1130000,18.2,
2024-11-11,ORD-2024-002758,P02983,T02,PC029,Toko,2,1900000,15.1,
2024-11-11,ORD-2024-002775,P01198,T10,DK031,Toko,1,800000,12.3,
2024-11-11,ORD-2024-002778,P00092,T05,PC015,Toko,1,1320000,9.0,
2024-11-11,ORD-2024-002785,P01123,T13,DK020,Online,1,690000,12.6,330000
2024-11-11,ORD-2024-002785,P01123,T13,MJ029,Online,1,2890000,0.0,140000
2024-11-11,ORD-2024-002785,P01123,T13,PC019,Online,1,1840000,4.7,310000
2024-11-11,ORD-2024-002814,P01827,T06,PD024,Toko,1,1130000,11.0,
2024-11-11,ORD-2024-002814,P01827,T06,PC025,Toko,1,1800000,15.9,
2024-11-11,ORD-2024-002814,P01827,T06,KR021,Toko,2,2670000,20.3,
2024-11-11,ORD-2024-002825,P00702,T06,KR048,Toko,2,5130000,19.4,
2024-11-11,ORD-2024-002894,P02201,T06,DK003,Toko,1,420000,7.8,
2024-11-11,ORD-2024-002894,P02201,T06,KS006,Toko,1,8770000,15.1,
2024-11-11,ORD-2024-002898,P00983,T04,PD018,Marketplace,3,530000,10.7,550000
2024-11-11,ORD-2024-002898,P00983,T04,DK033,Marketplace,1,220000,11.8,430000
2024-11-11,ORD-2024-002912,P01131,T13,PD011,Online,3,750000,11.9,550000
2024-11-11,ORD-2024-002963,P02976,T04,KS009,Toko,1,11180000,14.8,
2024-11-12,ORD-2024-002733,P02118,T11,DK008,Toko,1,910000,17.0,
2024-11-12,ORD-2024-002733,P02118,T11,SF001,Toko,1,7750000,12.2,
2024-11-12,ORD-2024-002733,P02118,T11,KR003,Toko,1,1440000,10.1,
2024-11-12,ORD-2024-002784,P01883,T13,LM035,Online,3,11500000,13.4,500000
2024-11-12,ORD-2024-002792,P01855,T13,DK009,Online,1,990000,0.0,520000
2024-11-12,ORD-2024-002823,P03307,T13,KR013,Online,4,3330000,0.0,380000
2024-11-12,ORD-2024-002856,P01769,T05,KR019,Toko,1,2530000,13.6,
2024-11-12,ORD-2024-002927,P00669,T06,KR025,Toko,2,3670000,16.2,
2024-11-12,ORD-2024-002946,P01868,T06,PD008,Toko,2,970000,0.0,
2024-11-12,ORD-2024-002968,P01798,T12,SF041,Toko,2,7920000,15.5,
2024-11-12,ORD-2024-002997,P01444,T13,PD005,Online,1,390000,12.8,200000
2024-11-12,ORD-2024-002997,P01444,T13,DK020,Online,3,690000,10.6,160000
2024-11-12,ORD-2024-003013,P00348,T04,DK027,Toko,1,630000,14.7,
2024-11-13,ORD-2024-002830,P02829,T01,PC005,Toko,1,660000,7.7,
2024-11-13,ORD-2024-002834,P03452,T06,LM002,Toko,2,5960000,14.1,
2024-11-13,ORD-2024-002868,P00225,T13,MJ019,Online,1,6140000,9.2,
2024-11-13,ORD-2024-002878,P02263,T06,PD017,Marketplace,1,2370000,11.0,200000
2024-11-13,ORD-2024-002878,P02263,T06,KS028,Marketplace,2,7780000,21.4,150000
2024-11-13,ORD-2024-002880,P02045,T07,KR019,Marketplace,1,2530000,19.6,130000
2024-11-13,ORD-2024-002916,P01074,T13,KR015,Online,1,2050000,10.5,110000
2024-11-13,ORD-2024-002916,P01074,T13,KR023,Online,1,1270000,9.2,270000
2024-11-13,ORD-2024-002916,P01074,T13,PC024,Online,1,850000,18.2,500000
2024-11-13,ORD-2024-002916,P01074,T13,LM036,Online,2,4150000,0.0,450000
2024-11-13,ORD-2024-002981,P00226,T13,LM002,Online,1,5960000,15.2,440000
2024-11-13,ORD-2024-002981,P00226,T13,SF012,Online,2,7980000,17.4,360000
2024-11-14,ORD-2024-002730,P02126,T09,DK030,Marketplace,2,930000,16.2,250000
2024-11-14,ORD-2024-002742,P00535,T07,DK035,Toko,1,400000,0.0,
2024-11-14,ORD-2024-002742,P00535,T07,KR034,Toko,3,2350000,20.5,
2024-11-14,ORD-2024-002743,P02856,T13,PD018,Online,1,530000,0.0,380000
2024-11-14,ORD-2024-002744,P00753,T13,DK038,Online,1,530000,8.7,580000
2024-11-14,ORD-2024-002744,P00753,T13,KS005,Online,1,13120000,6.7,360000
2024-11-14,ORD-2024-002754,P02437,T13,PC003,Online,1,1200000,14.4,280000
2024-11-14,ORD-2024-002754,P02437,T13,KR028,Online,2,1780000,11.1,490000
2024-11-14,ORD-2024-002754,P02437,T13,KR039,Online,1,2460000,13.7,430000
2024-11-14,ORD-2024-002782,,T02,SF025,Toko,4,5340000,11.2,
2024-11-14,ORD-2024-002796,P00307,T03,DK012,Toko,1,960000,15.6,
2024-11-14,ORD-2024-002896,P00197,T01,KR027,Toko,2,1770000,11.6,
2024-11-14,ORD-2024-002896,P00197,T01,DK013,Toko,2,1520000,17.5,
2024-11-14,ORD-2024-002899,P03377,T13,DK003,Online,2,420000,13.3,270000
2024-11-14,ORD-2024-002970,P02507,T13,LM028,Online,1,6300000,20.3,200000
2024-11-14,ORD-2024-002970,P02507,T13,KR033,Online,2,3030000,11.3,370000
2024-11-14,ORD-2024-002992,P02961,T13,DK020,Online,1,690000,9.8,50000
2024-11-14,ORD-2024-002992,P02961,T13,PD012,Online,1,1500000,15.1,590000
2024-11-14,ORD-2024-002999,P00767,T05,PC028,Toko,1,2190000,16.9,
2024-11-14,ORD-2024-003011,P02953,T10,DK043,Toko,1,760000,10.7,
2024-11-15,ORD-2024-002790,P00492,T05,PC008,Marketplace,1,1830000,0.0,480000
2024-11-15,ORD-2024-002790,P00492,T05,MJ014,Marketplace,1,4970000,0.0,540000
2024-11-15,ORD-2024-002803,P01641,T02,MJ009,Toko,1,2670000,11.1,
2024-11-15,ORD-2024-002813,P01734,T02,DK003,Toko,1,420000,14.4,
2024-11-15,ORD-2024-002813,P01734,T02,MJ033,Toko,1,4180000,0.0,
2024-11-15,ORD-2024-002841,P01650,T13,PD011,Online,2,750000,16.3,370000
2024-11-15,ORD-2024-002864,P01237,T05,DK021,Marketplace,2,1010000,14.8,400000
2024-11-15,ORD-2024-002915,,T03,PC006,Toko,1,1850000,6.7,300000
2024-11-15,ORD-2024-002915,,T03,DK002,Toko,1,490000,0.0,
2024-11-16,ORD-2024-002751,P03367,T13,KR009,Online,1,3260000,16.4,490000
2024-11-16,ORD-2024-002786,P02440,T13,DK023,Online,2,770000,9.3,570000
2024-11-16,ORD-2024-002818,P01885,T05,DK038,Marketplace,1,530000,8.4,360000
2024-11-16,ORD-2024-002837,P02345,T06,SF006,Toko,1,4230000,0.0,
2024-11-16,ORD-2024-002873,P01579,T03,PD013,Toko,1,1030000,12.9,
2024-11-16,ORD-2024-002873,P01579,T03,KR010,Toko,2,1900000,14.8,
2024-11-16,ORD-2024-002890,P02357,T07,KS026,Toko,1,6770000,15.7,
2024-11-16,ORD-2024-002890,P02357,T07,MJ021,Toko,2,2560000,8.6,
2024-11-16,ORD-2024-002902,P01463,T13,PC001,Online,2,1430000,15.4,470000
2024-11-16,ORD-2024-003015,P02408,T03,DK032,Toko,1,340000,14.0,
2024-11-16,ORD-2024-003015,P02408,T03,PC017,Toko,1,1720000,18.0,
2024-11-17,ORD-2024-002738,P03176,T05,LM029,Toko,1,8480000,0.0,
2024-11-17,ORD-2024-002740,P00891,T13,DK028,Online,1,730000,13.7,420000
2024-11-17,ORD-2024-002740,P00891,T13,DK026,Online,2,1170000,12.5,510000
2024-11-17,ORD-2024-002740,P00891,T13,PD010,Online,1,450000,10.3,530000
2024-11-17,ORD-2024-002783,P02280,T03,MJ041,Toko,1,2240000,16.7,
2024-11-17,ORD-2024-002838,P00393,T09,KS002,Toko,1,6150000,10.6,
2024-11-17,ORD-2024-002838,P00393,T09,KR015,Toko,2,2050000,19.2,
2024-11-17,ORD-2024-002838,P00393,T09,PC029,Toko,1,1900000,10.0,
2024-11-17,ORD-2024-002838,P00393,T09,DK017,Toko,1,1740000,19.7,
2024-11-17,ORD-2024-002843,P03280,T02,PC029,Toko,1,1900000,16.5,
2024-11-17,ORD-2024-002850,P02946,T13,KR027,Online,1,1770000,12.1,170000
2024-11-17,ORD-2024-002850,P02946,T13,MJ019,Online,2,6140000,2.9,420000
2024-11-17,ORD-2024-002895,P01660,T13,DK004,Online,1,1240000,17.9,580000
2024-11-17,ORD-2024-002895,P01660,T13,MJ036,Online,1,3410000,14.0,400000
2024-11-17,ORD-2024-002949,,T01,KS009,Toko,1,11180000,10.8,
2024-11-18,ORD-2024-002763,,T08,DK013,Toko,1,1520000,7.2,
2024-11-18,ORD-2024-002797,P02428,T05,PD009,Toko,1,840000,18.1,
2024-11-18,ORD-2024-002797,P02428,T05,PD015,Toko,2,750000,0.0,
2024-11-18,ORD-2024-002829,P00982,T05,DK043,Toko,1,760000,11.9,
2024-11-18,ORD-2024-002829,P00982,T05,PD026,Toko,3,520000,12.0,
2024-11-18,ORD-2024-002851,P02559,T08,MJ009,Toko,1,2670000,0.0,
2024-11-18,ORD-2024-002936,P02876,T13,PD020,Online,2,920000,0.0,300000
2024-11-18,ORD-2024-002936,P02876,T13,KR017,Online,1,4540000,8.5,100000
2024-11-18,ORD-2024-002936,P02876,T13,LM011,Online,1,12480000,0.9,110000
2024-11-19,ORD-2024-002722,P02600,T07,DK028,Toko,1,730000,12.6,
2024-11-19,ORD-2024-002734,P01445,T13,DK043,Online,2,760000,17.0,50000
2024-11-19,ORD-2024-002815,P00798,T07,KS032,Toko,4,9280000,7.6,
2024-11-19,ORD-2024-002852,P02605,T10,DK036,Toko,2,510000,19.8,
2024-11-19,ORD-2024-002914,,T12,KR040,Toko,1,2380000,13.6,
2024-11-19,ORD-2024-002930,P02203,T13,PC023,Online,1,1920000,15.8,180000
2024-11-19,ORD-2024-002930,P02203,T13,PD014,Online,2,1590000,12.8,430000
2024-11-19,ORD-2024-002930,P02203,T13,DK044,Online,1,1380000,0.0,250000
2024-11-19,ORD-2024-002978,P03031,T08,PC029,Toko,1,1900000,15.3,
2024-11-19,ORD-2024-002994,P01486,T09,SF038,Marketplace,1,6260000,6.4,60000
2024-11-19,ORD-2024-002996,P03364,T01,DK025,Toko,3,660000,16.4,
2024-11-19,ORD-2024-002996,P03364,T01,KR041,Toko,1,1620000,9.4,
2024-11-20,ORD-2024-002731,P00745,T13,PC011,Online,2,4490000,12.4,150000
2024-11-20,ORD-2024-002731,P00745,T13,MJ018,Online,1,3700000,0.0,280000
2024-11-20,ORD-2024-002735,P00889,T13,KS001,Online,2,9740000,12.4,430000
2024-11-20,ORD-2024-002755,P00467,T09,KS003,Toko,1,12030000,10.5,
2024-11-20,ORD-2024-002755,P00467,T09,MJ020,Toko,2,4520000,17.9,
2024-11-20,ORD-2024-002832,P02049,T04,LM029,Marketplace,1,8480000,14.6,110000
2024-11-20,ORD-2024-002840,P00238,T05,SF030,Marketplace,1,5980000,0.0,180000
2024-11-20,ORD-2024-002849,P00306,T01,DK005,Toko,1,430000,16.5,
2024-11-20,ORD-2024-002923,P03301,T13,PC027,Online,1,3210000,14.1,590000
2024-11-20,ORD-2024-002933,P01222,T13,LM023,Online,1,8770000,0.0,100000
2024-11-20,ORD-2024-002960,P00136,T13,SF006,Online,1,4230000,16.9,420000
2024-11-20,ORD-2024-002960,P00136,T13,PD024,Online,1,1130000,0.0,270000
2024-11-20,ORD-2024-003006,,T04,LM010,Toko,1,7760000,19.4,
2024-11-21,ORD-2024-002725,,T03,DK001,Toko,1,530000,16.6,
2024-11-21,ORD-2024-002762,P01122,T07,DK010,Marketplace,4,690000,0.0,400000
2024-11-21,ORD-2024-002762,P01122,T07,DK044,Marketplace,1,1380000,18.7,150000
2024-11-21,ORD-2024-002762,P01122,T07,KR023,Marketplace,1,1270000,14.8,370000
2024-11-21,ORD-2024-002762,P01122,T07,LM040,Marketplace,1,9610000,17.7,380000
2024-11-21,ORD-2024-002806,P01760,T13,DK010,Online,1,690000,10.9,560000
2024-11-21,ORD-2024-002826,P02284,T11,DK037,Marketplace,1,540000,6.8,460000
2024-11-21,ORD-2024-002826,P02284,T11,KS034,Marketplace,1,6400000,13.2,540000
2024-11-21,ORD-2024-002842,P01038,T13,DK035,Online,1,400000,0.0,240000
2024-11-21,ORD-2024-002842,P01038,T13,MJ046,Online,1,2600000,12.6,50000
2024-11-21,ORD-2024-002854,,T09,LM016,Toko,1,16110000,0.0,
2024-11-21,ORD-2024-002874,P02658,T13,DK016,Online,1,730000,15.0,520000
2024-11-21,ORD-2024-002874,P02658,T13,DK043,Online,1,760000,12.9,560000
2024-11-21,ORD-2024-002887,P00381,T11,MJ045,Toko,1,2740000,14.1,
2024-11-21,ORD-2024-002905,P00929,T09,MJ020,Marketplace,2,4520000,11.0,50000
2024-11-21,ORD-2024-002905,P00929,T09,KR040,Marketplace,2,2380000,0.0,
2024-11-21,ORD-2024-002908,P00168,T13,DK023,Online,1,770000,11.0,350000
2024-11-21,ORD-2024-002932,P01558,T05,KR036,Toko,2,2360000,8.2,
2024-11-21,ORD-2024-002932,P01558,T05,KS020,Toko,1,17920000,9.9,
2024-11-21,ORD-2024-002935,P00160,T13,PC026,Online,2,860000,18.0,340000
2024-11-21,ORD-2024-002953,P01942,T12,PC012,Toko,1,1870000,13.5,
2024-11-22,ORD-2024-002729,P02520,T04,DK016,Toko,4,730000,16.0,
2024-11-22,ORD-2024-002736,P02934,T13,DK037,Online,3,540000,7.7,400000
2024-11-22,ORD-2024-002741,P02324,T02,MJ014,Toko,1,4970000,19.3,
2024-11-22,ORD-2024-002741,P02324,T02,MJ011,Toko,1,6920000,15.0,
2024-11-22,ORD-2024-002747,P01185,T13,PC023,Online,2,1920000,11.4,580000
2024-11-22,ORD-2024-002748,P00003,T06,PD005,Marketplace,1,390000,8.6,130000
2024-11-22,ORD-2024-002748,P00003,T06,MJ037,Marketplace,2,3320000,16.5,420000
2024-11-22,ORD-2024-002749,P01233,T13,PC013,Online,1,1410000,13.7,400000
2024-11-22,ORD-2024-002787,P01539,T08,DK002,Marketplace,2,490000,18.6,590000
2024-11-22,ORD-2024-002791,P03412,T13,DK010,Online,4,690000,18.9,150000
2024-11-22,ORD-2024-002798,P00112,T13,MJ003,Online,1,2060000,0.6,330000
2024-11-22,ORD-2024-002904,P01571,T11,MJ022,Toko,1,4090000,14.5,
2024-11-22,ORD-2024-002904,P01571,T11,KR015,Toko,1,2050000,12.5,
2024-11-22,ORD-2024-002941,P01092,T13,LM031,Online,1,6490000,14.5,340000
2024-11-22,ORD-2024-002941,P01092,T13,SF010,Online,4,18330000,0.0,250000
2024-11-22,ORD-2024-002941,P01092,T13,PD005,Online,1,390000,17.8,530000
2024-11-22,ORD-2024-002954,P00147,T02,MJ029,Toko,2,2890000,11.5,
2024-11-22,ORD-2024-002954,P00147,T02,DK018,Toko,1,1000000,16.1,
2024-11-22,ORD-2024-003001,P01498,T07,KR031,Toko,2,2350000,13.9,
2024-11-22,ORD-2024-003008,P01626,T07,DK006,Toko,2,2070000,19.9,
2024-11-23,ORD-2024-002765,P00749,T01,PD024,Toko,1,1130000,0.0,
2024-11-23,ORD-2024-002772,P03445,T13,PC008,Online,2,1830000,13.3,380000
2024-11-23,ORD-2024-002805,P01020,T13,KS014,Online,1,6440000,10.3,560000
2024-11-23,ORD-2024-002824,P01307,T13,PD020,Online,1,920000,0.0,130000
2024-11-23,ORD-2024-002858,P02081,T08,DK010,Toko,1,690000,14.8,
2024-11-23,ORD-2024-002861,P02794,T13,KR041,Online,1,1620000,9.2,290000
2024-11-23,ORD-2024-002862,P01829,T10,PC012,Toko,1,1870000,14.5,280000
2024-11-23,ORD-2024-002881,P00231,T04,PC029,Marketplace,1,1900000,12.3,550000
2024-11-23,ORD-2024-002888,P01852,T09,LM015,Toko,1,3180000,18.8,
2024-11-23,ORD-2024-002888,P01852,T09,PD024,Toko,3,1130000,0.0,
2024-11-23,ORD-2024-002888,P01852,T09,KR003,Toko,1,1440000,6.1,
2024-11-23,ORD-2024-002921,P01319,T03,PD010,Toko,1,450000,0.0,
2024-11-23,ORD-2024-002921,P01319,T03,KR038,Toko,2,2240000,0.0,440000
2024-11-23,ORD-2024-002921,P01319,T03,PD026,Toko,2,520000,0.0,
2024-11-23,ORD-2024-002939,P01875,T05,PD017,Toko,1,2370000,12.3,
2024-11-23,ORD-2024-002966,P01482,T13,PD020,Online,1,920000,13.1,550000
2024-11-23,ORD-2024-002974,P01537,T09,DK037,Toko,1,540000,10.6,
2024-11-23,ORD-2024-002986,P00959,T02,LM034,Toko,2,5930000,8.4,
2024-11-24,ORD-2024-002726,P02812,T11,DK005,Toko,1,430000,9.4,
2024-11-24,ORD-2024-002726,P02812,T11,LM011,Toko,1,12480000,8.1,
2024-11-24,ORD-2024-002732,P00658,T01,PC010,Marketplace,2,1240000,6.9,400000
2024-11-24,ORD-2024-002739,P02524,T07,PD001,Marketplace,1,1710000,23.8,560000
2024-11-24,ORD-2024-002750,P01051,T02,LM003,Marketplace,1,5440000,0.0,560000
2024-11-24,ORD-2024-002773,P02959,T13,LM032,Online,1,4960000,8.0,370000
2024-11-24,ORD-2024-002795,P00293,T12,DK022,Marketplace,2,550000,16.4,500000
2024-11-24,ORD-2024-002879,P00186,T02,PD005,Toko,1,390000,12.6,
2024-11-24,ORD-2024-002886,P01919,T06,KR047,Toko,1,4470000,5.9,
2024-11-24,ORD-2024-002886,P01919,T06,PD011,Toko,1,750000,10.8,
2024-11-24,ORD-2024-002892,P00710,T13,MJ038,Online,2,5030000,11.6,290000
2024-11-24,ORD-2024-002892,P00710,T13,SF026,Online,1,5850000,16.0,540000
2024-11-24,ORD-2024-002892,P00710,T13,KR022,Online,2,2200000,10.5,520000
2024-11-24,ORD-2024-002909,P01590,T06,PD011,Toko,1,750000,0.0,
2024-11-24,ORD-2024-002925,,T11,PC001,Toko,1,1430000,10.8,
2024-11-24,ORD-2024-002931,P00099,T05,LM027,Toko,3,14450000,16.0,
2024-11-24,ORD-2024-002931,P00099,T05,DK022,Toko,1,550000,12.2,
2024-11-24,ORD-2024-002931,P00099,T05,KR020,Toko,1,1970000,10.2,
2024-11-24,ORD-2024-002988,P03068,T04,KR015,Toko,1,2050000,0.0,
2024-11-25,ORD-2024-002781,,T10,DK027,Toko,2,630000,0.0,
2024-11-25,ORD-2024-002781,,T10,SF039,Toko,1,6120000,0.0,
2024-11-25,ORD-2024-002810,P03009,T13,KR040,Online,3,2380000,14.0,240000
2024-11-25,ORD-2024-002884,P01523,T13,KR031,Online,3,2350000,9.6,570000
2024-11-25,ORD-2024-002884,P01523,T13,PD012,Online,1,1500000,10.4,230000
2024-11-25,ORD-2024-002884,P01523,T13,PC019,Online,2,1840000,16.6,170000
2024-11-25,ORD-2024-002985,P00898,T13,PD009,Online,1,840000,0.0,80000
2024-11-25,ORD-2024-002993,P00215,T05,DK024,Toko,2,930000,10.2,
2024-11-25,ORD-2024-003005,P00164,T13,DK008,Online,1,910000,7.3,540000
2024-11-25,ORD-2024-003005,P00164,T13,SF003,Online,1,12490000,14.8,540000
2024-11-26,ORD-2024-002724,P03258,T09,KR011,Toko,2,1570000,12.5,
2024-11-26,ORD-2024-002728,P02273,T12,SF017,Toko,1,8850000,11.3,
2024-11-26,ORD-2024-002728,P02273,T12,KR010,Toko,4,1900000,9.2,
2024-11-26,ORD-2024-002771,P00395,T13,MJ023,Online,1,8100000,13.3,130000
2024-11-26,ORD-2024-002771,P00395,T13,KR020,Online,1,1970000,7.6,110000
2024-11-26,ORD-2024-002771,P00395,T13,PD004,Online,1,1050000,12.9,240000
2024-11-26,ORD-2024-002789,P02554,T04,LM019,Toko,1,5540000,13.5,
2024-11-26,ORD-2024-002789,P02554,T04,DK011,Toko,1,2070000,12.3,
2024-11-26,ORD-2024-002808,P03017,T13,LM040,Online,1,9610000,18.2,110000
2024-11-26,ORD-2024-002808,P03017,T13,DK026,Online,1,1170000,0.0,260000
2024-11-26,ORD-2024-002808,P03017,T13,KR010,Online,1,1900000,15.4,550000
2024-11-26,ORD-2024-002816,P00175,T08,DK011,Toko,2,2070000,10.5,
2024-11-26,ORD-2024-002819,P02363,T01,MJ021,Marketplace,1,2560000,16.1,300000
2024-11-26,ORD-2024-002872,P03262,T11,MJ008,Toko,1,3030000,14.3,
2024-11-26,ORD-2024-002872,P03262,T11,PC020,Toko,1,2530000,9.3,
2024-11-26,ORD-2024-002910,P00740,T05,PD012,Toko,1,1500000,0.0,
2024-11-26,ORD-2024-002910,P00740,T05,PC021,Toko,1,4550000,21.6,
2024-11-26,ORD-2024-002911,P03322,T13,KR017,Online,1,4540000,18.4,180000
2024-11-26,ORD-2024-002950,P03426,T07,MJ029,Marketplace,1,2890000,9.7,100000
2024-11-26,ORD-2024-002950,P03426,T07,KR047,Marketplace,2,4470000,13.6,100000
2024-11-26,ORD-2024-002956,P02723,T13,MJ010,Online,2,3850000,7.4,100000
2024-11-26,ORD-2024-002956,P02723,T13,PD003,Online,1,1200000,6.5,220000
2024-11-26,ORD-2024-002956,P02723,T13,SF005,Online,3,13820000,0.0,580000
2024-11-26,ORD-2024-002965,P01191,T13,PD024,Online,1,1130000,13.7,420000
2024-11-26,ORD-2024-002965,P01191,T13,PD022,Online,1,520000,10.1,450000
2024-11-26,ORD-2024-002973,P02050,T01,PC022,Toko,2,3000000,0.0,
2024-11-26,ORD-2024-002973,P02050,T01,DK018,Toko,1,1000000,13.6,
2024-11-26,ORD-2024-002975,P01119,T03,DK005,Toko,1,430000,9.5,
2024-11-26,ORD-2024-002975,P01119,T03,DK019,Toko,1,860000,14.8,
2024-11-26,ORD-2024-003010,P01610,T03,SF018,Toko,4,10500000,12.3,
2024-11-27,ORD-2024-002759,P03257,T06,SF017,Marketplace,1,8850000,17.1,430000
2024-11-27,ORD-2024-002848,P00039,T05,DK040,Toko,1,1260000,9.1,100000
2024-11-27,ORD-2024-002848,P00039,T05,KR042,Toko,1,1850000,13.7,
2024-11-27,ORD-2024-002882,P00707,T13,PD011,Online,1,750000,22.9,
2024-11-27,ORD-2024-002903,P00551,T13,KR024,Online,1,3000000,0.0,290000
2024-11-27,ORD-2024-002903,P00551,T13,PC017,Online,1,1720000,18.8,370000
2024-11-27,ORD-2024-002903,P00551,T13,DK040,Online,1,1260000,0.0,110000
2024-11-27,ORD-2024-003014,P01767,T01,DK002,Marketplace,1,490000,19.3,530000
2024-11-28,ORD-2024-002737,P03157,T02,PD003,Toko,3,1200000,11.9,
2024-11-28,ORD-2024-002737,P03157,T02,PD024,Toko,1,1130000,5.7,
2024-11-28,ORD-2024-002760,P01359,T13,PD005,Online,1,390000,16.2,80000
2024-11-28,ORD-2024-002760,P01359,T13,DK010,Online,1,690000,12.8,320000
2024-11-28,ORD-2024-002867,P00349,T13,PC005,Online,1,660000,15.2,260000
2024-11-28,ORD-2024-002893,P02429,T01,LM029,Toko,3,8480000,15.0,
2024-11-28,ORD-2024-002907,P00285,T13,PD003,Online,1,1200000,12.3,460000
2024-11-28,ORD-2024-002913,P02355,T13,KR040,Online,3,2380000,11.2,490000
2024-11-28,ORD-2024-002917,P00477,T05,MJ010,Marketplace,4,3850000,15.5,210000
2024-11-28,ORD-2024-002976,P02852,T03,KR020,Toko,1,1970000,12.3,
2024-11-28,ORD-2024-002976,P02852,T03,PD003,Toko,1,1200000,14.1,
2024-11-28,ORD-2024-002976,P02852,T03,MJ024,Toko,1,3010000,11.0,
2024-11-29,ORD-2024-002752,P00755,T01,PC029,Toko,2,1900000,16.0,
2024-11-29,ORD-2024-002752,P00755,T01,PD010,Toko,2,450000,15.2,
2024-11-29,ORD-2024-002764,P00199,T09,PD016,Toko,1,1080000,4.2,
2024-11-29,ORD-2024-002764,P00199,T09,KR019,Toko,1,2530000,13.8,250000
2024-11-29,ORD-2024-002764,P00199,T09,PD018,Toko,1,530000,0.0,
2024-11-29,ORD-2024-002769,P02904,T13,PC031,Online,2,1660000,10.6,270000
2024-11-29,ORD-2024-002769,P02904,T13,DK040,Online,2,1260000,12.7,590000
2024-11-29,ORD-2024-002807,,T09,DK027,Toko,1,630000,18.3,
2024-11-29,ORD-2024-002807,,T09,MJ005,Toko,1,4030000,12.3,
2024-11-29,ORD-2024-002809,P03102,T10,DK020,Toko,1,690000,19.3,
2024-11-29,ORD-2024-002883,P01644,T01,KR031,Toko,1,2350000,0.0,
2024-11-29,ORD-2024-002883,P01644,T01,PC018,Toko,1,1420000,14.2,
2024-11-29,ORD-2024-002900,P03427,T01,KR007,Marketplace,1,1690000,10.7,290000
2024-11-29,ORD-2024-002906,P01214,T13,MJ026,Online,1,3480000,12.8,
2024-11-29,ORD-2024-002906,P01214,T13,PD024,Online,1,1130000,18.5,170000
2024-11-29,ORD-2024-002951,P01965,T02,PC006,Marketplace,2,1850000,10.4,280000
2024-11-29,ORD-2024-002955,P01099,T13,PD018,Online,1,530000,10.1,350000
2024-11-29,ORD-2024-002957,P01557,T11,PD007,Toko,2,770000,11.3,400000
2024-11-29,ORD-2024-002964,P03393,T06,DK038,Toko,3,530000,10.9,
2024-11-29,ORD-2024-002977,P00192,T13,MJ013,Online,4,2960000,12.2,320000
2024-11-29,ORD-2024-002977,P00192,T13,DK038,Online,1,530000,8.3,70000
2024-11-29,ORD-2024-002990,P02684,T13,MJ024,Online,1,3010000,6.6,180000
2024-11-29,ORD-2024-002990,P02684,T13,KR034,Online,1,2350000,10.9,120000
2024-11-29,ORD-2024-002990,P02684,T13,KR022,Online,1,2200000,23.0,370000
2024-11-29,ORD-2024-002990,P02684,T13,MJ030,Online,1,2670000,13.5,280000
2024-11-29,ORD-2024-003003,P02972,T02,PD018,Toko,3,530000,9.0,
2024-11-30,ORD-2024-002745,P01697,T13,LM024,Online,1,5790000,11.5,350000
2024-11-30,ORD-2024-002745,P01697,T13,PD026,Online,1,520000,16.2,230000
2024-11-30,ORD-2024-002804,P03395,T02,PD010,Toko,2,450000,0.0,360000
2024-11-30,ORD-2024-002827,P02070,T04,DK041,Toko,1,2550000,14.3,340000
2024-11-30,ORD-2024-002844,P02668,T12,PC026,Toko,1,860000,18.1,
2024-11-30,ORD-2024-002962,P01944,T13,SF023,Online,1,7750000,16.9,570000
2024-11-30,ORD-2024-003004,P00331,T13,PC027,Online,1,3210000,8.8,210000
2024-12-01,ORD-2024-003059,P01015,T04,SF035,Toko,1,5970000,12.3,
2024-12-01,ORD-2024-003059,P01015,T04,PD017,Toko,2,2370000,6.7,
2024-12-01,ORD-2024-003095,P02289,T10,LM036,Toko,2,4150000,13.4,
2024-12-01,ORD-2024-003101,,T08,SF002,Toko,1,5950000,0.0,
2024-12-01,ORD-2024-003193,P00785,T11,DK040,Toko,4,1260000,16.6,
2024-12-01,ORD-2024-003206,P01117,T06,DK031,Toko,1,800000,18.1,
2024-12-01,ORD-2024-003213,P02224,T13,PC024,Online,1,850000,9.7,280000
2024-12-01,ORD-2024-003263,P02604,T13,LM018,Online,1,22510000,11.2,160000
2024-12-01,ORD-2024-003263,P02604,T13,PD003,Online,1,1200000,16.0,380000
2024-12-01,ORD-2024-003268,P00870,T09,PC030,Toko,1,1220000,11.1,
2024-12-01,ORD-2024-003350,P01970,T03,LM009,Marketplace,3,2210000,9.5,140000
2024-12-02,ORD-2024-003019,P02262,T08,KR028,Toko,2,1780000,18.2,
2024-12-02,ORD-2024-003019,P02262,T08,LM015,Toko,2,3180000,0.0,
2024-12-02,ORD-2024-003019,P02262,T08,DK041,Toko,1,2550000,9.7,
2024-12-02,ORD-2024-003019,P02262,T08,KS034,Toko,3,6400000,13.4,
2024-12-02,ORD-2024-003027,P01484,T06,PD013,Marketplace,1,1030000,14.7,400000
2024-12-02,ORD-2024-003029,P01116,T12,PC029,Toko,1,1900000,15.6,
2024-12-02,ORD-2024-003029,P01116,T12,PC014,Toko,1,1800000,12.5,
2024-12-02,ORD-2024-003029,P01116,T12,SF040,Toko,2,5750000,17.5,
2024-12-02,ORD-2024-003029,P01116,T12,KS024,Toko,1,13500000,8.4,
2024-12-02,ORD-2024-003034,P00750,T13,PD005,Online,1,390000,13.5,330000
2024-12-02,ORD-2024-003077,P02575,T13,MJ006,Online,1,4050000,10.4,470000
2024-12-02,ORD-2024-003103,P02636,T13,DK029,Online,1,500000,22.3,280000
2024-12-02,ORD-2024-003103,P02636,T13,PD002,Online,1,1150000,7.6,200000
2024-12-02,ORD-2024-003112,P00553,T02,DK033,Marketplace,2,220000,9.3,150000
2024-12-02,ORD-2024-003117,P01470,T13,PD013,Online,2,1030000,9.3,300000
2024-12-02,ORD-2024-003126,P02282,T10,PC030,Marketplace,1,1220000,14.3,390000
2024-12-02,ORD-2024-003156,P00984,T12,KS010,Toko,2,14650000,15.1,
2024-12-02,ORD-2024-003173,,T09,MJ010,Toko,1,3850000,12.9,
2024-12-02,ORD-2024-003218,P01286,T13,PD010,Online,1,450000,0.0,70000
2024-12-02,ORD-2024-003246,P01107,T03,DK030,Marketplace,1,930000,13.5,370000
2024-12-02,ORD-2024-003298,P00133,T10,KS033,Marketplace,1,13600000,13.1,150000
2024-12-02,ORD-2024-003309,P01949,T11,PC018,Toko,1,1420000,0.0,
2024-12-02,ORD-2024-003330,P00611,T13,DK018,Online,1,1000000,11.3,180000
2024-12-02,ORD-2024-003341,P02654,T11,PC017,Toko,1,1720000,12.1,
2024-12-02,ORD-2024-003341,P02654,T11,DK004,Toko,1,1240000,9.0,
2024-12-03,ORD-2024-003061,P01620,T09,PD025,Toko,1,1100000,10.2,
2024-12-03,ORD-2024-003075,P00284,T13,KR004,Online,3,1790000,8.9,320000
2024-12-03,ORD-2024-003075,P00284,T13,PC029,Online,1,1900000,0.0,440000
2024-12-03,ORD-2024-003082,P02681,T01,KR014,Marketplace,1,3530000,10.6,330000
2024-12-03,ORD-2024-003093,P03283,T04,KR040,Toko,1,2380000,12.5,
2024-12-03,ORD-2024-003099,P00348,T01,SF035,Marketplace,1,5970000,13.8,50000
2024-12-03,ORD-2024-003099,P00348,T01,SF007,Marketplace,1,10370000,21.3,490000
2024-12-03,ORD-2024-003108,P01112,T12,SF011,Toko,1,4580000,16.5,
2024-12-03,ORD-2024-003108,P01112,T12,LM036,Toko,1,4150000,9.8,
2024-12-03,ORD-2024-003118,P01301,T06,KR001,Toko,1,3260000,11.4,
2024-12-03,ORD-2024-003118,P01301,T06,SF042,Toko,1,4260000,17.6,
2024-12-03,ORD-2024-003118,P01301,T06,PC010,Toko,1,1240000,17.3,
2024-12-03,ORD-2024-003140,P01321,T13,MJ029,Online,1,2890000,21.8,550000
2024-12-03,ORD-2024-003165,P03012,T13,SF011,Online,2,4580000,6.9,490000
2024-12-03,ORD-2024-003205,P00660,T13,DK040,Online,4,1260000,10.3,200000
2024-12-03,ORD-2024-003205,P00660,T13,PC013,Online,1,1410000,22.2,80000
2024-12-03,ORD-2024-003222,P02844,T05,SF001,Marketplace,2,7750000,18.9,340000
2024-12-03,ORD-2024-003222,P02844,T05,MJ022,Marketplace,3,4090000,18.1,430000
2024-12-03,ORD-2024-003238,P03377,T13,DK034,Online,1,830000,16.0,240000
2024-12-03,ORD-2024-003238,P03377,T13,DK032,Online,2,340000,7.8,140000
2024-12-03,ORD-2024-003238,P03377,T13,PD026,Online,1,520000,0.0,150000
2024-12-03,ORD-2024-003238,P03377,T13,MJ022,Online,1,4090000,11.8,250000
2024-12-03,ORD-2024-003241,P03170,T13,MJ046,Online,1,2600000,11.3,240000
2024-12-03,ORD-2024-003256,P03478,T06,PD015,Marketplace,1,750000,10.5,120000
2024-12-03,ORD-2024-003256,P03478,T06,KR026,Marketplace,1,2860000,0.0,420000
2024-12-03,ORD-2024-003256,P03478,T06,LM031,Marketplace,1,6490000,14.6,530000
2024-12-03,ORD-2024-003279,P01686,T07,DK009,Toko,3,990000,12.7,
2024-12-03,ORD-2024-003306,P01985,T01,SF008,Toko,1,13020000,0.0,
2024-12-03,ORD-2024-003306,P01985,T01,DK007,Toko,1,900000,15.6,
2024-12-03,ORD-2024-003306,P01985,T01,LM015,Toko,3,3180000,11.7,
2024-12-04,ORD-2024-003039,P02590,T13,KR002,Online,1,1500000,16.6,210000
2024-12-04,ORD-2024-003039,P02590,T13,DK006,Online,1,2070000,13.8,90000
2024-12-04,ORD-2024-003069,,T10,DK007,Toko,1,900000,5.7,
2024-12-04,ORD-2024-003081,P02128,T08,KR018,Toko,1,1090000,21.2,
2024-12-04,ORD-2024-003081,P02128,T08,PD003,Toko,1,1200000,18.4,
2024-12-04,ORD-2024-003139,P00416,T12,DK024,Toko,1,930000,0.0,
2024-12-04,ORD-2024-003139,P00416,T12,KS005,Toko,1,13120000,0.0,200000
2024-12-04,ORD-2024-003249,P01824,T07,SF041,Toko,2,7920000,0.0,
2024-12-04,ORD-2024-003255,P02830,T07,PD001,Toko,1,1710000,16.2,
2024-12-04,ORD-2024-003257,P00006,T13,DK002,Online,1,490000,15.4,300000
2024-12-04,ORD-2024-003257,P00006,T13,DK005,Online,4,430000,14.2,220000
2024-12-04,ORD-2024-003275,P02056,T06,LM008,Marketplace,2,5080000,0.0,270000
2024-12-04,ORD-2024-003275,P02056,T06,DK032,Marketplace,1,340000,14.0,540000
2024-12-04,ORD-2024-003275,P02056,T06,PC012,Marketplace,1,1870000,15.3,100000
2024-12-04,ORD-2024-003275,P02056,T06,DK035,Marketplace,1,400000,21.1,470000
2024-12-04,ORD-2024-003284,P00040,T13,DK043,Online,2,760000,19.2,150000
2024-12-04,ORD-2024-003310,P01745,T09,PC007,Toko,1,1510000,0.0,
2024-12-04,ORD-2024-003314,P01513,T06,LM008,Toko,1,5080000,0.0,
2024-12-04,ORD-2024-003314,P01513,T06,DK030,Toko,1,930000,0.0,
2024-12-04,ORD-2024-003347,P01902,T01,DK033,Marketplace,1,220000,23.5,360000
2024-12-05,ORD-2024-003064,P00565,T13,DK022,Online,1,550000,0.0,90000
2024-12-05,ORD-2024-003064,P00565,T13,LM014,Online,1,4520000,20.9,140000
2024-12-05,ORD-2024-003097,P01517,T10,DK009,Marketplace,1,990000,18.2,330000
2024-12-05,ORD-2024-003100,P00781,T13,PC008,Online,2,1830000,16.1,560000
2024-12-05,ORD-2024-003133,P02335,T13,PC001,Online,1,1430000,0.0,80000
2024-12-05,ORD-2024-003133,P02335,T13,KR033,Online,1,3030000,0.0,540000
2024-12-05,ORD-2024-003133,P02335,T13,LM035,Online,1,11500000,0.0,320000
2024-12-05,ORD-2024-003143,P00725,T13,DK025,Online,1,660000,30.5,500000
2024-12-05,ORD-2024-003143,P00725,T13,PC008,Online,2,1830000,14.3,300000
2024-12-05,ORD-2024-003143,P00725,T13,PD020,Online,1,920000,15.3,240000
2024-12-05,ORD-2024-003171,P02094,T13,DK040,Online,1,1260000,11.8,80000
2024-12-05,ORD-2024-003178,P00249,T07,SF003,Toko,1,12490000,17.7,
2024-12-05,ORD-2024-003262,P02340,T09,DK027,Marketplace,1,630000,14.1,120000
2024-12-05,ORD-2024-003262,P02340,T09,DK040,Marketplace,2,1260000,21.9,160000
2024-12-05,ORD-2024-003297,P01962,T09,LM028,Toko,1,6300000,12.8,
2024-12-05,ORD-2024-003338,P00782,T13,PC016,Online,1,1760000,22.5,310000
2024-12-05,ORD-2024-003338,P00782,T13,LM015,Online,2,3180000,15.9,160000
2024-12-05,ORD-2024-003338,P00782,T13,MJ002,Online,1,3330000,12.7,580000
2024-12-05,ORD-2024-003344,P01983,T13,MJ004,Online,1,3430000,11.9,440000
2024-12-05,ORD-2024-003344,P01983,T13,PC028,Online,1,2190000,9.3,430000
2024-12-06,ORD-2024-003040,P00054,T13,SF011,Online,1,4580000,20.3,540000
2024-12-06,ORD-2024-003052,P02594,T06,PC001,Toko,1,1430000,10.6,
2024-12-06,ORD-2024-003052,P02594,T06,DK034,Toko,2,830000,0.0,270000
2024-12-06,ORD-2024-003127,P01618,T01,DK012,Toko,1,960000,19.1,
2024-12-06,ORD-2024-003127,P01618,T01,KR002,Toko,1,1500000,0.0,
2024-12-06,ORD-2024-003127,P01618,T01,PD006,Toko,1,970000,6.6,
2024-12-06,ORD-2024-003131,P00356,T13,KR034,Online,1,2350000,15.3,480000
2024-12-06,ORD-2024-003131,P00356,T13,LM012,Online,1,7130000,11.2,360000
2024-12-06,ORD-2024-003134,P00516,T13,PC028,Online,1,2190000,17.7,490000
2024-12-06,ORD-2024-003149,P01844,T03,KS028,Marketplace,1,7780000,13.4,460000
2024-12-06,ORD-2024-003289,P01804,T13,DK044,Online,2,1380000,12.8,60000
2024-12-06,ORD-2024-003339,,T02,PD011,Toko,1,750000,14.5,
2024-12-06,ORD-2024-003348,P02737,T10,PC007,Marketplace,1,1510000,17.8,230000
2024-12-06,ORD-2024-003348,P02737,T10,DK006,Marketplace,1,2070000,17.5,330000
2024-12-07,ORD-2024-003021,P01581,T13,PC020,Online,2,2530000,0.0,280000
2024-12-07,ORD-2024-003123,P00200,T01,DK018,Toko,1,1000000,8.3,
2024-12-07,ORD-2024-003215,P02407,T09,KS013,Marketplace,2,10990000,12.6,360000
2024-12-07,ORD-2024-003274,P02856,T13,PD008,Online,1,970000,0.0,160000
2024-12-07,ORD-2024-003292,P02591,T11,KR040,Toko,1,2380000,2.3,
2024-12-07,ORD-2024-003317,P02861,T03,KS017,Toko,1,15120000,8.4,
2024-12-07,ORD-2024-003319,P01432,T09,DK037,Toko,1,540000,16.0,
2024-12-07,ORD-2024-003324,P01154,T08,DK014,Marketplace,2,890000,0.0,590000
2024-12-07,ORD-2024-003340,P00307,T06,KS017,Marketplace,2,15120000,13.6,500000
2024-12-08,ORD-2024-003037,P02896,T08,DK041,Marketplace,1,2550000,15.7,580000
2024-12-08,ORD-2024-003045,P02879,T13,MJ001,Online,1,2940000,11.0,310000
2024-12-08,ORD-2024-003049,P03151,T13,KS034,Online,1,6400000,19.8,290000
2024-12-08,ORD-2024-003049,P03151,T13,MJ011,Online,1,6920000,0.0,260000
2024-12-08,ORD-2024-003049,P03151,T13,DK010,Online,2,690000,12.3,530000
2024-12-08,ORD-2024-003058,P02682,T04,DK016,Toko,1,730000,14.7,
2024-12-08,ORD-2024-003058,P02682,T04,LM014,Toko,1,4520000,14.5,
2024-12-08,ORD-2024-003058,P02682,T04,PD018,Toko,2,530000,4.7,
2024-12-08,ORD-2024-003058,P02682,T04,KR024,Toko,3,3000000,12.8,
2024-12-08,ORD-2024-003063,P00460,T13,DK025,Online,1,660000,7.8,230000
2024-12-08,ORD-2024-003087,P00629,T13,DK038,Online,1,530000,13.3,390000
2024-12-08,ORD-2024-003114,P02739,T07,PD022,Marketplace,1,520000,20.6,240000
2024-12-08,ORD-2024-003198,P03423,T02,PD022,Toko,1,520000,13.9,
2024-12-08,ORD-2024-003198,P03423,T02,DK008,Toko,1,910000,11.3,
2024-12-08,ORD-2024-003270,P00382,T01,PC031,Toko,1,1660000,8.9,
2024-12-08,ORD-2024-003280,P01727,T02,PC016,Toko,1,1760000,7.8,
2024-12-08,ORD-2024-003280,P01727,T02,SF033,Toko,1,9380000,15.9,
2024-12-08,ORD-2024-003280,P01727,T02,PD026,Toko,1,520000,20.1,
2024-12-08,ORD-2024-003288,P01631,T13,DK002,Online,1,490000,0.0,550000
2024-12-08,ORD-2024-003318,P02466,T02,KR010,Marketplace,1,1900000,12.9,520000
2024-12-08,ORD-2024-003318,P02466,T02,PC028,Marketplace,1,2190000,15.2,480000
2024-12-08,ORD-2024-003332,P01060,T01,MJ030,Marketplace,1,2670000,13.1,240000
2024-12-08,ORD-2024-003332,P01060,T01,PD006,Marketplace,1,970000,11.0,190000
2024-12-09,ORD-2024-003025,P00103,T01,PD026,Marketplace,2,520000,0.0,100000
2024-12-09,ORD-2024-003026,P00253,T13,DK029,Online,1,500000,15.1,430000
2024-12-09,ORD-2024-003026,P00253,T13,PD025,Online,1,1100000,12.1,470000
2024-12-09,ORD-2024-003026,P00253,T13,KR031,Online,4,2350000,10.7,340000
2024-12-09,ORD-2024-003057,P02643,T02,DK009,Toko,3,990000,22.4,
2024-12-09,ORD-2024-003067,P02989,T01,DK002,Toko,1,490000,10.4,
2024-12-09,ORD-2024-003089,P01298,T13,DK040,Online,1,1260000,14.8,450000
2024-12-09,ORD-2024-003089,P01298,T13,KS034,Online,1,6400000,14.6,580000
2024-12-09,ORD-2024-003153,P01918,T13,LM016,Online,1,16110000,12.3,530000
2024-12-09,ORD-2024-003158,P00361,T13,LM007,Online,1,4350000,15.6,50000
2024-12-09,ORD-2024-003209,P03312,T13,PC009,Online,3,1490000,12.3,220000
2024-12-09,ORD-2024-003209,P03312,T13,PD010,Online,3,450000,13.0,220000
2024-12-09,ORD-2024-003209,P03312,T13,PC030,Online,1,1220000,17.5,510000
2024-12-09,ORD-2024-003245,P01292,T13,MJ001,Online,1,2940000,0.0,350000
2024-12-09,ORD-2024-003245,P01292,T13,PC009,Online,1,1490000,16.8,280000
2024-12-09,ORD-2024-003299,P00272,T02,DK002,Toko,1,490000,15.9,
2024-12-09,ORD-2024-003331,P00184,T13,DK016,Online,1,730000,11.7,440000
2024-12-09,ORD-2024-003331,P00184,T13,PC005,Online,1,660000,0.0,280000
2024-12-10,ORD-2024-003041,P02667,T03,DK043,Toko,1,760000,8.7,
2024-12-10,ORD-2024-003074,P02846,T09,LM014,Toko,3,4520000,16.3,
2024-12-10,ORD-2024-003084,P00798,T03,DK032,Marketplace,1,340000,15.7,340000
2024-12-10,ORD-2024-003111,P02277,T05,MJ046,Toko,1,2600000,17.9,
2024-12-10,ORD-2024-003111,P02277,T05,PC023,Toko,1,1920000,12.6,
2024-12-10,ORD-2024-003111,P02277,T05,PC013,Toko,1,1410000,12.0,
2024-12-10,ORD-2024-003187,P02502,T13,PC028,Online,1,2190000,16.3,400000
2024-12-10,ORD-2024-003239,P02997,T10,DK038,Toko,1,530000,14.2,360000
2024-12-10,ORD-2024-003239,P02997,T10,PD002,Toko,2,1150000,18.9,
2024-12-10,ORD-2024-003326,P03011,T07,PD001,Toko,1,1710000,8.5,
2024-12-11,ORD-2024-003056,P00693,T13,PC019,Online,2,1840000,12.6,130000
2024-12-11,ORD-2024-003065,P00823,T13,DK032,Online,1,340000,15.4,450000
2024-12-11,ORD-2024-003065,P00823,T13,LM014,Online,1,4520000,0.0,300000
2024-12-11,ORD-2024-003065,P00823,T13,DK024,Online,1,930000,14.8,580000
2024-12-11,ORD-2024-003066,P00356,T04,KR007,Toko,1,1690000,17.4,
2024-12-11,ORD-2024-003066,P00356,T04,LM003,Toko,1,5440000,12.2,
2024-12-11,ORD-2024-003078,P00796,T09,SF034,Toko,1,13040000,10.6,
2024-12-11,ORD-2024-003078,P00796,T09,KR015,Toko,3,2050000,7.0,
2024-12-11,ORD-2024-003146,P00597,T05,DK036,Toko,1,510000,17.2,
2024-12-11,ORD-2024-003146,P00597,T05,MJ002,Toko,1,3330000,18.6,
2024-12-11,ORD-2024-003150,P01043,T13,LM038,Online,1,5010000,18.6,130000
2024-12-11,ORD-2024-003150,P01043,T13,SF035,Online,2,5970000,17.1,140000
2024-12-11,ORD-2024-003161,P02854,T05,DK036,Toko,1,510000,10.3,
2024-12-11,ORD-2024-003175,P00968,T06,SF026,Toko,1,5850000,16.1,
2024-12-11,ORD-2024-003175,P00968,T06,DK029,Toko,1,500000,10.0,
2024-12-11,ORD-2024-003192,P00300,T03,MJ012,Toko,1,11220000,16.0,
2024-12-11,ORD-2024-003192,P00300,T03,MJ033,Toko,1,4180000,0.0,
2024-12-11,ORD-2024-003192,P00300,T03,KR048,Toko,1,5130000,0.0,
2024-12-11,ORD-2024-003192,P00300,T03,PC024,Toko,1,850000,12.8,
2024-12-11,ORD-2024-003194,P01098,T13,SF042,Online,1,4260000,12.7,560000
2024-12-11,ORD-2024-003233,P01590,T06,PD019,Marketplace,1,1260000,14.4,450000
2024-12-11,ORD-2024-003237,P02413,T13,PD005,Online,1,390000,21.8,150000
2024-12-11,ORD-2024-003237,P02413,T13,DK002,Online,1,490000,0.0,90000
2024-12-11,ORD-2024-003237,P02413,T13,DK003,Online,2,420000,12.6,300000
2024-12-11,ORD-2024-003242,P00682,T12,KS008,Toko,4,5690000,19.0,
2024-12-11,ORD-2024-003266,P02611,T10,DK032,Toko,1,340000,18.2,
2024-12-11,ORD-2024-003266,P02611,T10,LM015,Toko,1,3180000,12.7,
2024-12-11,ORD-2024-003266,P02611,T10,SF016,Toko,1,10420000,20.7,
2024-12-11,ORD-2024-003281,,T06,PC002,Toko,2,1740000,13.2,
2024-12-11,ORD-2024-003281,,T06,PC020,Toko,1,2530000,16.2,
2024-12-11,ORD-2024-003333,P01517,T13,KR020,Online,3,1970000,10.3,490000
2024-12-12,ORD-2024-003094,P02081,T13,LM009,Online,2,2210000,17.5,400000
2024-12-12,ORD-2024-003122,P02726,T13,MJ035,Online,1,5190000,20.0,150000
2024-12-12,ORD-2024-003132,P03360,T02,PC017,Marketplace,2,1720000,21.4,210000
2024-12-12,ORD-2024-003144,,T07,KR039,Toko,2,2460000,9.2,
2024-12-12,ORD-2024-003199,P02070,T03,LM021,Toko,1,7550000,17.0,300000
2024-12-12,ORD-2024-003225,P02550,T09,KR004,Toko,1,1790000,5.4,
2024-12-12,ORD-2024-003225,P02550,T09,MJ003,Toko,3,2060000,11.0,
2024-12-12,ORD-2024-003235,P00172,T13,KR002,Online,1,1500000,15.6,140000
2024-12-12,ORD-2024-003243,P03395,T02,DK012,Toko,2,960000,15.3,
2024-12-12,ORD-2024-003243,P03395,T02,SF029,Toko,1,7520000,8.2,
2024-12-12,ORD-2024-003265,P01778,T13,KR022,Online,1,2200000,12.6,330000
2024-12-12,ORD-2024-003265,P01778,T13,MJ038,Online,1,5030000,14.5,110000
2024-12-12,ORD-2024-003265,P01778,T13,SF033,Online,2,9380000,20.2,390000
2024-12-13,ORD-2024-003028,P00483,T12,PC017,Marketplace,1,1720000,21.4,260000
2024-12-13,ORD-2024-003038,P00059,T07,DK014,Marketplace,1,890000,17.2,390000
2024-12-13,ORD-2024-003038,P00059,T07,LM029,Marketplace,1,8480000,8.4,230000
2024-12-13,ORD-2024-003047,P01644,T13,DK012,Online,1,960000,10.3,350000
2024-12-13,ORD-2024-003098,P00133,T11,PC028,Toko,2,2190000,14.5,
2024-12-13,ORD-2024-003098,P00133,T11,KR025,Toko,1,3670000,12.2,
2024-12-13,ORD-2024-003148,P02085,T10,KR038,Toko,2,2240000,20.7,
2024-12-13,ORD-2024-003155,P03359,T08,SF005,Marketplace,1,13820000,18.3,450000
2024-12-13,ORD-2024-003169,P02056,T13,DK036,Online,1,510000,8.6,340000
2024-12-13,ORD-2024-003208,P01427,T01,DK005,Toko,3,430000,22.3,
2024-12-13,ORD-2024-003208,P01427,T01,PC019,Toko,4,1840000,14.5,
2024-12-13,ORD-2024-003236,P02969,T13,DK013,Online,1,1520000,16.5,460000
2024-12-13,ORD-2024-003253,P01799,T13,PC032,Online,1,470000,0.0,250000
2024-12-13,ORD-2024-003264,P02160,T13,DK034,Online,1,830000,11.1,50000
2024-12-13,ORD-2024-003308,P01793,T13,KR023,Online,1,1270000,14.9,150000
2024-12-13,ORD-2024-003323,P02836,T13,PD022,Online,1,520000,0.0,520000
2024-12-13,ORD-2024-003327,P00736,T11,KS003,Marketplace,2,12030000,14.1,490000
2024-12-14,ORD-2024-003043,P01060,T13,PC029,Online,1,1900000,15.9,480000
2024-12-14,ORD-2024-003060,P00151,T04,KR032,Toko,4,2340000,10.3,
2024-12-14,ORD-2024-003128,P01436,T01,LM021,Toko,2,7550000,25.6,
2024-12-14,ORD-2024-003136,P01549,T07,DK020,Toko,1,690000,13.5,
2024-12-14,ORD-2024-003259,P00758,T13,KR011,Online,1,1570000,9.2,240000
2024-12-14,ORD-2024-003273,P02598,T05,PD013,Toko,1,1030000,18.0,
2024-12-14,ORD-2024-003290,P00865,T12,SF006,Toko,2,4230000,0.0,
2024-12-15,ORD-2024-003046,P00643,T13,KR007,Online,1,1690000,0.0,550000
2024-12-15,ORD-2024-003116,P00879,T13,DK005,Online,1,430000,12.8,50000
2024-12-15,ORD-2024-003157,P00096,T13,KR032,Online,1,2340000,15.6,110000
2024-12-15,ORD-2024-003183,P00996,T09,PD011,Marketplace,1,750000,0.0,580000
2024-12-15,ORD-2024-003183,P00996,T09,MJ043,Marketplace,1,4010000,13.0,400000
2024-12-15,ORD-2024-003184,P02062,T13,DK007,Online,3,900000,0.0,390000
2024-12-15,ORD-2024-003184,P02062,T13,MJ046,Online,1,2600000,0.0,50000
2024-12-15,ORD-2024-003200,P02321,T03,KR046,Marketplace,3,1210000,10.6,100000
2024-12-15,ORD-2024-003203,P00973,T13,DK027,Online,1,630000,0.0,430000
2024-12-15,ORD-2024-003219,P01447,T06,PD016,Toko,2,1080000,20.4,
2024-12-15,ORD-2024-003219,P01447,T06,SF028,Toko,1,6980000,14.5,
2024-12-16,ORD-2024-003130,P01841,T04,LM004,Marketplace,1,4320000,0.0,490000
2024-12-16,ORD-2024-003154,P02159,T13,LM036,Online,1,4150000,9.1,260000
2024-12-16,ORD-2024-003163,P01654,T10,SF016,Toko,2,10420000,0.0,
2024-12-16,ORD-2024-003231,P03178,T01,PC014,Toko,1,1800000,11.2,
2024-12-16,ORD-2024-003231,P03178,T01,KR011,Toko,2,1570000,10.5,
2024-12-16,ORD-2024-003231,P03178,T01,KR033,Toko,1,3030000,20.2,
2024-12-16,ORD-2024-003231,P03178,T01,DK034,Toko,2,830000,13.6,
2024-12-16,ORD-2024-003335,P02363,T09,DK038,Toko,2,530000,19.9,
2024-12-16,ORD-2024-003342,P02549,T08,SF004,Toko,2,7400000,13.8,
2024-12-16,ORD-2024-003342,P02549,T08,MJ032,Toko,1,5400000,15.7,
2024-12-17,ORD-2024-003055,P00401,T13,MJ007,Online,1,5590000,10.0,400000
2024-12-17,ORD-2024-003105,P01459,T13,DK004,Online,1,1240000,14.4,420000
2024-12-17,ORD-2024-003106,,T08,KR023,Toko,2,1270000,16.7,
2024-12-17,ORD-2024-003135,P00135,T10,MJ037,Toko,3,3320000,21.9,
2024-12-17,ORD-2024-003170,P00551,T01,SF012,Marketplace,1,7980000,11.7,130000
2024-12-17,ORD-2024-003170,P00551,T01,LM032,Marketplace,1,4960000,10.3,540000
2024-12-17,ORD-2024-003172,P00239,T04,DK028,Marketplace,2,730000,12.5,450000
2024-12-17,ORD-2024-003172,P00239,T04,MJ014,Marketplace,2,4970000,15.4,360000
2024-12-17,ORD-2024-003179,P01133,T01,PD024,Marketplace,4,1130000,19.9,60000
2024-12-17,ORD-2024-003179,P01133,T01,DK029,Marketplace,1,500000,16.3,150000
2024-12-17,ORD-2024-003191,P03042,T13,KR039,Online,1,2460000,13.7,260000
2024-12-17,ORD-2024-003210,P01798,T13,KR026,Online,2,2860000,15.2,550000
2024-12-17,ORD-2024-003227,P02483,T13,LM007,Online,1,4350000,0.0,200000
2024-12-17,ORD-2024-003227,P02483,T13,PC014,Online,1,1800000,13.1,130000
2024-12-17,ORD-2024-003234,P01392,T13,PC032,Online,1,470000,19.6,440000
2024-12-17,ORD-2024-003272,P01738,T13,PC019,Online,1,1840000,20.1,90000
2024-12-17,ORD-2024-003312,P00925,T08,DK014,Toko,1,890000,10.1,
2024-12-17,ORD-2024-003321,P02832,T01,KS028,Toko,1,7780000,25.5,
2024-12-17,ORD-2024-003345,P00149,T13,PD007,Online,2,770000,13.9,200000
2024-12-18,ORD-2024-003020,P02708,T13,KR007,Online,1,1690000,16.5,390000
2024-12-18,ORD-2024-003035,P03426,T03,PD012,Toko,1,1500000,12.2,
2024-12-18,ORD-2024-003035,P03426,T03,KS007,Toko,1,6100000,14.8,
2024-12-18,ORD-2024-003080,P02156,T13,PC028,Online,1,2190000,12.8,
2024-12-18,ORD-2024-003080,P02156,T13,LM038,Online,1,5010000,10.4,310000
2024-12-18,ORD-2024-003080,P02156,T13,DK016,Online,1,730000,13.4,370000
2024-12-18,ORD-2024-003080,P02156,T13,SF002,Online,1,5950000,8.7,400000
2024-12-18,ORD-2024-003088,P02520,T13,DK016,Online,1,730000,8.4,270000
2024-12-18,ORD-2024-003088,P02520,T13,PD021,Online,2,660000,14.8,300000
2024-12-18,ORD-2024-003088,P02520,T13,DK001,Online,1,530000,12.9,370000
2024-12-18,ORD-2024-003168,P00961,T02,PC032,Toko,2,470000,10.6,
2024-12-18,ORD-2024-003195,P00864,T13,KS030,Online,1,3860000,13.8,250000
2024-12-18,ORD-2024-003195,P00864,T13,KR046,Online,2,1210000,19.9,440000
2024-12-18,ORD-2024-003196,P00156,T07,PC026,Toko,1,860000,16.8,
2024-12-18,ORD-2024-003252,P01900,T13,KR018,Online,4,1090000,0.0,490000
2024-12-18,ORD-2024-003277,P01382,T02,KR038,Toko,2,2240000,0.0,
2024-12-18,ORD-2024-003277,P01382,T02,DK004,Toko,3,1240000,17.8,
2024-12-18,ORD-2024-003277,P01382,T02,MJ034,Toko,4,6280000,0.0,
2024-12-18,ORD-2024-003287,P02478,T13,KR020,Online,1,1970000,19.7,570000
2024-12-18,ORD-2024-003287,P02478,T13,MJ017,Online,1,3280000,14.0,210000
2024-12-18,ORD-2024-003287,P02478,T13,PC014,Online,1,1800000,0.0,320000
2024-12-18,ORD-2024-003303,P02975,T13,LM036,Online,1,4150000,8.3,400000
2024-12-18,ORD-2024-003343,P00765,T01,MJ032,Toko,1,5400000,11.9,
2024-12-18,ORD-2024-003343,P00765,T01,PC024,Toko,1,850000,10.5,
2024-12-18,ORD-2024-003343,P00765,T01,PC007,Toko,1,1510000,15.1,
2024-12-19,ORD-2024-003033,P02763,T07,PC024,Marketplace,1,850000,20.7,500000
2024-12-19,ORD-2024-003079,P02544,T04,PC029,Toko,2,1900000,14.6,
2024-12-19,ORD-2024-003079,P02544,T04,KR035,Toko,1,1760000,22.7,
2024-12-19,ORD-2024-003079,P02544,T04,LM016,Toko,1,16110000,7.1,
2024-12-19,ORD-2024-003083,P02884,T06,PC013,Toko,1,1410000,13.7,
2024-12-19,ORD-2024-003083,P02884,T06,PD006,Toko,1,970000,14.9,
2024-12-19,ORD-2024-003083,P02884,T06,LM021,Toko,1,7550000,15.4,
2024-12-19,ORD-2024-003119,P01870,T13,DK002,Online,3,490000,16.1,380000
2024-12-19,ORD-2024-003129,P03192,T11,KR004,Toko,2,1790000,5.5,
2024-12-19,ORD-2024-003167,P00233,T06,LM036,Toko,1,4150000,17.9,110000
2024-12-19,ORD-2024-003224,P02886,T06,SF002,Toko,1,5950000,8.5,
2024-12-19,ORD-2024-003224,P02886,T06,MJ043,Toko,1,4010000,13.2,
2024-12-19,ORD-2024-003224,P02886,T06,MJ013,Toko,3,2960000,16.3,
2024-12-19,ORD-2024-003224,P02886,T06,DK037,Toko,1,540000,21.4,
2024-12-19,ORD-2024-003240,P00396,T13,PC010,Online,2,1240000,17.8,80000
2024-12-19,ORD-2024-003271,P02737,T11,DK006,Toko,1,2070000,0.0,
2024-12-19,ORD-2024-003286,P00961,T05,DK020,Toko,1,690000,0.0,
2024-12-19,ORD-2024-003295,P01233,T13,KR048,Online,2,5130000,17.6,450000
2024-12-19,ORD-2024-003295,P01233,T13,PD007,Online,3,770000,0.0,60000
2024-12-19,ORD-2024-003295,P01233,T13,DK029,Online,2,500000,9.5,110000
2024-12-19,ORD-2024-003300,P02841,T01,SF039,Marketplace,1,6120000,0.0,170000
2024-12-19,ORD-2024-003313,P02186,T09,MJ034,Toko,1,6280000,17.3,
2024-12-19,ORD-2024-003313,P02186,T09,KR034,Toko,3,2350000,12.3,
2024-12-20,ORD-2024-003092,P03078,T13,PC021,Online,1,4550000,18.0,220000
2024-12-20,ORD-2024-003145,P01844,T13,DK005,Online,1,430000,0.0,210000
2024-12-20,ORD-2024-003145,P01844,T13,MJ005,Online,1,4030000,19.5,180000
2024-12-20,ORD-2024-003160,P00210,T13,PD015,Online,1,750000,16.9,80000
2024-12-20,ORD-2024-003160,P00210,T13,PC007,Online,1,1510000,15.6,360000
2024-12-20,ORD-2024-003251,P01441,T13,PC031,Online,4,1660000,17.2,480000
2024-12-20,ORD-2024-003251,P01441,T13,DK024,Online,1,930000,18.4,110000
2024-12-20,ORD-2024-003251,P01441,T13,KR007,Online,1,1690000,14.4,310000
2024-12-20,ORD-2024-003325,P01504,T13,KS031,Online,1,4390000,9.1,480000
2024-12-21,ORD-2024-003062,,T03,PD023,Toko,1,1090000,17.5,
2024-12-21,ORD-2024-003062,,T03,KR043,Toko,1,5270000,9.3,
2024-12-21,ORD-2024-003062,,T03,PD011,Toko,4,750000,0.0,
2024-12-21,ORD-2024-003086,P03322,T13,DK032,Online,1,340000,12.8,140000
2024-12-21,ORD-2024-003086,P03322,T13,DK020,Online,1,690000,18.0,490000
2024-12-21,ORD-2024-003086,P03322,T13,PD011,Online,1,750000,14.2,450000
2024-12-21,ORD-2024-003125,P00442,T13,KR025,Online,1,3670000,16.9,440000
2024-12-21,ORD-2024-003125,P00442,T13,LM015,Online,1,3180000,13.6,330000
2024-12-21,ORD-2024-003138,P00774,T02,DK032,Toko,2,340000,14.0,
2024-12-21,ORD-2024-003138,P00774,T02,PC021,Toko,2,4550000,11.2,
2024-12-21,ORD-2024-003228,P00298,T13,KR048,Online,3,5130000,0.0,90000
2024-12-21,ORD-2024-003228,P00298,T13,PD008,Online,1,970000,16.6,240000
2024-12-21,ORD-2024-003228,P00298,T13,DK038,Online,1,530000,12.3,60000
2024-12-21,ORD-2024-003228,P00298,T13,KS008,Online,1,5690000,0.0,230000
2024-12-21,ORD-2024-003230,P02856,T01,KR003,Toko,1,1440000,13.3,
2024-12-21,ORD-2024-003260,,T05,DK034,Toko,1,830000,0.0,
2024-12-21,ORD-2024-003260,,T05,LM007,Toko,1,4350000,14.9,
2024-12-21,ORD-2024-003269,P01574,T09,KR030,Toko,1,3050000,6.1,
2024-12-21,ORD-2024-003315,P00470,T02,PC025,Toko,4,1800000,8.0,190000
2024-12-21,ORD-2024-003316,P03209,T02,LM037,Toko,1,3800000,15.8,
2024-12-22,ORD-2024-003044,P01856,T13,DK021,Online,1,1010000,23.4,80000
2024-12-22,ORD-2024-003044,P01856,T13,KR022,Online,1,2200000,16.7,
2024-12-22,ORD-2024-003044,P01856,T13,KS022,Online,2,13060000,13.7,420000
2024-12-22,ORD-2024-003113,P00261,T08,PD026,Marketplace,1,520000,9.7,330000
2024-12-22,ORD-2024-003152,P02236,T13,SF029,Online,1,7520000,0.0,160000
2024-12-22,ORD-2024-003152,P02236,T13,PC005,Online,3,660000,0.0,50000
2024-12-22,ORD-2024-003180,P03402,T13,KS011,Online,2,17850000,15.4,290000
2024-12-22,ORD-2024-003254,P02348,T08,DK035,Toko,1,400000,7.2,200000
2024-12-22,ORD-2024-003254,P02348,T08,DK023,Toko,1,770000,3.5,
2024-12-22,ORD-2024-003254,P02348,T08,KS009,Toko,1,11180000,14.1,
2024-12-22,ORD-2024-003291,P02251,T13,LM012,Online,3,7130000,16.5,460000
2024-12-22,ORD-2024-003334,,T02,DK035,Toko,1,400000,10.3,
2024-12-22,ORD-2024-003349,P00374,T09,PC018,Toko,1,1420000,13.9,
2024-12-23,ORD-2024-003050,,T03,PD014,Toko,2,1590000,15.1,
2024-12-23,ORD-2024-003051,P01085,T13,MJ025,Online,1,5470000,10.7,310000
2024-12-23,ORD-2024-003090,P00879,T09,PC020,Marketplace,1,2530000,10.9,570000
2024-12-23,ORD-2024-003115,P02065,T13,PC029,Online,2,1900000,14.0,320000
2024-12-23,ORD-2024-003162,P00211,T01,LM005,Marketplace,1,6890000,13.6,
2024-12-23,ORD-2024-003202,P02932,T13,DK003,Online,1,420000,18.1,470000
2024-12-23,ORD-2024-003204,P02806,T13,PD020,Online,1,920000,0.0,90000
2024-12-23,ORD-2024-003212,P01427,T06,LM009,Marketplace,3,2210000,9.2,120000
2024-12-23,ORD-2024-003258,P00217,T13,PD023,Online,1,1090000,11.3,330000
2024-12-23,ORD-2024-003305,P03000,T10,DK018,Toko,1,1000000,13.3,
2024-12-23,ORD-2024-003311,P02689,T01,PC020,Toko,1,2530000,20.3,
2024-12-24,ORD-2024-003071,P01028,T13,SF019,Online,1,8050000,14.3,280000
2024-12-24,ORD-2024-003071,P01028,T13,DK018,Online,4,1000000,12.8,400000
2024-12-24,ORD-2024-003124,P02294,T09,KR011,Toko,1,1570000,0.0,
2024-12-24,ORD-2024-003124,P02294,T09,PD008,Toko,4,970000,18.9,
2024-12-24,ORD-2024-003164,,T04,DK002,Toko,1,490000,13.4,
2024-12-24,ORD-2024-003176,P02854,T03,KS022,Marketplace,1,13060000,4.2,510000
2024-12-24,ORD-2024-003188,,T01,PD025,Toko,1,1100000,12.2,
2024-12-24,ORD-2024-003221,P00302,T13,PD021,Online,1,660000,14.3,460000
2024-12-24,ORD-2024-003221,P00302,T13,LM036,Online,1,4150000,11.2,380000
2024-12-24,ORD-2024-003221,P00302,T13,MJ014,Online,1,4970000,15.1,50000
2024-12-24,ORD-2024-003226,P00323,T13,KS019,Online,2,7170000,14.3,420000
2024-12-24,ORD-2024-003276,P02991,T13,SF031,Online,2,3420000,5.1,60000
2024-12-24,ORD-2024-003276,P02991,T13,DK038,Online,2,530000,15.1,240000
2024-12-24,ORD-2024-003282,P02396,T09,KS034,Toko,1,6400000,15.7,
2024-12-24,ORD-2024-003282,P02396,T09,KS005,Toko,1,13120000,9.6,250000
2024-12-24,ORD-2024-003294,P03282,T13,DK029,Online,1,500000,17.9,110000
2024-12-25,ORD-2024-003048,P03393,T02,PC010,Toko,1,1240000,17.6,
2024-12-25,ORD-2024-003048,P03393,T02,DK035,Toko,2,400000,11.2,
2024-12-25,ORD-2024-003070,P02767,T13,KR004,Online,1,1790000,10.7,530000
2024-12-25,ORD-2024-003070,P02767,T13,SF021,Online,2,9200000,14.6,240000
2024-12-25,ORD-2024-003070,P02767,T13,PD020,Online,4,920000,19.9,80000
2024-12-25,ORD-2024-003096,P00145,T13,DK034,Online,1,830000,0.0,150000
2024-12-25,ORD-2024-003096,P00145,T13,LM036,Online,1,4150000,0.0,580000
2024-12-25,ORD-2024-003141,P01914,T13,DK037,Online,4,540000,12.8,380000
2024-12-25,ORD-2024-003181,P00386,T03,DK006,Toko,1,2070000,0.0,
2024-12-25,ORD-2024-003181,P00386,T03,PD014,Toko,1,1590000,8.7,
2024-12-25,ORD-2024-003190,P01676,T13,DK019,Online,3,860000,15.2,100000
2024-12-25,ORD-2024-003223,P03086,T01,DK026,Marketplace,1,1170000,18.1,250000
2024-12-25,ORD-2024-003223,P03086,T01,KR035,Marketplace,2,1760000,10.0,360000
2024-12-25,ORD-2024-003223,P03086,T01,LM030,Marketplace,1,5720000,13.6,120000
2024-12-25,ORD-2024-003285,P00748,T13,KR026,Online,1,2860000,0.0,160000
2024-12-25,ORD-2024-003285,P00748,T13,PC017,Online,2,1720000,17.5,440000
2024-12-25,ORD-2024-003293,P01827,T03,SF038,Toko,1,6260000,15.2,
2024-12-25,ORD-2024-003296,P00052,T13,KR015,Online,2,2050000,13.0,290000
2024-12-25,ORD-2024-003296,P00052,T13,SF009,Online,1,11780000,22.8,310000
2024-12-25,ORD-2024-003296,P00052,T13,DK043,Online,4,760000,12.6,160000
2024-12-25,ORD-2024-003320,P01111,T04,PD003,Marketplace,1,1200000,15.9,340000
2024-12-25,ORD-2024-003320,P01111,T04,LM032,Marketplace,1,4960000,14.3,560000
2024-12-25,ORD-2024-003337,P01325,T03,KS023,Toko,1,13410000,14.9,
2024-12-25,ORD-2024-003337,P01325,T03,PD007,Toko,1,770000,11.7,
2024-12-25,ORD-2024-003337,P01325,T03,MJ045,Toko,1,2740000,18.5,
2024-12-26,ORD-2024-003032,P02404,T13,SF001,Online,3,7750000,13.7,490000
2024-12-26,ORD-2024-003151,P01666,T11,KR029,Toko,2,5120000,16.7,
2024-12-26,ORD-2024-003174,P00971,T12,KR043,Marketplace,3,5270000,19.7,500000
2024-12-26,ORD-2024-003177,P00829,T13,KR043,Online,2,5270000,16.0,390000
2024-12-26,ORD-2024-003182,P00341,T13,MJ011,Online,1,6920000,13.1,430000
2024-12-26,ORD-2024-003189,P02806,T11,DK033,Toko,1,220000,11.6,
2024-12-26,ORD-2024-003197,P03085,T13,DK001,Online,1,530000,14.3,180000
2024-12-26,ORD-2024-003197,P03085,T13,PD017,Online,1,2370000,0.0,350000
2024-12-26,ORD-2024-003232,P02468,T13,KR044,Online,1,2280000,0.0,350000
2024-12-26,ORD-2024-003232,P02468,T13,DK009,Online,3,990000,17.6,530000
2024-12-26,ORD-2024-003261,P01246,T13,DK012,Online,1,960000,18.3,340000
2024-12-26,ORD-2024-003261,P01246,T13,KS032,Online,2,9280000,0.0,290000
2024-12-26,ORD-2024-003283,P02614,T13,KS012,Online,1,11030000,13.1,190000
2024-12-27,ORD-2024-003076,P01285,T06,MJ011,Toko,3,6920000,7.6,
2024-12-27,ORD-2024-003109,P00229,T08,SF007,Toko,1,10370000,17.0,
2024-12-27,ORD-2024-003120,P03250,T01,PC002,Toko,1,1740000,14.0,
2024-12-27,ORD-2024-003166,P03373,T13,PD003,Online,1,1200000,0.0,480000
2024-12-27,ORD-2024-003229,P01310,T13,DK038,Online,1,530000,10.5,440000
2024-12-27,ORD-2024-003229,P01310,T13,MJ017,Online,1,3280000,12.3,510000
2024-12-27,ORD-2024-003307,P00608,T13,KR046,Online,2,1210000,0.0,510000
2024-12-27,ORD-2024-003346,P00246,T13,LM020,Online,1,8740000,19.5,530000
2024-12-28,ORD-2024-003024,P03132,T03,KR022,Toko,1,2200000,0.0,
2024-12-28,ORD-2024-003024,P03132,T03,PC026,Toko,1,860000,8.0,
2024-12-28,ORD-2024-003024,P03132,T03,DK032,Toko,2,340000,15.3,
2024-12-28,ORD-2024-003142,P01223,T13,DK024,Online,1,930000,0.0,350000
2024-12-28,ORD-2024-003159,P02006,T13,KR046,Online,1,1210000,21.8,530000
2024-12-28,ORD-2024-003159,P02006,T13,DK036,Online,1,510000,0.0,520000
2024-12-28,ORD-2024-003186,P02010,T09,DK043,Toko,1,760000,12.1,
2024-12-28,ORD-2024-003186,P02010,T09,DK020,Toko,1,690000,6.4,
2024-12-28,ORD-2024-003186,P02010,T09,DK032,Toko,1,340000,15.7,
2024-12-28,ORD-2024-003201,P01267,T06,PC016,Toko,1,1760000,0.0,
2024-12-28,ORD-2024-003201,P01267,T06,KR046,Toko,1,1210000,10.0,
2024-12-28,ORD-2024-003214,,T11,DK034,Toko,1,830000,17.5,220000
2024-12-28,ORD-2024-003214,,T11,SF010,Toko,2,18330000,22.4,
2024-12-28,ORD-2024-003247,P02995,T01,KR031,Toko,2,2350000,21.7,
2024-12-28,ORD-2024-003248,P00955,T12,DK019,Toko,1,860000,14.7,
2024-12-28,ORD-2024-003248,P00955,T12,DK008,Toko,1,910000,25.8,
2024-12-29,ORD-2024-003023,P02728,T13,SF013,Online,1,16570000,17.4,360000
2024-12-29,ORD-2024-003023,P02728,T13,DK018,Online,1,1000000,17.3,530000
2024-12-29,ORD-2024-003036,P02072,T13,PC025,Online,1,1800000,17.0,330000
2024-12-29,ORD-2024-003036,P02072,T13,SF022,Online,1,7310000,9.2,230000
2024-12-29,ORD-2024-003053,P03287,T13,DK020,Online,1,690000,19.7,100000
2024-12-29,ORD-2024-003072,P01892,T10,KR016,Toko,1,3780000,0.0,
2024-12-29,ORD-2024-003085,,T06,SF033,Toko,2,9380000,12.7,
2024-12-29,ORD-2024-003102,P03049,T13,KR008,Online,1,2800000,12.7,120000
2024-12-29,ORD-2024-003102,P03049,T13,LM007,Online,1,4350000,0.0,150000
2024-12-29,ORD-2024-003102,P03049,T13,DK012,Online,1,960000,4.8,250000
2024-12-29,ORD-2024-003107,P02433,T01,LM038,Toko,2,5010000,13.0,
2024-12-29,ORD-2024-003121,P01903,T03,DK008,Toko,1,910000,15.5,
2024-12-29,ORD-2024-003121,P01903,T03,KS015,Toko,1,7280000,11.9,
2024-12-29,ORD-2024-003147,P02323,T05,KR047,Marketplace,1,4470000,12.7,150000
2024-12-29,ORD-2024-003147,P02323,T05,DK002,Marketplace,1,490000,0.0,80000
2024-12-29,ORD-2024-003216,P00490,T13,LM002,Online,1,5960000,15.4,500000
2024-12-29,ORD-2024-003244,P01562,T13,DK009,Online,1,990000,14.2,580000
2024-12-29,ORD-2024-003278,P03088,T04,PD025,Toko,4,1100000,13.1,
2024-12-29,ORD-2024-003301,P02263,T02,DK037,Marketplace,1,540000,22.2,200000
2024-12-29,ORD-2024-003302,P01079,T05,PD006,Toko,1,970000,15.7,
2024-12-29,ORD-2024-003302,P01079,T05,SF012,Toko,1,7980000,12.6,410000
2024-12-29,ORD-2024-003322,P03436,T08,DK022,Toko,2,550000,0.0,
2024-12-29,ORD-2024-003336,P01609,T04,LM015,Toko,1,3180000,18.4,
2024-12-30,ORD-2024-003030,P01584,T12,SF014,Toko,3,11630000,17.8,
2024-12-30,ORD-2024-003030,P01584,T12,KR018,Toko,1,1090000,0.0,
2024-12-30,ORD-2024-003091,P03263,T13,DK022,Online,1,550000,0.0,490000
2024-12-30,ORD-2024-003104,P02068,T13,PC031,Online,1,1660000,18.6,390000
2024-12-30,ORD-2024-003110,P01542,T13,DK033,Online,1,220000,13.2,250000
2024-12-30,ORD-2024-003137,P00455,T12,DK038,Marketplace,1,530000,14.6,160000
2024-12-30,ORD-2024-003137,P00455,T12,PD009,Marketplace,1,840000,12.2,150000
2024-12-30,ORD-2024-003137,P00455,T12,PC001,Marketplace,1,1430000,11.3,210000
2024-12-30,ORD-2024-003137,P00455,T12,KR024,Marketplace,3,3000000,13.3,290000
2024-12-30,ORD-2024-003211,P03421,T10,MJ013,Toko,1,2960000,9.0,
2024-12-30,ORD-2024-003217,P01389,T05,DK031,Marketplace,1,800000,20.6,50000
2024-12-30,ORD-2024-003217,P01389,T05,MJ008,Marketplace,1,3030000,17.0,580000
2024-12-30,ORD-2024-003220,P01557,T04,LM012,Toko,4,7130000,12.7,
2024-12-30,ORD-2024-003328,P01406,T09,KR015,Marketplace,1,2050000,23.9,300000
2024-12-31,ORD-2024-003022,P01990,T13,MJ018,Online,2,3700000,12.6,90000
2024-12-31,ORD-2024-003031,P00333,T01,SF014,Marketplace,1,11630000,10.4,
2024-12-31,ORD-2024-003042,P02824,T13,KS007,Online,1,6100000,0.0,570000
2024-12-31,ORD-2024-003042,P02824,T13,DK023,Online,2,770000,10.4,310000
2024-12-31,ORD-2024-003054,P02636,T04,MJ009,Toko,1,2670000,16.6,
2024-12-31,ORD-2024-003054,P02636,T04,DK037,Toko,1,540000,0.0,
2024-12-31,ORD-2024-003054,P02636,T04,LM013,Toko,1,3180000,0.0,
2024-12-31,ORD-2024-003068,P00364,T06,PC012,Toko,1,1870000,10.4,
2024-12-31,ORD-2024-003068,P00364,T06,LM008,Toko,1,5080000,13.0,
2024-12-31,ORD-2024-003073,P00744,T05,MJ012,Toko,1,11220000,0.0,
2024-12-31,ORD-2024-003185,P00503,T03,MJ039,Toko,1,6590000,10.4,
2024-12-31,ORD-2024-003207,P00033,T13,PD011,Online,1,750000,17.0,440000
2024-12-31,ORD-2024-003207,P00033,T13,MJ018,Online,2,3700000,14.2,280000
2024-12-31,ORD-2024-003207,P00033,T13,DK023,Online,1,770000,13.2,290000
2024-12-31,ORD-2024-003250,P01723,T13,SF024,Online,1,3520000,22.0,520000
2024-12-31,ORD-2024-003267,P01813,T01,MJ023,Toko,2,8100000,12.3,
2024-12-31,ORD-2024-003267,P01813,T01,MJ036,Toko,1,3410000,10.8,
2024-12-31,ORD-2024-003304,P02800,T13,DK037,Online,1,540000,12.2,140000
2024-12-31,ORD-2024-003329,P02749,T02,SF013,Marketplace,1,16570000,9.4,300000
2025-01-01,ORD-2025-003364,P01253,T13,PD011,Online,1,750000,19.5,160000
2025-01-01,ORD-2025-003364,P01253,T13,DK001,Online,1,530000,10.2,510000
2025-01-01,ORD-2025-003381,P03133,T09,DK035,Marketplace,4,400000,11.9,490000
2025-01-01,ORD-2025-003381,P03133,T09,MJ027,Marketplace,1,3790000,10.1,400000
2025-01-01,ORD-2025-003461,P02177,T11,DK039,Toko,1,870000,0.0,
2025-01-01,ORD-2025-003568,P03405,T13,PD017,Online,1,2370000,10.0,410000
2025-01-01,ORD-2025-003568,P03405,T13,SF037,Online,1,10360000,16.4,510000
2025-01-01,ORD-2025-003568,P03405,T13,DK029,Online,1,500000,17.9,200000
2025-01-01,ORD-2025-003568,P03405,T13,KS006,Online,1,8770000,14.2,340000
2025-01-01,ORD-2025-003608,P02920,T13,SF016,Online,1,10420000,0.0,270000
2025-01-02,ORD-2025-003360,P03328,T06,SF004,Marketplace,1,7400000,13.1,170000
2025-01-02,ORD-2025-003360,P03328,T06,DK024,Marketplace,1,930000,15.0,380000
2025-01-02,ORD-2025-003360,P03328,T06,PD015,Marketplace,1,750000,0.0,560000
2025-01-02,ORD-2025-003399,P00765,T09,KS031,Toko,1,4390000,8.9,
2025-01-02,ORD-2025-003450,P02031,T05,PC031,Toko,1,1660000,8.8,
2025-01-02,ORD-2025-003452,P00722,T07,MJ025,Toko,1,5470000,7.0,
2025-01-02,ORD-2025-003549,P00367,T13,SF012,Online,2,7980000,11.7,210000
2025-01-02,ORD-2025-003573,P01942,T11,PC026,Toko,1,860000,0.0,
2025-01-03,ORD-2025-003361,P01488,T13,DK020,Online,1,690000,13.0,580000
2025-01-03,ORD-2025-003383,P01821,T13,DK036,Online,1,510000,0.0,450000
2025-01-03,ORD-2025-003417,P01045,T09,PC009,Marketplace,1,1490000,12.1,270000
2025-01-03,ORD-2025-003428,P01258,T09,PD010,Marketplace,1,450000,10.8,390000
2025-01-03,ORD-2025-003433,P02960,T02,SF025,Toko,1,5340000,0.0,
2025-01-03,ORD-2025-003434,P02226,T01,MJ032,Toko,2,5400000,7.5,140000
2025-01-03,ORD-2025-003460,,T08,PD010,Toko,2,450000,15.5,
2025-01-03,ORD-2025-003512,P01986,T01,MJ036,Marketplace,2,3410000,5.0,370000
2025-01-03,ORD-2025-003530,,T01,MJ017,Toko,1,3280000,16.0,
2025-01-03,ORD-2025-003534,P03292,T13,LM040,Online,1,9610000,15.2,280000
2025-01-03,ORD-2025-003534,P03292,T13,DK018,Online,1,1000000,0.0,410000
2025-01-03,ORD-2025-003534,P03292,T13,DK036,Online,1,510000,0.0,450000
2025-01-03,ORD-2025-003577,P02932,T03,LM019,Toko,4,5540000,11.4,
2025-01-03,ORD-2025-003595,P03252,T02,KS014,Toko,1,6440000,8.4,
2025-01-03,ORD-2025-003595,P03252,T02,KR047,Toko,1,4470000,11.6,
2025-01-03,ORD-2025-003601,P01108,T06,DK010,Toko,1,690000,5.9,
2025-01-03,ORD-2025-003601,P01108,T06,DK001,Toko,1,530000,10.3,
2025-01-03,ORD-2025-003601,P01108,T06,DK011,Toko,1,2070000,9.9,
2025-01-03,ORD-2025-003601,P01108,T06,DK012,Toko,2,960000,13.0,
2025-01-03,ORD-2025-003602,P03202,T13,DK006,Online,1,2070000,23.8,590000
2025-01-03,ORD-2025-003602,P03202,T13,PC008,Online,1,1830000,0.0,200000
2025-01-03,ORD-2025-003602,P03202,T13,PD002,Online,1,1150000,2.3,430000
2025-01-04,ORD-2025-003362,P03137,T13,KR037,Online,1,2790000,8.7,390000
2025-01-04,ORD-2025-003393,P03303,T01,PC023,Toko,1,1920000,8.9,
2025-01-04,ORD-2025-003420,P02826,T13,KR032,Online,1,2340000,6.6,540000
2025-01-04,ORD-2025-003420,P02826,T13,PD019,Online,1,1260000,0.0,360000
2025-01-04,ORD-2025-003462,P03237,T12,DK036,Toko,1,510000,8.8,
2025-01-04,ORD-2025-003462,P03237,T12,DK028,Toko,2,730000,21.4,
2025-01-04,ORD-2025-003470,P02333,T07,PC009,Toko,1,1490000,0.0,
2025-01-04,ORD-2025-003474,P00491,T09,PC019,Toko,2,1840000,16.8,
2025-01-04,ORD-2025-003495,P03379,T13,MJ035,Online,1,5190000,13.6,490000
2025-01-04,ORD-2025-003495,P03379,T13,DK025,Online,1,660000,7.5,210000
2025-01-04,ORD-2025-003500,P02995,T13,KS017,Online,2,15120000,14.8,100000
2025-01-04,ORD-2025-003500,P02995,T13,PC017,Online,1,1720000,13.2,450000
2025-01-04,ORD-2025-003500,P02995,T13,MJ037,Online,1,3320000,9.7,240000
2025-01-04,ORD-2025-003500,P02995,T13,KS007,Online,2,6100000,4.8,490000
2025-01-04,ORD-2025-003532,P01531,T13,KR029,Online,1,5120000,0.0,270000
2025-01-04,ORD-2025-003552,P00592,T01,DK032,Toko,1,340000,15.1,
2025-01-04,ORD-2025-003552,P00592,T01,SF042,Toko,1,4260000,12.5,
2025-01-04,ORD-2025-003552,P00592,T01,LM035,Toko,1,11500000,0.0,440000
2025-01-04,ORD-2025-003583,P01165,T03,KR017,Toko,1,4540000,12.7,
2025-01-04,ORD-2025-003585,P01934,T03,DK030,Toko,1,930000,0.0,
2025-01-05,ORD-2025-003382,P02539,T13,PC007,Online,1,1510000,12.8,430000
2025-01-05,ORD-2025-003382,P02539,T13,PD017,Online,1,2370000,0.0,180000
2025-01-05,ORD-2025-003407,P01100,T13,KS001,Online,4,9740000,12.2,100000
2025-01-05,ORD-2025-003480,P01147,T03,PC005,Toko,1,660000,9.2,
2025-01-05,ORD-2025-003483,P01550,T11,PC007,Toko,3,1510000,6.7,80000
2025-01-05,ORD-2025-003483,P01550,T11,KS004,Toko,1,10560000,10.4,
2025-01-05,ORD-2025-003493,,T03,DK032,Toko,2,340000,0.0,
2025-01-05,ORD-2025-003493,,T03,DK020,Toko,1,690000,0.0,
2025-01-05,ORD-2025-003517,P00762,T13,DK007,Online,1,900000,0.0,90000
2025-01-05,ORD-2025-003517,P00762,T13,DK012,Online,1,960000,7.1,240000
2025-01-05,ORD-2025-003594,P02438,T01,PD026,Marketplace,1,520000,13.0,580000
2025-01-05,ORD-2025-003594,P02438,T01,KS006,Marketplace,1,8770000,10.1,500000
2025-01-06,ORD-2025-003357,P00672,T13,SF010,Online,1,18330000,14.8,560000
2025-01-06,ORD-2025-003366,P01260,T13,SF037,Online,1,10360000,0.0,290000
2025-01-06,ORD-2025-003380,P01063,T09,PD009,Toko,1,840000,3.4,
2025-01-06,ORD-2025-003510,P00410,T07,DK002,Toko,1,490000,8.7,
2025-01-06,ORD-2025-003545,P02622,T13,PC008,Online,1,1830000,13.7,140000
2025-01-06,ORD-2025-003559,P01566,T13,DK036,Online,1,510000,11.6,400000
2025-01-06,ORD-2025-003564,P00631,T13,PD017,Online,1,2370000,5.6,70000
2025-01-06,ORD-2025-003590,P03034,T13,KR007,Online,1,1690000,12.9,100000
2025-01-06,ORD-2025-003590,P03034,T13,KR014,Online,1,3530000,10.7,260000
2025-01-06,ORD-2025-003590,P03034,T13,KS034,Online,2,6400000,11.0,500000
2025-01-07,ORD-2025-003374,P00609,T13,KR036,Online,1,2360000,16.1,230000
2025-01-07,ORD-2025-003376,P01297,T13,PC010,Online,2,1240000,12.9,480000
2025-01-07,ORD-2025-003395,P00083,T04,MJ027,Toko,1,3790000,0.0,
2025-01-07,ORD-2025-003427,P01419,T12,KR003,Toko,1,1440000,0.0,
2025-01-07,ORD-2025-003459,P01796,T13,SF009,Online,1,11780000,0.0,120000
2025-01-07,ORD-2025-003476,P03179,T03,DK042,Toko,3,1280000,9.7,
2025-01-07,ORD-2025-003484,P01066,T13,DK021,Online,3,1010000,13.1,50000
2025-01-07,ORD-2025-003489,P01666,T13,SF035,Online,3,5970000,12.5,400000
2025-01-07,ORD-2025-003520,P01405,T13,DK003,Online,3,420000,0.0,
2025-01-07,ORD-2025-003520,P01405,T13,KS030,Online,1,3860000,14.2,150000
2025-01-07,ORD-2025-003536,P01881,T03,SF020,Toko,1,9700000,4.5,210000
2025-01-07,ORD-2025-003562,P02739,T09,LM040,Toko,1,9610000,9.8,
2025-01-07,ORD-2025-003562,P02739,T09,KS005,Toko,1,13120000,12.3,
2025-01-08,ORD-2025-003363,P01209,T04,DK015,Toko,1,1390000,0.0,
2025-01-08,ORD-2025-003501,P03441,T09,MJ029,Marketplace,4,2890000,13.0,430000
2025-01-08,ORD-2025-003504,P00503,T12,KS018,Toko,3,7410000,4.5,
2025-01-08,ORD-2025-003523,P00414,T13,DK035,Online,1,400000,12.1,320000
2025-01-08,ORD-2025-003561,P02184,T13,MJ013,Online,1,2960000,10.4,360000
2025-01-08,ORD-2025-003565,P03018,T13,DK035,Online,1,400000,13.4,500000
2025-01-08,ORD-2025-003565,P03018,T13,KR003,Online,3,1440000,6.8,50000
2025-01-08,ORD-2025-003578,P01087,T13,SF002,Online,1,5950000,12.6,400000
2025-01-09,ORD-2025-003435,P00703,T06,DK040,Toko,1,1260000,13.9,
2025-01-09,ORD-2025-003435,P00703,T06,SF013,Toko,1,16570000,12.9,
2025-01-09,ORD-2025-003542,P02295,T13,PD007,Online,1,770000,13.7,130000
2025-01-09,ORD-2025-003542,P02295,T13,MJ026,Online,1,3480000,1.0,570000
2025-01-09,ORD-2025-003544,P00562,T05,KS006,Toko,4,8770000,4.4,
2025-01-09,ORD-2025-003555,P01980,T13,DK018,Online,1,1000000,0.0,220000
2025-01-09,ORD-2025-003555,P01980,T13,DK032,Online,2,340000,13.0,360000
2025-01-10,ORD-2025-003372,P02305,T13,LM010,Online,1,7760000,9.6,80000
2025-01-10,ORD-2025-003448,P01175,T09,PC030,Toko,1,1220000,17.2,
2025-01-10,ORD-2025-003448,P01175,T09,KR038,Toko,1,2240000,3.4,
2025-01-10,ORD-2025-003497,P01801,T11,PD020,Toko,1,920000,8.6,
2025-01-10,ORD-2025-003522,P01793,T09,DK016,Toko,1,730000,4.2,
2025-01-10,ORD-2025-003533,P00153,T07,MJ003,Marketplace,1,2060000,5.8,300000
2025-01-10,ORD-2025-003572,P01831,T01,PD008,Toko,1,970000,0.0,
2025-01-10,ORD-2025-003574,P03226,T13,KR047,Online,1,4470000,0.0,470000
2025-01-10,ORD-2025-003574,P03226,T13,DK020,Online,1,690000,0.0,
2025-01-10,ORD-2025-003592,P03283,T13,LM013,Online,1,3180000,9.5,440000
2025-01-11,ORD-2025-003358,P01057,T02,MJ002,Toko,3,3330000,13.1,
2025-01-11,ORD-2025-003394,P00303,T13,PC013,Online,1,1410000,0.0,130000
2025-01-11,ORD-2025-003394,P00303,T13,KR048,Online,1,5130000,0.0,140000
2025-01-11,ORD-2025-003404,P03042,T13,KR043,Online,1,5270000,0.0,200000
2025-01-11,ORD-2025-003404,P03042,T13,KR045,Online,1,3000000,0.0,50000
2025-01-11,ORD-2025-003439,P00516,T13,MJ007,Online,1,5590000,13.1,170000
2025-01-11,ORD-2025-003464,P00476,T03,MJ030,Marketplace,2,2670000,0.0,550000
2025-01-11,ORD-2025-003485,P02815,T09,DK034,Toko,4,830000,13.7,260000
2025-01-11,ORD-2025-003490,P00868,T07,SF026,Marketplace,2,5850000,0.0,530000
2025-01-11,ORD-2025-003513,P00067,T10,DK004,Toko,1,1240000,0.0,240000
2025-01-11,ORD-2025-003518,P02091,T13,PC030,Online,4,1220000,3.3,70000
2025-01-11,ORD-2025-003518,P02091,T13,SF025,Online,1,5340000,0.0,580000
2025-01-11,ORD-2025-003546,P01812,T03,PC002,Marketplace,2,1740000,8.3,300000
2025-01-11,ORD-2025-003560,,T09,LM037,Toko,1,3800000,8.5,
2025-01-11,ORD-2025-003599,P01020,T13,KR016,Online,1,3780000,10.3,220000
2025-01-11,ORD-2025-003617,P01507,T04,PD004,Toko,1,1050000,3.1,
2025-01-11,ORD-2025-003617,P01507,T04,SF038,Toko,2,6260000,8.2,
2025-01-12,ORD-2025-003387,P02877,T01,PC008,Toko,2,1830000,0.0,
2025-01-12,ORD-2025-003387,P02877,T01,PD023,Toko,2,1090000,9.2,
2025-01-12,ORD-2025-003387,P02877,T01,MJ022,Toko,1,4090000,10.2,
2025-01-12,ORD-2025-003387,P02877,T01,PD005,Toko,1,390000,11.9,
2025-01-12,ORD-2025-003409,P02464,T01,PD022,Toko,2,520000,12.4,190000
2025-01-12,ORD-2025-003413,P00304,T06,MJ027,Toko,3,3790000,0.0,
2025-01-12,ORD-2025-003413,P00304,T06,KS004,Toko,2,10560000,14.1,250000
2025-01-12,ORD-2025-003413,P00304,T06,DK027,Toko,3,630000,8.8,
2025-01-12,ORD-2025-003413,P00304,T06,MJ032,Toko,1,5400000,8.5,
2025-01-12,ORD-2025-003457,P00924,T06,DK012,Toko,1,960000,10.4,
2025-01-12,ORD-2025-003507,P02446,T09,KS021,Marketplace,1,8510000,9.7,340000
2025-01-12,ORD-2025-003507,P02446,T09,KS031,Marketplace,1,4390000,8.3,110000
2025-01-12,ORD-2025-003507,P02446,T09,KS002,Marketplace,1,6150000,9.2,510000
2025-01-12,ORD-2025-003508,P02808,T13,PD012,Online,1,1500000,10.2,210000
2025-01-12,ORD-2025-003508,P02808,T13,DK038,Online,1,530000,21.0,120000
2025-01-12,ORD-2025-003508,P02808,T13,KR039,Online,1,2460000,11.2,130000
2025-01-12,ORD-2025-003508,P02808,T13,MJ035,Online,2,5190000,8.2,360000
2025-01-12,ORD-2025-003511,P01599,T13,PC024,Online,1,850000,10.6,240000
2025-01-12,ORD-2025-003511,P01599,T13,KR040,Online,1,2380000,3.0,370000
2025-01-12,ORD-2025-003514,P00188,T13,PC012,Online,2,1870000,11.5,150000
2025-01-12,ORD-2025-003515,P00753,T02,PC010,Toko,2,1240000,17.8,
2025-01-12,ORD-2025-003515,P00753,T02,PD016,Toko,2,1080000,0.0,
2025-01-12,ORD-2025-003515,P00753,T02,KR028,Toko,1,1780000,6.9,
2025-01-12,ORD-2025-003515,P00753,T02,PD001,Toko,1,1710000,5.0,
2025-01-12,ORD-2025-003526,P01683,T13,KR004,Online,2,1790000,7.7,90000
2025-01-13,ORD-2025-003398,P03055,T13,PD007,Online,3,770000,2.4,340000
2025-01-13,ORD-2025-003398,P03055,T13,SF008,Online,1,13020000,10.2,470000
2025-01-13,ORD-2025-003398,P03055,T13,KR029,Online,1,5120000,14.0,300000
2025-01-13,ORD-2025-003403,P00563,T09,LM020,Toko,1,8740000,14.1,
2025-01-13,ORD-2025-003419,P00003,T06,MJ030,Toko,3,2670000,12.8,
2025-01-13,ORD-2025-003443,P00934,T13,KR038,Online,1,2240000,18.7,140000
2025-01-13,ORD-2025-003446,P00132,T05,PC016,Toko,1,1760000,13.5,
2025-01-13,ORD-2025-003468,P00193,T06,KR023,Toko,1,1270000,13.2,
2025-01-13,ORD-2025-003570,P02053,T07,PC018,Marketplace,1,1420000,12.5,160000
2025-01-14,ORD-2025-003377,P01469,T13,PC024,Online,2,850000,13.0,100000
2025-01-14,ORD-2025-003377,P01469,T13,KR007,Online,2,1690000,20.6,430000
2025-01-14,ORD-2025-003423,P01736,T13,PD021,Online,1,660000,7.9,
2025-01-14,ORD-2025-003436,P00741,T11,KR028,Toko,1,1780000,12.3,
2025-01-14,ORD-2025-003488,P03016,T03,PC003,Marketplace,1,1200000,9.3,180000
2025-01-15,ORD-2025-003371,P00223,T08,KR006,Toko,1,3040000,23.1,
2025-01-15,ORD-2025-003378,P00916,T02,SF022,Marketplace,2,7310000,10.2,370000
2025-01-15,ORD-2025-003378,P00916,T02,KS028,Marketplace,2,7780000,9.8,50000
2025-01-15,ORD-2025-003378,P00916,T02,PC007,Marketplace,3,1510000,6.2,500000
2025-01-15,ORD-2025-003378,P00916,T02,KR041,Marketplace,2,1620000,5.7,370000
2025-01-15,ORD-2025-003391,P03337,T03,DK020,Toko,1,690000,9.9,
2025-01-15,ORD-2025-003391,P03337,T03,SF042,Toko,2,4260000,17.0,
2025-01-15,ORD-2025-003402,P00632,T13,PD001,Online,1,1710000,12.5,180000
2025-01-15,ORD-2025-003453,P01552,T13,KR002,Online,1,1500000,7.0,460000
2025-01-15,ORD-2025-003469,P03126,T02,MJ026,Toko,1,3480000,0.0,
2025-01-16,ORD-2025-003379,P01005,T09,PD005,Toko,1,390000,19.2,
2025-01-16,ORD-2025-003385,P00601,T13,KR045,Online,1,3000000,6.8,310000
2025-01-16,ORD-2025-003385,P00601,T13,KR031,Online,1,2350000,6.9,260000
2025-01-16,ORD-2025-003430,P03341,T09,KR022,Toko,1,2200000,7.4,
2025-01-16,ORD-2025-003430,P03341,T09,MJ002,Toko,2,3330000,9.8,
2025-01-16,ORD-2025-003440,P01818,T13,KR010,Online,1,1900000,4.7,60000
2025-01-16,ORD-2025-003445,P02309,T13,DK036,Online,3,510000,17.8,80000
2025-01-16,ORD-2025-003445,P02309,T13,MJ027,Online,1,3790000,9.2,430000
2025-01-16,ORD-2025-003482,P03263,T13,DK015,Online,2,1390000,19.0,170000
2025-01-16,ORD-2025-003482,P03263,T13,KR032,Online,1,2340000,12.9,150000
2025-01-16,ORD-2025-003482,P03263,T13,DK037,Online,1,540000,7.6,350000
2025-01-16,ORD-2025-003557,,T07,DK017,Toko,2,1740000,8.5,
2025-01-16,ORD-2025-003557,,T07,PC005,Toko,1,660000,17.0,
2025-01-16,ORD-2025-003557,,T07,PC008,Toko,1,1830000,13.1,
2025-01-16,ORD-2025-003609,P00333,T08,LM012,Toko,2,7130000,8.0,
2025-01-16,ORD-2025-003612,P01878,T13,MJ010,Online,1,3850000,0.0,390000
2025-01-17,ORD-2025-003354,P02238,T02,PC014,Toko,3,1800000,15.8,
2025-01-17,ORD-2025-003354,P02238,T02,SF031,Toko,1,3420000,16.3,
2025-01-17,ORD-2025-003354,P02238,T02,MJ004,Toko,1,3430000,10.7,
2025-01-17,ORD-2025-003396,P02890,T13,KR035,Online,1,1760000,11.8,590000
2025-01-17,ORD-2025-003396,P02890,T13,PC027,Online,2,3210000,11.2,280000
2025-01-17,ORD-2025-003411,P01091,T07,PC022,Toko,3,3000000,11.4,
2025-01-17,ORD-2025-003411,P01091,T07,PD015,Toko,1,750000,2.2,
2025-01-17,ORD-2025-003444,P00673,T13,MJ029,Online,4,2890000,18.3,140000
2025-01-17,ORD-2025-003593,P01288,T03,PC013,Toko,1,1410000,0.0,120000
2025-01-17,ORD-2025-003600,P01160,T05,SF039,Toko,1,6120000,8.7,
2025-01-18,ORD-2025-003416,P00518,T13,PC013,Online,3,1410000,9.1,290000
2025-01-18,ORD-2025-003416,P00518,T13,PC030,Online,1,1220000,15.3,90000
2025-01-18,ORD-2025-003416,P00518,T13,LM007,Online,1,4350000,0.0,590000
2025-01-18,ORD-2025-003466,P01730,T13,DK015,Online,1,1390000,9.4,330000
2025-01-18,ORD-2025-003466,P01730,T13,KR009,Online,1,3260000,12.4,380000
2025-01-18,ORD-2025-003466,P01730,T13,SF027,Online,1,36010000,7.2,460000
2025-01-18,ORD-2025-003466,P01730,T13,SF013,Online,3,16570000,17.6,250000
2025-01-18,ORD-2025-003505,P01761,T05,KR046,Toko,1,1210000,13.9,
2025-01-18,ORD-2025-003505,P01761,T05,PD004,Toko,1,1050000,11.4,
2025-01-18,ORD-2025-003528,P01270,T13,KS009,Online,3,11180000,13.5,540000
2025-01-18,ORD-2025-003528,P01270,T13,PD014,Online,1,1590000,17.3,180000
2025-01-18,ORD-2025-003528,P01270,T13,DK016,Online,1,730000,0.0,490000
2025-01-18,ORD-2025-003531,,T12,DK043,Toko,1,760000,4.8,
2025-01-18,ORD-2025-003547,P03445,T13,KS023,Online,1,13410000,16.2,350000
2025-01-18,ORD-2025-003547,P03445,T13,KR022,Online,3,2200000,6.4,280000
2025-01-18,ORD-2025-003556,,T01,KR042,Toko,1,1850000,13.2,
2025-01-18,ORD-2025-003556,,T01,PD012,Toko,1,1500000,3.0,400000
2025-01-18,ORD-2025-003556,,T01,PC003,Toko,1,1200000,10.7,
2025-01-18,ORD-2025-003566,P02277,T02,MJ022,Toko,1,4090000,11.4,
2025-01-18,ORD-2025-003589,P01217,T13,KR029,Online,1,5120000,9.2,170000
2025-01-18,ORD-2025-003598,P00222,T11,PC031,Marketplace,1,1660000,0.0,
2025-01-18,ORD-2025-003614,P01306,T13,PC018,Online,1,1420000,17.1,70000
2025-01-19,ORD-2025-003406,P03277,T08,KR040,Toko,1,2380000,2.5,
2025-01-19,ORD-2025-003410,P01956,T01,DK008,Toko,1,910000,22.7,
2025-01-19,ORD-2025-003441,P00201,T01,SF006,Toko,1,4230000,9.4,
2025-01-19,ORD-2025-003441,P00201,T01,KR020,Toko,1,1970000,16.7,
2025-01-19,ORD-2025-003486,P03107,T13,DK004,Online,2,1240000,8.4,90000
2025-01-19,ORD-2025-003492,P03317,T13,PD016,Online,1,1080000,7.0,70000
2025-01-19,ORD-2025-003492,P03317,T13,MJ042,Online,1,10940000,7.6,50000
2025-01-19,ORD-2025-003499,P01512,T13,LM031,Online,2,6490000,7.9,310000
2025-01-19,ORD-2025-003524,P00605,T03,KR026,Toko,1,2860000,8.5,
2025-01-19,ORD-2025-003525,P02754,T13,KR004,Online,1,1790000,9.2,90000
2025-01-19,ORD-2025-003539,P01747,T13,PD005,Online,2,390000,15.3,490000
2025-01-19,ORD-2025-003541,P00379,T02,DK008,Toko,1,910000,0.0,
2025-01-19,ORD-2025-003580,P03257,T03,SF027,Toko,2,36010000,12.8,
2025-01-19,ORD-2025-003607,P02016,T13,PD005,Online,1,390000,17.8,100000
2025-01-19,ORD-2025-003607,P02016,T13,MJ028,Online,1,10280000,12.4,50000
2025-01-20,ORD-2025-003353,P01577,T04,MJ018,Marketplace,1,3700000,8.9,510000
2025-01-20,ORD-2025-003369,P01078,T02,DK010,Toko,1,690000,16.7,
2025-01-20,ORD-2025-003438,P02442,T09,PD011,Toko,1,750000,5.7,
2025-01-20,ORD-2025-003471,P02286,T05,PD001,Marketplace,1,1710000,8.2,250000
2025-01-20,ORD-2025-003491,P02090,T07,PC022,Marketplace,1,3000000,0.0,470000
2025-01-20,ORD-2025-003491,P02090,T07,SF026,Marketplace,1,5850000,13.6,280000
2025-01-20,ORD-2025-003554,P01006,T10,PC025,Toko,1,1800000,2.2,
2025-01-20,ORD-2025-003554,P01006,T10,SF005,Toko,1,13820000,13.6,
2025-01-20,ORD-2025-003579,P02098,T06,KR035,Marketplace,4,1760000,9.9,350000
2025-01-20,ORD-2025-003579,P02098,T06,PD018,Marketplace,1,530000,18.6,230000
2025-01-20,ORD-2025-003579,P02098,T06,KS003,Marketplace,1,12030000,12.6,560000
2025-01-20,ORD-2025-003579,P02098,T06,DK033,Marketplace,1,220000,3.8,150000
2025-01-20,ORD-2025-003588,P02053,T13,PD018,Online,1,530000,11.4,270000
2025-01-20,ORD-2025-003605,P02311,T01,PD017,Toko,4,2370000,11.0,
2025-01-21,ORD-2025-003356,P02747,T13,DK019,Online,1,860000,16.6,240000
2025-01-21,ORD-2025-003370,P03236,T10,PC023,Toko,2,1920000,16.0,
2025-01-21,ORD-2025-003370,P03236,T10,SF022,Toko,3,7310000,0.0,
2025-01-21,ORD-2025-003415,P02304,T13,DK027,Online,1,630000,11.0,390000
2025-01-21,ORD-2025-003415,P02304,T13,PD024,Online,1,1130000,8.0,140000
2025-01-21,ORD-2025-003432,P00655,T13,SF031,Online,1,3420000,14.5,340000
2025-01-21,ORD-2025-003458,P01916,T01,KR033,Marketplace,1,3030000,0.0,60000
2025-01-21,ORD-2025-003498,P01274,T13,LM030,Online,1,5720000,3.2,470000
2025-01-21,ORD-2025-003498,P01274,T13,LM020,Online,1,8740000,0.0,590000
2025-01-21,ORD-2025-003498,P01274,T13,KS019,Online,3,7170000,12.0,200000
2025-01-21,ORD-2025-003553,P00182,T07,DK028,Toko,1,730000,13.9,
2025-01-21,ORD-2025-003553,P00182,T07,KR013,Toko,1,3330000,12.7,
2025-01-21,ORD-2025-003606,P02855,T13,KR041,Online,2,1620000,16.8,420000
2025-01-22,ORD-2025-003418,P03217,T07,PC022,Toko,4,3000000,12.1,
2025-01-22,ORD-2025-003454,P02218,T13,PC005,Online,3,660000,13.2,60000
2025-01-22,ORD-2025-003509,P03052,T12,DK020,Toko,1,690000,0.0,250000
2025-01-22,ORD-2025-003509,P03052,T12,PC024,Toko,2,850000,11.6,
2025-01-22,ORD-2025-003509,P03052,T12,SF031,Toko,1,3420000,10.6,
2025-01-22,ORD-2025-003509,P03052,T12,PC025,Toko,2,1800000,2.3,
2025-01-22,ORD-2025-003586,P02874,T13,LM014,Online,1,4520000,11.6,60000
2025-01-22,ORD-2025-003591,P00977,T09,KS014,Toko,1,6440000,7.6,
2025-01-23,ORD-2025-003359,P00068,T13,MJ029,Online,3,2890000,10.1,580000
2025-01-23,ORD-2025-003359,P00068,T13,DK016,Online,3,730000,0.0,410000
2025-01-23,ORD-2025-003359,P00068,T13,DK024,Online,1,930000,5.0,170000
2025-01-23,ORD-2025-003368,P02485,T13,PD022,Online,1,520000,17.1,90000
2025-01-23,ORD-2025-003384,P02682,T13,PC026,Online,1,860000,0.0,530000
2025-01-23,ORD-2025-003384,P02682,T13,KR025,Online,1,3670000,0.0,140000
2025-01-23,ORD-2025-003384,P02682,T13,MJ029,Online,1,2890000,0.0,180000
2025-01-23,ORD-2025-003384,P02682,T13,DK015,Online,1,1390000,8.5,360000
2025-01-23,ORD-2025-003392,P03438,T06,PC006,Marketplace,1,1850000,9.8,
2025-01-23,ORD-2025-003400,P01873,T06,MJ010,Toko,1,3850000,8.5,
2025-01-23,ORD-2025-003437,P03056,T13,KR006,Online,1,3040000,15.1,510000
2025-01-23,ORD-2025-003437,P03056,T13,MJ038,Online,1,5030000,14.2,190000
2025-01-23,ORD-2025-003478,P02150,T13,DK033,Online,1,220000,0.0,290000
2025-01-23,ORD-2025-003478,P02150,T13,PC031,Online,1,1660000,0.0,330000
2025-01-23,ORD-2025-003521,P01016,T03,DK043,Toko,1,760000,8.2,
2025-01-23,ORD-2025-003535,P00642,T03,DK017,Toko,1,1740000,6.3,
2025-01-23,ORD-2025-003535,P00642,T03,PD018,Toko,1,530000,7.7,
2025-01-23,ORD-2025-003535,P00642,T03,PC017,Toko,1,1720000,10.5,
2025-01-23,ORD-2025-003603,P00122,T05,DK018,Toko,1,1000000,11.0,
2025-01-23,ORD-2025-003603,P00122,T05,SF042,Toko,1,4260000,0.0,
2025-01-23,ORD-2025-003604,P00281,T02,DK023,Toko,1,770000,11.8,
2025-01-23,ORD-2025-003616,P02342,T13,PC030,Online,2,1220000,12.2,260000
2025-01-24,ORD-2025-003352,P00325,T06,KR046,Toko,1,1210000,0.0,
2025-01-24,ORD-2025-003352,P00325,T06,SF008,Toko,1,13020000,10.3,
2025-01-24,ORD-2025-003367,P00260,T07,DK026,Toko,2,1170000,10.5,150000
2025-01-24,ORD-2025-003367,P00260,T07,PC015,Toko,1,1320000,7.6,
2025-01-24,ORD-2025-003367,P00260,T07,LM005,Toko,1,6890000,8.5,
2025-01-24,ORD-2025-003386,P02426,T08,PC015,Toko,1,1320000,14.1,
2025-01-24,ORD-2025-003412,P00626,T01,DK002,Marketplace,2,490000,6.0,440000
2025-01-24,ORD-2025-003412,P00626,T01,PD010,Marketplace,1,450000,13.4,120000
2025-01-24,ORD-2025-003422,P03394,T09,PD002,Toko,1,1150000,8.0,
2025-01-24,ORD-2025-003422,P03394,T09,DK031,Toko,1,800000,0.0,
2025-01-24,ORD-2025-003422,P03394,T09,KS021,Toko,2,8510000,11.6,
2025-01-24,ORD-2025-003456,P02645,T13,PC024,Online,1,850000,13.5,60000
2025-01-24,ORD-2025-003456,P02645,T13,PC015,Online,4,1320000,21.2,70000
2025-01-24,ORD-2025-003456,P02645,T13,KS008,Online,1,5690000,12.1,230000
2025-01-24,ORD-2025-003465,P01439,T02,MJ018,Toko,1,3700000,10.3,
2025-01-24,ORD-2025-003465,P01439,T02,KR023,Toko,1,1270000,8.3,330000
2025-01-24,ORD-2025-003465,P01439,T02,PC025,Toko,1,1800000,9.4,
2025-01-24,ORD-2025-003479,P00762,T07,DK017,Toko,4,1740000,13.5,
2025-01-24,ORD-2025-003479,P00762,T07,MJ021,Toko,1,2560000,8.9,
2025-01-24,ORD-2025-003615,P02742,T13,PC029,Online,1,1900000,0.0,560000
2025-01-25,ORD-2025-003405,P02672,T10,LM019,Marketplace,1,5540000,6.5,240000
2025-01-25,ORD-2025-003424,P00892,T07,MJ031,Toko,3,7400000,0.0,
2025-01-25,ORD-2025-003442,P01039,T13,DK006,Online,2,2070000,15.7,450000
2025-01-25,ORD-2025-003449,P00907,T13,PC002,Online,2,1740000,10.6,470000
2025-01-25,ORD-2025-003472,P03059,T04,KR017,Toko,1,4540000,15.9,
2025-01-25,ORD-2025-003472,P03059,T04,DK023,Toko,1,770000,8.2,
2025-01-25,ORD-2025-003472,P03059,T04,PD022,Toko,1,520000,14.8,
2025-01-25,ORD-2025-003473,P01737,T13,MJ023,Online,1,8100000,11.5,490000
2025-01-25,ORD-2025-003473,P01737,T13,DK022,Online,4,550000,7.1,420000
2025-01-25,ORD-2025-003506,P02967,T13,PD010,Online,1,450000,14.8,50000
2025-01-25,ORD-2025-003519,P01668,T06,PC026,Toko,1,860000,0.0,
2025-01-25,ORD-2025-003563,P00733,T05,PD005,Toko,1,390000,10.0,
2025-01-25,ORD-2025-003571,P03010,T03,PC009,Marketplace,2,1490000,16.9,170000
2025-01-26,ORD-2025-003375,P01912,T07,PD010,Toko,2,450000,3.4,
2025-01-26,ORD-2025-003375,P01912,T07,PC008,Toko,1,1830000,8.5,
2025-01-26,ORD-2025-003390,P03079,T08,MJ015,Marketplace,1,2920000,6.6,300000
2025-01-26,ORD-2025-003390,P03079,T08,KR019,Marketplace,1,2530000,9.3,260000
2025-01-26,ORD-2025-003390,P03079,T08,PD021,Marketplace,2,660000,13.4,200000
2025-01-26,ORD-2025-003447,P03004,T11,SF012,Toko,1,7980000,15.3,
2025-01-26,ORD-2025-003447,P03004,T11,DK036,Toko,1,510000,0.0,
2025-01-26,ORD-2025-003503,P00501,T13,PC032,Online,2,470000,6.8,60000
2025-01-26,ORD-2025-003503,P00501,T13,DK022,Online,1,550000,12.6,190000
2025-01-26,ORD-2025-003538,P03027,T12,DK035,Toko,1,400000,4.9,
2025-01-26,ORD-2025-003548,P02537,T13,DK001,Online,1,530000,16.8,570000
2025-01-26,ORD-2025-003576,,T09,LM022,Toko,1,8900000,0.0,
2025-01-26,ORD-2025-003576,,T09,PC005,Toko,2,660000,9.0,
2025-01-26,ORD-2025-003611,P03030,T06,DK020,Toko,1,690000,0.0,
2025-01-27,ORD-2025-003431,P03124,T07,KS028,Toko,1,7780000,7.9,
2025-01-27,ORD-2025-003477,P03267,T13,PC031,Online,1,1660000,12.2,190000
2025-01-27,ORD-2025-003516,P02420,T13,PC011,Online,2,4490000,0.0,560000
2025-01-27,ORD-2025-003527,P00432,T04,SF020,Toko,1,9700000,11.7,
2025-01-27,ORD-2025-003527,P00432,T04,PD022,Toko,1,520000,13.0,
2025-01-27,ORD-2025-003527,P00432,T04,DK032,Toko,2,340000,15.0,
2025-01-27,ORD-2025-003529,P00190,T10,LM029,Marketplace,1,8480000,9.0,540000
2025-01-27,ORD-2025-003529,P00190,T10,MJ039,Marketplace,1,6590000,12.7,460000
2025-01-27,ORD-2025-003529,P00190,T10,MJ027,Marketplace,1,3790000,11.8,120000
2025-01-27,ORD-2025-003529,P00190,T10,PD025,Marketplace,2,1100000,11.7,
2025-01-27,ORD-2025-003550,P03265,T13,KR031,Online,1,2350000,14.9,460000
2025-01-27,ORD-2025-003550,P03265,T13,PD026,Online,1,520000,13.0,190000
2025-01-27,ORD-2025-003550,P03265,T13,SF016,Online,2,10420000,13.3,430000
2025-01-27,ORD-2025-003618,P01188,T05,PD009,Marketplace,2,840000,12.0,490000
2025-01-28,ORD-2025-003355,P02191,T13,KR037,Online,3,2790000,13.5,240000
2025-01-28,ORD-2025-003388,P00554,T13,LM037,Online,1,3800000,11.7,160000
2025-01-28,ORD-2025-003389,P00375,T13,PC009,Online,2,1490000,0.0,520000
2025-01-28,ORD-2025-003389,P00375,T13,KS002,Online,1,6150000,0.0,130000
2025-01-28,ORD-2025-003429,P01500,T03,PD011,Marketplace,1,750000,11.8,100000
2025-01-28,ORD-2025-003429,P01500,T03,PD007,Marketplace,1,770000,13.6,80000
2025-01-28,ORD-2025-003540,P01421,T13,SF025,Online,1,5340000,8.1,80000
2025-01-28,ORD-2025-003581,P01890,T03,DK023,Toko,1,770000,10.4,
2025-01-28,ORD-2025-003610,P00920,T02,PD026,Toko,1,520000,11.1,
2025-01-28,ORD-2025-003610,P00920,T02,PD020,Toko,2,920000,0.0,
2025-01-28,ORD-2025-003613,P00699,T13,KR003,Online,1,1440000,10.9,450000
2025-01-29,ORD-2025-003351,P02461,T02,MJ003,Marketplace,4,2060000,14.5,530000
2025-01-29,ORD-2025-003351,P02461,T02,KR041,Marketplace,3,1620000,12.4,490000
2025-01-29,ORD-2025-003365,P01149,T08,KR031,Marketplace,1,2350000,8.0,370000
2025-01-29,ORD-2025-003421,P02285,T13,DK009,Online,4,990000,5.4,110000
2025-01-29,ORD-2025-003425,P02815,T13,PD018,Online,1,530000,0.0,480000
2025-01-29,ORD-2025-003425,P02815,T13,SF021,Online,1,9200000,12.8,520000
2025-01-29,ORD-2025-003425,P02815,T13,PC005,Online,1,660000,10.3,450000
2025-01-29,ORD-2025-003426,P02697,T04,MJ021,Toko,1,2560000,0.0,
2025-01-29,ORD-2025-003463,P03254,T13,DK030,Online,1,930000,16.9,290000
2025-01-29,ORD-2025-003475,P00094,T13,DK002,Online,1,490000,0.0,180000
2025-01-29,ORD-2025-003481,P00073,T05,DK014,Toko,1,890000,0.0,
2025-01-29,ORD-2025-003494,P01429,T12,PD021,Toko,1,660000,5.4,
2025-01-29,ORD-2025-003502,P01897,T01,SF002,Marketplace,1,5950000,0.0,90000
2025-01-29,ORD-2025-003502,P01897,T01,LM032,Marketplace,1,4960000,6.6,540000
2025-01-29,ORD-2025-003543,P01849,T13,DK009,Online,1,990000,6.3,
2025-01-29,ORD-2025-003543,P01849,T13,DK024,Online,1,930000,7.4,420000
2025-01-29,ORD-2025-003551,P01982,T10,MJ041,Marketplace,1,2240000,11.3,370000
2025-01-29,ORD-2025-003551,P01982,T10,KR021,Marketplace,1,2670000,0.0,170000
2025-01-29,ORD-2025-003569,P02579,T13,LM015,Online,3,3180000,15.6,370000
2025-01-29,ORD-2025-003569,P02579,T13,DK016,Online,1,730000,19.1,530000
2025-01-29,ORD-2025-003575,P00070,T06,MJ046,Toko,2,2600000,16.5,420000
2025-01-29,ORD-2025-003584,P00235,T08,PC012,Toko,1,1870000,10.5,
2025-01-30,ORD-2025-003397,P01813,T05,PD021,Marketplace,1,660000,13.3,50000
2025-01-30,ORD-2025-003401,P00567,T13,SF017,Online,1,8850000,8.7,520000
2025-01-30,ORD-2025-003401,P00567,T13,DK033,Online,1,220000,6.2,530000
2025-01-30,ORD-2025-003467,P03326,T03,KR042,Toko,1,1850000,12.8,
2025-01-30,ORD-2025-003467,P03326,T03,KR012,Toko,1,2460000,0.0,
2025-01-30,ORD-2025-003467,P03326,T03,MJ002,Toko,4,3330000,8.9,
2025-01-30,ORD-2025-003558,P00296,T04,KR035,Toko,1,1760000,17.1,
2025-01-30,ORD-2025-003558,P00296,T04,DK019,Toko,1,860000,11.2,
2025-01-30,ORD-2025-003567,P00321,T13,KR027,Online,3,1770000,10.3,250000
2025-01-30,ORD-2025-003582,P03426,T09,DK033,Marketplace,1,220000,6.5,350000
2025-01-30,ORD-2025-003587,P01838,T10,MJ007,Toko,1,5590000,12.1,
2025-01-31,ORD-2025-003373,P02389,T01,PC026,Toko,1,860000,15.9,
2025-01-31,ORD-2025-003408,P02435,T01,MJ035,Toko,1,5190000,12.8,
2025-01-31,ORD-2025-003414,P03417,T03,PC001,Toko,2,1430000,5.7,
2025-01-31,ORD-2025-003451,P01155,T10,KS015,Marketplace,1,7280000,9.5,90000
2025-01-31,ORD-2025-003451,P01155,T10,LM015,Marketplace,2,3180000,16.0,100000
2025-01-31,ORD-2025-003455,,T06,MJ039,Toko,1,6590000,8.7,
2025-01-31,ORD-2025-003455,,T06,MJ015,Toko,2,2920000,5.2,
2025-01-31,ORD-2025-003487,P03035,T08,KR002,Toko,1,1500000,15.3,
2025-01-31,ORD-2025-003496,P02912,T13,DK039,Online,1,870000,12.2,170000
2025-01-31,ORD-2025-003496,P02912,T13,MJ026,Online,1,3480000,16.8,110000
2025-01-31,ORD-2025-003537,P02832,T13,DK009,Online,2,990000,9.3,150000
2025-01-31,ORD-2025-003537,P02832,T13,DK011,Online,1,2070000,3.9,300000
2025-01-31,ORD-2025-003596,P01998,T13,DK015,Online,1,1390000,0.0,470000
2025-01-31,ORD-2025-003597,,T03,SF013,Toko,1,16570000,8.5,
2025-01-31,ORD-2025-003597,,T03,LM038,Toko,2,5010000,13.3,
2025-01-31,ORD-2025-003597,,T03,SF026,Toko,1,5850000,15.8,
2025-02-01,ORD-2025-003683,P01733,T04,PD026,Toko,1,520000,11.9,
2025-02-01,ORD-2025-003729,P01527,T03,DK014,Toko,1,890000,12.5,
2025-02-01,ORD-2025-003778,P02550,T07,DK015,Marketplace,1,1390000,0.0,550000
2025-02-01,ORD-2025-003778,P02550,T07,LM040,Marketplace,2,9610000,11.2,430000
2025-02-01,ORD-2025-003797,P00115,T01,KR011,Marketplace,1,1570000,11.7,360000
2025-02-01,ORD-2025-003825,P01657,T01,KS008,Toko,1,5690000,0.0,
2025-02-01,ORD-2025-003827,P00805,T13,MJ021,Online,3,2560000,11.1,340000
2025-02-01,ORD-2025-003827,P00805,T13,PC024,Online,2,850000,10.6,270000
2025-02-01,ORD-2025-003827,P00805,T13,KS022,Online,2,13060000,5.3,170000
2025-02-01,ORD-2025-003846,P02985,T05,MJ046,Marketplace,1,2600000,11.6,520000
2025-02-01,ORD-2025-003877,P03408,T13,SF041,Online,1,7920000,6.9,430000
2025-02-02,ORD-2025-003642,P00005,T01,KR047,Toko,1,4470000,0.0,
2025-02-02,ORD-2025-003643,P02378,T07,LM039,Toko,1,7740000,9.5,
2025-02-02,ORD-2025-003643,P02378,T07,KR025,Toko,3,3670000,13.5,
2025-02-02,ORD-2025-003652,P00748,T03,KR031,Toko,1,2350000,8.9,
2025-02-02,ORD-2025-003652,P00748,T03,SF030,Toko,1,5980000,0.0,
2025-02-02,ORD-2025-003652,P00748,T03,PD002,Toko,1,1150000,13.1,
2025-02-02,ORD-2025-003677,P03114,T04,DK039,Toko,1,870000,0.0,
2025-02-02,ORD-2025-003684,P00862,T13,PC032,Online,2,470000,2.4,80000
2025-02-02,ORD-2025-003688,P01559,T01,KR003,Marketplace,1,1440000,4.5,360000
2025-02-02,ORD-2025-003691,,T02,PD004,Toko,1,1050000,13.4,330000
2025-02-02,ORD-2025-003701,P03298,T13,SF034,Online,1,13040000,18.0,590000
2025-02-02,ORD-2025-003701,P03298,T13,PD023,Online,1,1090000,11.0,460000
2025-02-02,ORD-2025-003701,P03298,T13,PD020,Online,1,920000,0.0,170000
2025-02-02,ORD-2025-003713,P00544,T09,DK003,Marketplace,1,420000,1.0,440000
2025-02-02,ORD-2025-003713,P00544,T09,KR002,Marketplace,4,1500000,0.0,250000
2025-02-02,ORD-2025-003759,P03262,T01,DK028,Toko,1,730000,12.3,
2025-02-02,ORD-2025-003795,P01738,T08,KR002,Toko,1,1500000,0.0,
2025-02-02,ORD-2025-003795,P01738,T08,DK025,Toko,1,660000,0.0,
2025-02-02,ORD-2025-003821,P00051,T06,PD020,Toko,1,920000,0.0,
2025-02-02,ORD-2025-003821,P00051,T06,MJ021,Toko,1,2560000,8.9,
2025-02-02,ORD-2025-003853,P01589,T13,DK020,Online,1,690000,0.3,180000
2025-02-02,ORD-2025-003853,P01589,T13,DK003,Online,1,420000,8.6,400000
2025-02-02,ORD-2025-003853,P01589,T13,DK025,Online,1,660000,3.7,140000
2025-02-02,ORD-2025-003854,P02469,T06,LM009,Toko,3,2210000,14.2,
2025-02-03,ORD-2025-003647,P02829,T04,DK028,Toko,1,730000,0.0,
2025-02-03,ORD-2025-003828,P01666,T10,KR040,Marketplace,1,2380000,12.9,100000
2025-02-04,ORD-2025-003639,,T09,DK035,Toko,2,400000,0.0,
2025-02-04,ORD-2025-003731,P01144,T11,MJ033,Marketplace,2,4180000,0.0,400000
2025-02-04,ORD-2025-003731,P01144,T11,MJ034,Marketplace,1,6280000,11.6,170000
2025-02-04,ORD-2025-003798,P00889,T02,DK028,Marketplace,1,730000,18.5,510000
2025-02-04,ORD-2025-003817,P00045,T13,KR018,Online,1,1090000,5.5,270000
2025-02-04,ORD-2025-003836,P01226,T13,KR032,Online,1,2340000,13.3,210000
2025-02-04,ORD-2025-003847,P03086,T06,LM010,Toko,1,7760000,9.3,
2025-02-04,ORD-2025-003849,P00558,T09,KS002,Toko,2,6150000,15.8,
2025-02-04,ORD-2025-003849,P00558,T09,KR020,Toko,1,1970000,0.0,210000
2025-02-04,ORD-2025-003849,P00558,T09,DK020,Toko,2,690000,3.3,
2025-02-04,ORD-2025-003857,P00622,T11,KR023,Toko,1,1270000,14.2,
2025-02-04,ORD-2025-003857,P00622,T11,PD005,Toko,1,390000,2.3,
2025-02-04,ORD-2025-003857,P00622,T11,SF034,Toko,1,13040000,14.2,
2025-02-05,ORD-2025-003625,P03052,T03,PD011,Toko,1,750000,14.2,
2025-02-05,ORD-2025-003653,P00827,T06,DK025,Marketplace,2,660000,5.1,560000
2025-02-05,ORD-2025-003653,P00827,T06,MJ020,Marketplace,1,4520000,11.9,190000
2025-02-05,ORD-2025-003653,P00827,T06,MJ033,Marketplace,3,4180000,12.5,80000
2025-02-05,ORD-2025-003657,P01703,T13,PD023,Online,1,1090000,12.9,240000
2025-02-05,ORD-2025-003678,P03079,T13,PD003,Online,1,1200000,14.9,200000
2025-02-05,ORD-2025-003678,P03079,T13,PD026,Online,1,520000,6.0,390000
2025-02-05,ORD-2025-003716,P00142,T09,SF025,Toko,1,5340000,16.8,110000
2025-02-05,ORD-2025-003799,P00991,T06,KS031,Toko,1,4390000,0.0,
2025-02-05,ORD-2025-003833,P03115,T13,KR029,Online,1,5120000,10.6,160000
2025-02-05,ORD-2025-003833,P03115,T13,DK004,Online,2,1240000,4.7,470000
2025-02-05,ORD-2025-003833,P03115,T13,KR004,Online,1,1790000,8.5,
2025-02-05,ORD-2025-003852,P01504,T13,KR048,Online,1,5130000,8.4,440000
2025-02-05,ORD-2025-003864,P00787,T03,PC029,Toko,1,1900000,12.0,130000
2025-02-06,ORD-2025-003630,P00010,T03,DK002,Toko,3,490000,8.1,
2025-02-06,ORD-2025-003694,P02544,T03,KS014,Toko,1,6440000,11.4,
2025-02-06,ORD-2025-003703,P01911,T07,MJ030,Marketplace,2,2670000,12.3,570000
2025-02-06,ORD-2025-003703,P01911,T07,KS002,Marketplace,1,6150000,8.9,350000
2025-02-06,ORD-2025-003703,P01911,T07,SF015,Marketplace,1,6690000,7.1,270000
2025-02-06,ORD-2025-003739,P00396,T13,PD022,Online,1,520000,10.6,190000
2025-02-06,ORD-2025-003739,P00396,T13,PD012,Online,2,1500000,12.1,440000
2025-02-06,ORD-2025-003753,P01749,T13,LM024,Online,1,5790000,0.0,100000
2025-02-06,ORD-2025-003757,P00334,T05,LM031,Toko,1,6490000,10.3,
2025-02-06,ORD-2025-003757,P00334,T05,KR031,Toko,1,2350000,13.6,280000
2025-02-06,ORD-2025-003773,P01593,T09,DK007,Toko,2,900000,14.0,
2025-02-06,ORD-2025-003785,P01800,T13,MJ040,Online,1,4110000,13.0,590000
2025-02-06,ORD-2025-003785,P01800,T13,PD013,Online,1,1030000,0.0,430000
2025-02-06,ORD-2025-003823,P01104,T10,MJ035,Marketplace,2,5190000,0.0,130000
2025-02-07,ORD-2025-003648,P03319,T04,DK003,Marketplace,1,420000,14.2,570000
2025-02-07,ORD-2025-003651,P00431,T13,PD018,Online,1,530000,15.5,380000
2025-02-07,ORD-2025-003674,P00988,T08,MJ029,Marketplace,1,2890000,11.1,280000
2025-02-07,ORD-2025-003674,P00988,T08,PC026,Marketplace,1,860000,6.6,230000
2025-02-07,ORD-2025-003727,P03254,T10,DK036,Toko,2,510000,13.2,
2025-02-07,ORD-2025-003751,P02084,T01,DK043,Toko,1,760000,0.0,
2025-02-07,ORD-2025-003751,P02084,T01,KR038,Toko,1,2240000,10.6,
2025-02-07,ORD-2025-003751,P02084,T01,PD006,Toko,2,970000,5.8,
2025-02-07,ORD-2025-003770,P00353,T05,KR020,Marketplace,1,1970000,13.9,290000
2025-02-07,ORD-2025-003770,P00353,T05,PC018,Marketplace,1,1420000,6.9,370000
2025-02-07,ORD-2025-003789,P01482,T13,DK034,Online,2,830000,10.1,480000
2025-02-07,ORD-2025-003801,P00920,T13,DK019,Online,2,860000,9.6,240000
2025-02-07,ORD-2025-003801,P00920,T13,KR020,Online,1,1970000,10.0,440000
2025-02-07,ORD-2025-003810,P01340,T13,DK008,Online,1,910000,16.9,260000
2025-02-07,ORD-2025-003811,P02320,T09,MJ001,Marketplace,3,2940000,14.0,380000
2025-02-07,ORD-2025-003840,P00394,T13,PD016,Online,1,1080000,8.6,430000
2025-02-07,ORD-2025-003840,P00394,T13,PD006,Online,1,970000,8.0,340000
2025-02-08,ORD-2025-003627,P01034,T13,DK038,Online,1,530000,13.1,270000
2025-02-08,ORD-2025-003627,P01034,T13,PC001,Online,1,1430000,13.0,400000
2025-02-08,ORD-2025-003637,P01059,T09,PD002,Marketplace,1,1150000,11.3,490000
2025-02-08,ORD-2025-003641,P00246,T05,KR035,Marketplace,1,1760000,9.6,290000
2025-02-08,ORD-2025-003673,P01987,T01,PD018,Marketplace,1,530000,15.9,60000
2025-02-08,ORD-2025-003673,P01987,T01,MJ021,Marketplace,3,2560000,0.0,280000
2025-02-08,ORD-2025-003695,P01649,T06,DK019,Marketplace,1,860000,15.1,570000
2025-02-08,ORD-2025-003748,P03229,T09,SF026,Marketplace,1,5850000,14.2,500000
2025-02-08,ORD-2025-003803,P02979,T13,KS033,Online,3,13600000,15.1,
2025-02-08,ORD-2025-003803,P02979,T13,MJ019,Online,1,6140000,14.8,440000
2025-02-08,ORD-2025-003856,P01423,T07,KR001,Toko,1,3260000,0.0,
2025-02-08,ORD-2025-003856,P01423,T07,DK001,Toko,1,530000,7.1,
2025-02-08,ORD-2025-003856,P01423,T07,PD015,Toko,1,750000,9.3,
2025-02-09,ORD-2025-003631,P01553,T03,KR035,Marketplace,1,1760000,15.5,490000
2025-02-09,ORD-2025-003631,P01553,T03,SF019,Marketplace,1,8050000,8.6,250000
2025-02-09,ORD-2025-003676,P01097,T03,PC028,Toko,1,2190000,9.3,
2025-02-09,ORD-2025-003779,P00942,T13,KS032,Online,1,9280000,9.4,270000
2025-02-09,ORD-2025-003824,P01833,T05,DK031,Toko,1,800000,10.0,
2025-02-09,ORD-2025-003855,P01685,T11,PD010,Toko,1,450000,5.2,
2025-02-10,ORD-2025-003662,P03118,T13,LM021,Online,1,7550000,8.4,200000
2025-02-10,ORD-2025-003662,P03118,T13,DK013,Online,1,1520000,14.8,90000
2025-02-10,ORD-2025-003681,P00865,T13,LM003,Online,1,5440000,11.2,60000
2025-02-10,ORD-2025-003758,P03092,T13,PD018,Online,1,530000,7.5,560000
2025-02-10,ORD-2025-003783,P01742,T13,DK005,Online,1,430000,17.5,290000
2025-02-10,ORD-2025-003783,P01742,T13,DK012,Online,1,960000,15.2,60000
2025-02-10,ORD-2025-003796,P01161,T05,DK029,Marketplace,1,500000,16.0,200000
2025-02-10,ORD-2025-003816,P02544,T02,DK019,Toko,3,860000,7.3,
2025-02-10,ORD-2025-003816,P02544,T02,KR048,Toko,2,5130000,9.2,
2025-02-10,ORD-2025-003829,P01166,T13,KR039,Online,1,2460000,15.0,50000
2025-02-10,ORD-2025-003832,P00096,T04,PD009,Marketplace,2,840000,0.0,580000
2025-02-10,ORD-2025-003838,P02381,T02,DK006,Marketplace,1,2070000,21.7,320000
2025-02-11,ORD-2025-003632,P03034,T13,KR039,Online,1,2460000,11.8,270000
2025-02-11,ORD-2025-003708,P03063,T06,PC026,Toko,1,860000,13.1,280000
2025-02-11,ORD-2025-003717,P01753,T06,PD005,Toko,3,390000,5.7,
2025-02-11,ORD-2025-003721,P01028,T08,KS010,Toko,1,14650000,0.0,
2025-02-11,ORD-2025-003760,P02924,T13,DK007,Online,1,900000,9.5,400000
2025-02-11,ORD-2025-003769,P01749,T06,LM033,Toko,1,6100000,10.4,
2025-02-11,ORD-2025-003786,P01263,T07,PC025,Toko,2,1800000,14.2,
2025-02-11,ORD-2025-003837,P00047,T10,KR045,Toko,1,3000000,15.4,
2025-02-11,ORD-2025-003842,P00222,T07,LM011,Marketplace,1,12480000,18.3,550000
2025-02-12,ORD-2025-003626,P01963,T01,DK039,Toko,1,870000,6.1,
2025-02-12,ORD-2025-003655,P02648,T01,SF037,Toko,1,10360000,7.3,
2025-02-12,ORD-2025-003697,P01218,T05,DK026,Toko,1,1170000,5.3,
2025-02-12,ORD-2025-003702,P01953,T13,KS002,Online,1,6150000,14.2,140000
2025-02-12,ORD-2025-003754,P03006,T04,DK043,Toko,1,760000,0.0,
2025-02-12,ORD-2025-003794,P01992,T04,MJ011,Toko,2,6920000,8.9,
2025-02-12,ORD-2025-003812,P02075,T13,MJ034,Online,1,6280000,10.6,360000
2025-02-12,ORD-2025-003812,P02075,T13,SF020,Online,2,9700000,17.0,360000
2025-02-12,ORD-2025-003812,P02075,T13,MJ018,Online,4,3700000,19.7,140000
2025-02-13,ORD-2025-003634,P00936,T13,DK033,Online,2,220000,9.1,550000
2025-02-13,ORD-2025-003634,P00936,T13,KS013,Online,1,10990000,14.1,550000
2025-02-13,ORD-2025-003634,P00936,T13,KS018,Online,1,7410000,11.0,360000
2025-02-13,ORD-2025-003634,P00936,T13,KS027,Online,3,6560000,12.8,330000
2025-02-13,ORD-2025-003658,P01361,T10,KS004,Marketplace,1,10560000,0.0,440000
2025-02-13,ORD-2025-003658,P01361,T10,MJ011,Marketplace,4,6920000,5.3,330000
2025-02-13,ORD-2025-003658,P01361,T10,LM004,Marketplace,1,4320000,11.7,560000
2025-02-13,ORD-2025-003658,P01361,T10,DK005,Marketplace,1,430000,15.2,530000
2025-02-13,ORD-2025-003690,P01986,T07,DK005,Toko,1,430000,9.3,
2025-02-13,ORD-2025-003690,P01986,T07,DK018,Toko,1,1000000,12.9,
2025-02-13,ORD-2025-003710,P01806,T13,KS014,Online,2,6440000,12.3,200000
2025-02-13,ORD-2025-003710,P01806,T13,PD010,Online,1,450000,0.0,440000
2025-02-13,ORD-2025-003710,P01806,T13,MJ039,Online,1,6590000,5.3,290000
2025-02-13,ORD-2025-003710,P01806,T13,PD015,Online,1,750000,9.6,170000
2025-02-13,ORD-2025-003712,P01242,T06,DK022,Toko,1,550000,0.0,
2025-02-13,ORD-2025-003712,P01242,T06,PD011,Toko,2,750000,11.6,
2025-02-13,ORD-2025-003712,P01242,T06,DK008,Toko,1,910000,10.2,
2025-02-13,ORD-2025-003718,P02173,T13,PD019,Online,1,1260000,8.0,270000
2025-02-13,ORD-2025-003784,P03430,T13,PD009,Online,2,840000,8.6,70000
2025-02-13,ORD-2025-003809,P02702,T08,KR030,Toko,1,3050000,0.0,
2025-02-13,ORD-2025-003809,P02702,T08,DK019,Toko,1,860000,15.3,
2025-02-13,ORD-2025-003809,P02702,T08,LM002,Toko,1,5960000,5.0,
2025-02-13,ORD-2025-003843,P00384,T05,MJ001,Toko,2,2940000,7.1,
2025-02-13,ORD-2025-003843,P00384,T05,DK006,Toko,1,2070000,15.9,
2025-02-14,ORD-2025-003698,P01567,T10,DK013,Toko,1,1520000,13.1,
2025-02-14,ORD-2025-003714,P03041,T09,KR035,Marketplace,1,1760000,1.0,320000
2025-02-14,ORD-2025-003732,P03143,T13,DK018,Online,2,1000000,0.0,570000
2025-02-14,ORD-2025-003733,P01413,T13,KR035,Online,1,1760000,9.7,520000
2025-02-14,ORD-2025-003761,P00547,T13,KS026,Online,1,6770000,14.4,190000
2025-02-14,ORD-2025-003866,P00893,T03,KR015,Toko,1,2050000,3.8,
2025-02-14,ORD-2025-003873,P00439,T02,KR010,Toko,1,1900000,9.4,
2025-02-15,ORD-2025-003624,P02234,T13,SF028,Online,3,6980000,11.4,230000
2025-02-15,ORD-2025-003660,P03413,T01,DK016,Toko,1,730000,7.9,
2025-02-15,ORD-2025-003719,P01258,T05,DK031,Marketplace,2,800000,13.7,520000
2025-02-15,ORD-2025-003722,P02261,T08,LM036,Toko,2,4150000,10.5,
2025-02-15,ORD-2025-003722,P02261,T08,PC024,Toko,1,850000,7.7,
2025-02-15,ORD-2025-003722,P02261,T08,DK027,Toko,1,630000,11.0,
2025-02-15,ORD-2025-003771,P01022,T13,PC018,Online,3,1420000,6.4,490000
2025-02-15,ORD-2025-003771,P01022,T13,DK014,Online,1,890000,12.5,150000
2025-02-15,ORD-2025-003771,P01022,T13,MJ046,Online,1,2600000,18.6,270000
2025-02-15,ORD-2025-003771,P01022,T13,DK021,Online,1,1010000,7.6,130000
2025-02-15,ORD-2025-003792,P03339,T11,LM031,Toko,2,6490000,12.1,
2025-02-16,ORD-2025-003670,P01586,T13,KR016,Online,1,3780000,8.9,470000
2025-02-16,ORD-2025-003670,P01586,T13,MJ038,Online,1,5030000,1.4,200000
2025-02-16,ORD-2025-003706,P02641,T05,DK043,Toko,1,760000,8.3,
2025-02-16,ORD-2025-003706,P02641,T05,PD013,Toko,1,1030000,14.3,
2025-02-16,ORD-2025-003745,P00960,T13,KR030,Online,1,3050000,8.2,430000
2025-02-16,ORD-2025-003762,P01898,T10,KR034,Toko,1,2350000,10.5,
2025-02-16,ORD-2025-003762,P01898,T10,DK003,Toko,1,420000,12.0,
2025-02-16,ORD-2025-003767,P01255,T05,PD008,Toko,1,970000,0.0,
2025-02-16,ORD-2025-003767,P01255,T05,PC017,Toko,4,1720000,0.0,
2025-02-16,ORD-2025-003767,P01255,T05,MJ022,Toko,1,4090000,7.8,130000
2025-02-16,ORD-2025-003788,P03053,T10,PD009,Marketplace,3,840000,0.0,260000
2025-02-16,ORD-2025-003788,P03053,T10,MJ015,Marketplace,1,2920000,11.3,260000
2025-02-16,ORD-2025-003788,P03053,T10,LM033,Marketplace,1,6100000,10.7,60000
2025-02-16,ORD-2025-003820,P02335,T02,LM029,Toko,1,8480000,8.6,440000
2025-02-16,ORD-2025-003834,P02046,T13,MJ029,Online,1,2890000,15.9,
2025-02-16,ORD-2025-003835,P01515,T13,KR010,Online,1,1900000,9.0,190000
2025-02-16,ORD-2025-003863,P03325,T13,SF025,Online,1,5340000,5.4,490000
2025-02-16,ORD-2025-003863,P03325,T13,MJ004,Online,1,3430000,9.7,500000
2025-02-16,ORD-2025-003863,P03325,T13,MJ011,Online,2,6920000,8.7,170000
2025-02-16,ORD-2025-003863,P03325,T13,KR044,Online,1,2280000,9.8,480000
2025-02-16,ORD-2025-003867,P01588,T13,LM024,Online,2,5790000,12.3,360000
2025-02-16,ORD-2025-003870,P02835,T04,DK010,Toko,1,690000,10.7,
2025-02-17,ORD-2025-003622,P01420,T07,PD018,Toko,1,530000,0.0,
2025-02-17,ORD-2025-003680,P02034,T13,KR043,Online,2,5270000,9.2,240000
2025-02-17,ORD-2025-003682,P00285,T12,PC028,Marketplace,1,2190000,10.2,580000
2025-02-17,ORD-2025-003686,P02771,T02,MJ007,Toko,1,5590000,10.7,
2025-02-17,ORD-2025-003686,P02771,T02,KR022,Toko,1,2200000,8.1,
2025-02-17,ORD-2025-003726,P00641,T13,KR032,Online,2,2340000,7.6,100000
2025-02-17,ORD-2025-003744,P03239,T05,PC030,Toko,3,1220000,0.0,150000
2025-02-17,ORD-2025-003772,P02867,T13,DK033,Online,1,220000,13.1,570000
2025-02-17,ORD-2025-003861,P03243,T02,KS001,Toko,1,9740000,14.7,
2025-02-17,ORD-2025-003861,P03243,T02,KR040,Toko,1,2380000,7.6,
2025-02-17,ORD-2025-003862,P00825,T10,DK012,Toko,1,960000,9.4,
2025-02-17,ORD-2025-003862,P00825,T10,PC008,Toko,3,1830000,12.7,
2025-02-17,ORD-2025-003862,P00825,T10,KR028,Toko,1,1780000,0.0,
2025-02-17,ORD-2025-003862,P00825,T10,MJ027,Toko,1,3790000,0.0,
2025-02-18,ORD-2025-003628,P01805,T07,KS017,Toko,3,15120000,7.0,
2025-02-18,ORD-2025-003628,P01805,T07,DK019,Toko,4,860000,0.0,
2025-02-18,ORD-2025-003628,P01805,T07,DK036,Toko,1,510000,6.0,
2025-02-18,ORD-2025-003628,P01805,T07,PC029,Toko,1,1900000,0.0,
2025-02-18,ORD-2025-003764,P03202,T13,KS008,Online,1,5690000,14.1,530000
2025-02-18,ORD-2025-003777,P00938,T11,DK013,Toko,1,1520000,5.1,
2025-02-18,ORD-2025-003869,P00822,T06,PC009,Toko,1,1490000,3.6,
2025-02-18,ORD-2025-003869,P00822,T06,DK018,Toko,2,1000000,8.3,
2025-02-19,ORD-2025-003635,P01768,T11,PD024,Marketplace,1,1130000,3.9,190000
2025-02-19,ORD-2025-003675,P01226,T09,KS013,Toko,1,10990000,5.2,
2025-02-19,ORD-2025-003675,P01226,T09,KS014,Toko,1,6440000,14.0,
2025-02-19,ORD-2025-003687,P03237,T02,KS029,Toko,1,8960000,8.6,
2025-02-19,ORD-2025-003687,P03237,T02,KR030,Toko,1,3050000,5.8,
2025-02-19,ORD-2025-003687,P03237,T02,DK033,Toko,1,220000,2.6,
2025-02-19,ORD-2025-003730,P02927,T13,LM010,Online,2,7760000,8.9,80000
2025-02-19,ORD-2025-003750,P01400,T13,SF041,Online,1,7920000,0.0,290000
2025-02-19,ORD-2025-003755,P01859,T13,KR014,Online,2,3530000,7.9,110000
2025-02-19,ORD-2025-003763,,T01,SF042,Toko,1,4260000,7.4,
2025-02-19,ORD-2025-003766,P01817,T02,PD021,Toko,1,660000,0.0,
2025-02-19,ORD-2025-003774,P00279,T05,PC013,Marketplace,2,1410000,9.4,410000
2025-02-19,ORD-2025-003848,P01127,T13,MJ024,Online,1,3010000,18.3,230000
2025-02-19,ORD-2025-003848,P01127,T13,PC014,Online,1,1800000,13.0,80000
2025-02-19,ORD-2025-003858,P02811,T13,DK009,Online,1,990000,9.9,270000
2025-02-19,ORD-2025-003876,P02066,T13,DK044,Online,2,1380000,11.3,590000
2025-02-20,ORD-2025-003620,P00700,T09,PC022,Toko,1,3000000,0.0,
2025-02-20,ORD-2025-003638,,T03,PC001,Toko,1,1430000,10.1,
2025-02-20,ORD-2025-003663,P00568,T13,PD007,Online,1,770000,18.2,160000
2025-02-20,ORD-2025-003663,P00568,T13,SF012,Online,1,7980000,11.5,260000
2025-02-20,ORD-2025-003663,P00568,T13,KR028,Online,1,1780000,11.3,240000
2025-02-20,ORD-2025-003663,P00568,T13,DK023,Online,1,770000,15.5,60000
2025-02-20,ORD-2025-003666,P01046,T13,SF014,Online,1,11630000,3.4,580000
2025-02-20,ORD-2025-003711,P00115,T05,KS027,Toko,1,6560000,3.8,
2025-02-20,ORD-2025-003711,P00115,T05,DK010,Toko,2,690000,7.4,
2025-02-20,ORD-2025-003724,P03454,T13,DK013,Online,1,1520000,0.0,80000
2025-02-20,ORD-2025-003724,P03454,T13,MJ015,Online,4,2920000,4.0,510000
2025-02-20,ORD-2025-003728,P03034,T13,PD006,Online,2,970000,0.0,520000
2025-02-20,ORD-2025-003728,P03034,T13,KS012,Online,1,11030000,14.3,490000
2025-02-20,ORD-2025-003802,P01549,T06,LM021,Marketplace,1,7550000,0.0,370000
2025-02-20,ORD-2025-003802,P01549,T06,DK010,Marketplace,1,690000,14.9,200000
2025-02-20,ORD-2025-003807,P03229,T13,SF025,Online,1,5340000,11.1,340000
2025-02-20,ORD-2025-003807,P03229,T13,DK040,Online,1,1260000,9.4,540000
2025-02-20,ORD-2025-003807,P03229,T13,PC030,Online,1,1220000,0.0,
2025-02-20,ORD-2025-003807,P03229,T13,PD001,Online,1,1710000,5.4,350000
2025-02-20,ORD-2025-003845,,T10,PC004,Toko,1,1660000,7.6,
2025-02-20,ORD-2025-003851,P00559,T13,KR016,Online,1,3780000,14.4,420000
2025-02-20,ORD-2025-003851,P00559,T13,MJ041,Online,1,2240000,1.7,510000
2025-02-20,ORD-2025-003851,P00559,T13,PC026,Online,1,860000,7.4,440000
2025-02-21,ORD-2025-003656,P02387,T09,PC009,Toko,1,1490000,7.9,
2025-02-21,ORD-2025-003689,P02294,T08,PC024,Toko,1,850000,21.9,
2025-02-21,ORD-2025-003747,P00170,T02,KR034,Toko,1,2350000,10.4,
2025-02-21,ORD-2025-003747,P00170,T02,DK002,Toko,1,490000,8.2,
2025-02-21,ORD-2025-003806,P00579,T13,KR020,Online,1,1970000,10.4,90000
2025-02-21,ORD-2025-003815,P01473,T01,LM021,Toko,2,7550000,11.6,
2025-02-21,ORD-2025-003815,P01473,T01,KR008,Toko,2,2800000,0.8,
2025-02-21,ORD-2025-003839,P03166,T11,LM004,Toko,2,4320000,9.9,
2025-02-21,ORD-2025-003839,P03166,T11,SF031,Toko,1,3420000,8.2,
2025-02-21,ORD-2025-003844,,T09,PD009,Toko,1,840000,0.0,
2025-02-21,ORD-2025-003844,,T09,DK040,Toko,1,1260000,0.0,
2025-02-21,ORD-2025-003844,,T09,MJ018,Toko,2,3700000,0.0,
2025-02-22,ORD-2025-003623,P02642,T13,DK035,Online,1,400000,7.4,100000
2025-02-22,ORD-2025-003640,P02656,T10,KR023,Toko,2,1270000,12.4,
2025-02-22,ORD-2025-003645,P00109,T07,PC027,Toko,2,3210000,8.0,
2025-02-22,ORD-2025-003685,P00549,T13,KS006,Online,3,8770000,12.2,180000
2025-02-22,ORD-2025-003725,P02147,T13,KR002,Online,2,1500000,7.4,110000
2025-02-22,ORD-2025-003725,P02147,T13,PD020,Online,1,920000,8.8,460000
2025-02-22,ORD-2025-003725,P02147,T13,LM028,Online,1,6300000,13.8,590000
2025-02-22,ORD-2025-003734,P01120,T08,DK003,Toko,1,420000,11.8,80000
2025-02-22,ORD-2025-003734,P01120,T08,DK013,Toko,1,1520000,7.3,
2025-02-22,ORD-2025-003787,P02274,T13,KR010,Online,1,1900000,6.8,
2025-02-22,ORD-2025-003793,P01110,T06,KR001,Toko,2,3260000,11.4,
2025-02-22,ORD-2025-003804,P03229,T13,KR018,Online,1,1090000,14.4,170000
2025-02-22,ORD-2025-003804,P03229,T13,KS031,Online,1,4390000,6.3,420000
2025-02-22,ORD-2025-003859,P01500,T09,KR017,Toko,1,4540000,11.3,
2025-02-22,ORD-2025-003859,P01500,T09,MJ004,Toko,1,3430000,0.0,
2025-02-22,ORD-2025-003859,P01500,T09,MJ020,Toko,1,4520000,10.2,400000
2025-02-23,ORD-2025-003619,P01276,T11,KR023,Toko,1,1270000,8.6,400000
2025-02-23,ORD-2025-003619,P01276,T11,PC019,Toko,1,1840000,10.4,
2025-02-23,ORD-2025-003619,P01276,T11,LM038,Toko,2,5010000,12.0,
2025-02-23,ORD-2025-003619,P01276,T11,PC004,Toko,1,1660000,12.5,
2025-02-23,ORD-2025-003649,P01521,T03,PD020,Marketplace,1,920000,6.6,400000
2025-02-23,ORD-2025-003649,P01521,T03,KR008,Marketplace,1,2800000,0.0,350000
2025-02-23,ORD-2025-003664,P02610,T02,SF042,Toko,2,4260000,10.6,
2025-02-23,ORD-2025-003668,P02200,T04,MJ018,Toko,1,3700000,0.0,
2025-02-23,ORD-2025-003672,P01910,T05,PD021,Toko,1,660000,10.5,
2025-02-23,ORD-2025-003693,P01123,T07,KR022,Toko,3,2200000,10.2,
2025-02-23,ORD-2025-003693,P01123,T07,LM006,Toko,1,13730000,15.7,
2025-02-23,ORD-2025-003736,P00914,T08,KS008,Toko,2,5690000,13.7,
2025-02-23,ORD-2025-003736,P00914,T08,MJ017,Toko,1,3280000,0.0,
2025-02-23,ORD-2025-003740,P00908,T13,DK009,Online,1,990000,13.6,320000
2025-02-23,ORD-2025-003740,P00908,T13,PC002,Online,1,1740000,0.0,400000
2025-02-23,ORD-2025-003742,P00363,T09,PC012,Toko,1,1870000,11.0,
2025-02-23,ORD-2025-003742,P00363,T09,KR032,Toko,3,2340000,15.6,
2025-02-23,ORD-2025-003743,P00844,T13,SF027,Online,1,36010000,5.5,70000
2025-02-23,ORD-2025-003743,P00844,T13,DK044,Online,1,1380000,14.1,410000
2025-02-23,ORD-2025-003743,P00844,T13,LM038,Online,1,5010000,9.4,570000
2025-02-23,ORD-2025-003746,P01874,T07,DK016,Toko,2,730000,15.9,
2025-02-23,ORD-2025-003749,P02948,T03,DK035,Toko,2,400000,13.8,
2025-02-23,ORD-2025-003752,P03123,T13,LM009,Online,1,2210000,0.0,110000
2025-02-23,ORD-2025-003790,P00969,T08,DK028,Toko,2,730000,0.0,
2025-02-23,ORD-2025-003868,P02331,T06,MJ045,Marketplace,2,2740000,0.0,450000
2025-02-23,ORD-2025-003871,P01248,T13,KR022,Online,1,2200000,4.5,400000
2025-02-24,ORD-2025-003636,P02047,T13,PC025,Online,1,1800000,9.2,330000
2025-02-24,ORD-2025-003650,P01748,T13,SF041,Online,1,7920000,10.8,90000
2025-02-24,ORD-2025-003650,P01748,T13,MJ018,Online,2,3700000,11.9,130000
2025-02-24,ORD-2025-003650,P01748,T13,PD001,Online,1,1710000,6.4,
2025-02-24,ORD-2025-003679,P02254,T08,SF034,Marketplace,1,13040000,8.4,520000
2025-02-24,ORD-2025-003699,P00970,T13,KS002,Online,1,6150000,11.1,260000
2025-02-24,ORD-2025-003699,P00970,T13,MJ027,Online,1,3790000,12.2,220000
2025-02-24,ORD-2025-003699,P00970,T13,KR018,Online,1,1090000,7.7,440000
2025-02-24,ORD-2025-003707,P02447,T13,SF038,Online,4,6260000,11.7,110000
2025-02-24,ORD-2025-003707,P02447,T13,DK025,Online,1,660000,13.5,590000
2025-02-24,ORD-2025-003707,P02447,T13,PC014,Online,1,1800000,14.2,570000
2025-02-24,ORD-2025-003707,P02447,T13,MJ035,Online,1,5190000,7.7,390000
2025-02-24,ORD-2025-003826,P00708,T11,MJ045,Marketplace,4,2740000,7.9,450000
2025-02-24,ORD-2025-003850,P01111,T13,DK016,Online,1,730000,8.6,200000
2025-02-24,ORD-2025-003850,P01111,T13,KR010,Online,1,1900000,9.8,340000
2025-02-25,ORD-2025-003621,P02256,T10,KR025,Marketplace,1,3670000,6.8,440000
2025-02-25,ORD-2025-003646,P03205,T01,DK020,Toko,1,690000,19.8,
2025-02-25,ORD-2025-003646,P03205,T01,KS034,Toko,1,6400000,16.5,
2025-02-25,ORD-2025-003667,P02703,T08,PC027,Toko,1,3210000,13.9,
2025-02-25,ORD-2025-003696,P02218,T13,DK033,Online,1,220000,11.4,590000
2025-02-25,ORD-2025-003735,P01750,T13,PC011,Online,1,4490000,16.9,510000
2025-02-25,ORD-2025-003735,P01750,T13,DK003,Online,3,420000,0.0,580000
2025-02-25,ORD-2025-003780,P01925,T13,DK036,Online,1,510000,4.7,230000
2025-02-25,ORD-2025-003780,P01925,T13,DK019,Online,1,860000,5.5,570000
2025-02-25,ORD-2025-003805,P03230,T09,MJ016,Marketplace,2,7350000,0.0,90000
2025-02-25,ORD-2025-003814,,T07,MJ021,Toko,2,2560000,15.6,
2025-02-25,ORD-2025-003814,,T07,PC022,Toko,1,3000000,15.9,
2025-02-25,ORD-2025-003865,P02290,T11,KR002,Toko,2,1500000,11.4,
2025-02-25,ORD-2025-003875,P00176,T09,SF005,Toko,2,13820000,10.7,
2025-02-26,ORD-2025-003661,P02564,T02,DK043,Toko,2,760000,18.7,360000
2025-02-26,ORD-2025-003737,P00322,T06,PC004,Toko,1,1660000,16.4,
2025-02-26,ORD-2025-003782,P01260,T06,KR041,Toko,4,1620000,14.8,
2025-02-26,ORD-2025-003782,P01260,T06,PC017,Toko,3,1720000,10.7,
2025-02-26,ORD-2025-003782,P01260,T06,PC020,Toko,1,2530000,0.0,
2025-02-26,ORD-2025-003791,P02141,T01,DK002,Toko,1,490000,16.9,
2025-02-26,ORD-2025-003791,P02141,T01,KR008,Toko,1,2800000,0.0,
2025-02-26,ORD-2025-003831,P03218,T09,PD020,Toko,2,920000,11.3,
2025-02-26,ORD-2025-003831,P03218,T09,DK020,Toko,2,690000,0.0,
2025-02-27,ORD-2025-003633,P01115,T05,KR014,Toko,1,3530000,8.8,
2025-02-27,ORD-2025-003633,P01115,T05,DK002,Toko,1,490000,15.1,
2025-02-27,ORD-2025-003633,P01115,T05,PC029,Toko,3,1900000,11.3,
2025-02-27,ORD-2025-003633,P01115,T05,DK001,Toko,1,530000,0.0,
2025-02-27,ORD-2025-003644,P00628,T13,SF025,Online,1,5340000,0.0,390000
2025-02-27,ORD-2025-003644,P00628,T13,LM024,Online,1,5790000,7.6,330000
2025-02-27,ORD-2025-003644,P00628,T13,DK013,Online,1,1520000,16.4,180000
2025-02-27,ORD-2025-003644,P00628,T13,PC013,Online,1,1410000,2.4,220000
2025-02-27,ORD-2025-003654,P02820,T13,DK024,Online,2,930000,18.4,340000
2025-02-27,ORD-2025-003692,P02162,T06,PD014,Toko,1,1590000,0.0,
2025-02-27,ORD-2025-003692,P02162,T06,DK033,Toko,4,220000,9.7,
2025-02-27,ORD-2025-003723,P00580,T13,PD021,Online,1,660000,12.6,510000
2025-02-27,ORD-2025-003738,,T12,MJ022,Toko,1,4090000,18.3,
2025-02-27,ORD-2025-003756,P01499,T11,KR004,Marketplace,1,1790000,0.0,420000
2025-02-27,ORD-2025-003768,P00991,T06,DK014,Toko,2,890000,3.3,
2025-02-27,ORD-2025-003775,P00145,T13,DK032,Online,2,340000,0.0,550000
2025-02-27,ORD-2025-003781,P03270,T09,LM018,Toko,2,22510000,0.0,
2025-02-27,ORD-2025-003781,P03270,T09,KR037,Toko,2,2790000,10.9,
2025-02-27,ORD-2025-003781,P03270,T09,PC017,Toko,1,1720000,5.3,
2025-02-27,ORD-2025-003781,P03270,T09,PC009,Toko,1,1490000,9.2,
2025-02-27,ORD-2025-003800,P02494,T09,DK003,Toko,2,420000,0.0,
2025-02-27,ORD-2025-003813,P00888,T06,LM004,Toko,1,4320000,11.1,
2025-02-27,ORD-2025-003818,P02299,T08,SF033,Toko,1,9380000,16.9,
2025-02-27,ORD-2025-003819,P00500,T13,PD015,Online,1,750000,13.0,510000
2025-02-27,ORD-2025-003860,P02100,T13,DK030,Online,2,930000,0.0,410000
2025-02-28,ORD-2025-003629,P02268,T13,DK005,Online,1,430000,14.3,350000
2025-02-28,ORD-2025-003659,P03268,T09,DK037,Toko,1,540000,0.0,
2025-02-28,ORD-2025-003665,P02204,T13,SF001,Online,1,7750000,9.3,250000
2025-02-28,ORD-2025-003669,P02307,T12,KR014,Toko,1,3530000,9.4,
2025-02-28,ORD-2025-003671,P02553,T02,PC024,Toko,2,850000,10.8,
2025-02-28,ORD-2025-003671,P02553,T02,PD019,Toko,1,1260000,14.7,
2025-02-28,ORD-2025-003700,P02852,T04,DK009,Toko,1,990000,8.8,
2025-02-28,ORD-2025-003704,,T06,PC005,Toko,2,660000,14.3,
2025-02-28,ORD-2025-003704,,T06,SF023,Toko,2,7750000,11.8,
2025-02-28,ORD-2025-003705,P00071,T03,DK029,Toko,3,500000,8.5,
2025-02-28,ORD-2025-003709,P01998,T11,MJ037,Toko,1,3320000,9.0,
2025-02-28,ORD-2025-003715,P01805,T11,DK038,Toko,3,530000,0.0,
2025-02-28,ORD-2025-003720,P00565,T09,KS028,Marketplace,1,7780000,0.0,70000
2025-02-28,ORD-2025-003741,P00762,T02,KR020,Marketplace,1,1970000,0.0,470000
2025-02-28,ORD-2025-003765,P03285,T13,LM028,Online,2,6300000,10.2,560000
2025-02-28,ORD-2025-003765,P03285,T13,KR041,Online,1,1620000,0.0,400000
2025-02-28,ORD-2025-003776,,T04,PC009,Toko,1,1490000,8.8,
2025-02-28,ORD-2025-003776,,T04,SF039,Toko,1,6120000,7.4,
2025-02-28,ORD-2025-003808,P01579,T06,LM006,Marketplace,1,13730000,6.4,
2025-02-28,ORD-2025-003808,P01579,T06,DK044,Marketplace,1,1380000,13.4,340000
2025-02-28,ORD-2025-003822,P00276,T03,MJ015,Toko,2,2920000,6.5,
2025-02-28,ORD-2025-003830,P03447,T13,DK021,Online,2,1010000,0.0,140000
2025-02-28,ORD-2025-003841,P02686,T13,PC032,Online,1,470000,13.2,50000
2025-02-28,ORD-2025-003872,P00196,T05,DK013,Toko,1,1520000,0.0,180000
2025-02-28,ORD-2025-003872,P00196,T05,PD026,Toko,2,520000,0.0,100000
2025-02-28,ORD-2025-003874,P01878,T13,SF012,Online,1,7980000,11.1,430000
2025-03-01,ORD-2025-003885,P01749,T09,PC013,Marketplace,2,1410000,12.7,380000
2025-03-01,ORD-2025-003885,P01749,T09,PD012,Marketplace,2,1500000,11.0,320000
2025-03-01,ORD-2025-003886,P02383,T01,PC025,Toko,2,1800000,4.6,
2025-03-01,ORD-2025-003886,P02383,T01,PC007,Toko,2,1510000,2.3,
2025-03-01,ORD-2025-003927,P00958,T13,PC007,Online,1,1510000,12.2,360000
2025-03-01,ORD-2025-003982,P00204,T05,KR006,Marketplace,3,3040000,12.1,470000
2025-03-01,ORD-2025-004001,P00269,T03,LM013,Toko,1,3180000,12.1,
2025-03-01,ORD-2025-004001,P00269,T03,DK002,Toko,4,490000,12.5,
2025-03-01,ORD-2025-004017,P01294,T13,DK016,Online,1,730000,10.1,290000
2025-03-01,ORD-2025-004083,P01143,T13,SF027,Online,1,36010000,10.4,540000
2025-03-01,ORD-2025-004112,P00184,T13,KS012,Online,1,11030000,10.7,540000
2025-03-01,ORD-2025-004112,P00184,T13,LM013,Online,2,3180000,12.2,320000
2025-03-01,ORD-2025-004112,P00184,T13,DK002,Online,2,490000,17.6,420000
2025-03-01,ORD-2025-004112,P00184,T13,MJ046,Online,1,2600000,18.6,90000
2025-03-01,ORD-2025-004139,,T02,DK032,Toko,1,340000,15.0,
2025-03-01,ORD-2025-004139,,T02,PC005,Toko,2,660000,12.8,
2025-03-01,ORD-2025-004139,,T02,LM005,Toko,1,6890000,17.9,
2025-03-01,ORD-2025-004154,P02489,T13,DK026,Online,1,1170000,0.0,590000
2025-03-01,ORD-2025-004184,P02468,T02,DK042,Toko,1,1280000,13.9,
2025-03-01,ORD-2025-004184,P02468,T02,KR045,Toko,1,3000000,14.8,
2025-03-01,ORD-2025-004184,P02468,T02,PD015,Toko,1,750000,8.9,430000
2025-03-02,ORD-2025-003896,P02220,T01,DK027,Marketplace,2,630000,8.2,570000
2025-03-02,ORD-2025-003904,P00557,T13,DK001,Online,1,530000,16.4,580000
2025-03-02,ORD-2025-003905,P01810,T13,DK001,Online,1,530000,0.0,200000
2025-03-02,ORD-2025-003905,P01810,T13,DK023,Online,2,770000,0.0,80000
2025-03-02,ORD-2025-003966,P03105,T04,PD005,Toko,2,390000,19.6,
2025-03-02,ORD-2025-003966,P03105,T04,DK040,Toko,1,1260000,8.2,
2025-03-02,ORD-2025-004016,P02152,T02,DK017,Toko,3,1740000,10.0,
2025-03-02,ORD-2025-004045,P00575,T06,PD015,Toko,1,750000,14.0,
2025-03-02,ORD-2025-004077,P02008,T13,DK027,Online,1,630000,19.0,160000
2025-03-02,ORD-2025-004077,P02008,T13,MJ004,Online,1,3430000,16.6,420000
2025-03-02,ORD-2025-004090,P00951,T12,MJ021,Toko,1,2560000,0.0,
2025-03-02,ORD-2025-004098,P01210,T13,DK019,Online,3,860000,0.0,250000
2025-03-02,ORD-2025-004129,P01608,T03,KR006,Toko,1,3040000,0.0,
2025-03-02,ORD-2025-004129,P01608,T03,SF016,Toko,1,10420000,16.3,
2025-03-02,ORD-2025-004129,P01608,T03,DK036,Toko,1,510000,17.5,
2025-03-03,ORD-2025-003892,P02668,T13,LM015,Online,2,3180000,14.9,330000
2025-03-03,ORD-2025-003892,P02668,T13,SF029,Online,1,7520000,0.0,80000
2025-03-03,ORD-2025-003911,P01366,T09,KR002,Marketplace,2,1500000,1.5,260000
2025-03-03,ORD-2025-003911,P01366,T09,PD005,Marketplace,1,390000,8.0,280000
2025-03-03,ORD-2025-003911,P01366,T09,PD014,Marketplace,2,1590000,0.0,490000
2025-03-03,ORD-2025-003977,P01755,T10,DK007,Toko,4,900000,5.9,
2025-03-03,ORD-2025-003977,P01755,T10,MJ007,Toko,4,5590000,19.5,
2025-03-03,ORD-2025-003990,P02035,T02,MJ031,Toko,1,7400000,9.4,
2025-03-03,ORD-2025-003992,P00825,T04,KS031,Toko,2,4390000,0.1,
2025-03-03,ORD-2025-004124,P01983,T03,PD024,Toko,1,1130000,17.0,
2025-03-03,ORD-2025-004164,P00920,T13,MJ023,Online,1,8100000,0.0,220000
2025-03-03,ORD-2025-004168,P01155,T06,SF025,Marketplace,2,5340000,11.0,260000
2025-03-03,ORD-2025-004187,P02461,T02,KR030,Toko,1,3050000,7.5,
2025-03-03,ORD-2025-004187,P02461,T02,SF015,Toko,1,6690000,12.0,
2025-03-04,ORD-2025-003897,P00446,T06,DK024,Toko,1,930000,11.0,
2025-03-04,ORD-2025-003907,P02354,T07,LM038,Toko,1,5010000,7.6,
2025-03-04,ORD-2025-003936,P03067,T07,PC009,Marketplace,1,1490000,14.2,130000
2025-03-04,ORD-2025-003945,P02215,T12,LM023,Toko,1,8770000,7.0,
2025-03-04,ORD-2025-003962,P01033,T05,PD002,Toko,4,1150000,9.4,
2025-03-04,ORD-2025-003980,P03092,T13,DK027,Online,1,630000,17.4,250000
2025-03-04,ORD-2025-003991,P02977,T13,KR024,Online,1,3000000,17.3,480000
2025-03-04,ORD-2025-004013,P01542,T13,PC024,Online,1,850000,0.0,90000
2025-03-04,ORD-2025-004021,P02850,T13,MJ006,Online,1,4050000,17.6,290000
2025-03-04,ORD-2025-004021,P02850,T13,LM032,Online,1,4960000,8.7,70000
2025-03-04,ORD-2025-004021,P02850,T13,PC005,Online,1,660000,13.7,570000
2025-03-04,ORD-2025-004022,P03363,T01,PD013,Toko,1,1030000,13.4,
2025-03-04,ORD-2025-004022,P03363,T01,KS028,Toko,1,7780000,8.1,
2025-03-04,ORD-2025-004022,P03363,T01,KS034,Toko,1,6400000,6.7,
2025-03-04,ORD-2025-004040,P02505,T11,DK043,Toko,1,760000,0.0,
2025-03-04,ORD-2025-004040,P02505,T11,DK040,Toko,1,1260000,6.5,
2025-03-04,ORD-2025-004051,P03064,T11,DK017,Toko,1,1740000,0.0,
2025-03-04,ORD-2025-004051,P03064,T11,DK039,Toko,1,870000,9.9,
2025-03-04,ORD-2025-004062,P02325,T13,MJ006,Online,1,4050000,4.8,280000
2025-03-04,ORD-2025-004096,P00424,T07,DK029,Marketplace,3,500000,7.2,580000
2025-03-04,ORD-2025-004116,P03132,T01,PC031,Toko,1,1660000,0.0,
2025-03-04,ORD-2025-004126,P00125,T13,PC031,Online,1,1660000,8.3,520000
2025-03-05,ORD-2025-003908,P01317,T13,DK005,Online,1,430000,4.6,90000
2025-03-05,ORD-2025-003908,P01317,T13,MJ036,Online,3,3410000,12.2,220000
2025-03-05,ORD-2025-003960,P02242,T13,LM040,Online,2,9610000,13.3,150000
2025-03-05,ORD-2025-003960,P02242,T13,SF031,Online,1,3420000,8.8,300000
2025-03-05,ORD-2025-003960,P02242,T13,DK003,Online,1,420000,12.4,480000
2025-03-05,ORD-2025-004005,P00342,T11,DK044,Marketplace,1,1380000,13.2,100000
2025-03-05,ORD-2025-004011,,T06,DK005,Toko,1,430000,14.2,
2025-03-05,ORD-2025-004086,P03247,T09,MJ009,Marketplace,4,2670000,1.6,580000
2025-03-05,ORD-2025-004111,,T06,KS014,Toko,1,6440000,10.5,
2025-03-05,ORD-2025-004181,P01924,T13,PC020,Online,1,2530000,0.0,170000
2025-03-05,ORD-2025-004181,P01924,T13,DK019,Online,1,860000,0.0,270000
2025-03-06,ORD-2025-003917,P00412,T13,SF015,Online,2,6690000,2.7,370000
2025-03-06,ORD-2025-003917,P00412,T13,PD001,Online,3,1710000,11.4,450000
2025-03-06,ORD-2025-003944,P01485,T10,PD015,Toko,1,750000,10.3,
2025-03-06,ORD-2025-003986,P02586,T08,KR017,Marketplace,1,4540000,9.7,250000
2025-03-06,ORD-2025-003998,P01769,T05,MJ031,Toko,1,7400000,8.9,
2025-03-06,ORD-2025-003998,P01769,T05,LM033,Toko,1,6100000,4.0,
2025-03-06,ORD-2025-003998,P01769,T05,DK009,Toko,1,990000,0.0,
2025-03-06,ORD-2025-004006,P02441,T06,DK031,Toko,2,800000,6.8,
2025-03-06,ORD-2025-004015,P00601,T04,PC003,Toko,3,1200000,0.0,
2025-03-06,ORD-2025-004029,P00796,T05,SF025,Toko,1,5340000,14.8,
2025-03-06,ORD-2025-004029,P00796,T05,KR038,Toko,1,2240000,7.9,
2025-03-06,ORD-2025-004029,P00796,T05,PC031,Toko,1,1660000,5.0,
2025-03-06,ORD-2025-004061,P01565,T12,MJ037,Toko,1,3320000,11.6,
2025-03-06,ORD-2025-004061,P01565,T12,KR035,Toko,2,1760000,12.6,
2025-03-06,ORD-2025-004117,P00978,T13,DK004,Online,1,1240000,12.8,430000
2025-03-06,ORD-2025-004144,P00442,T13,DK016,Online,1,730000,7.4,250000
2025-03-06,ORD-2025-004145,P00793,T07,PD003,Toko,1,1200000,16.5,
2025-03-06,ORD-2025-004151,P01404,T02,KR012,Toko,1,2460000,10.3,
2025-03-06,ORD-2025-004151,P01404,T02,PD006,Toko,2,970000,8.4,
2025-03-06,ORD-2025-004188,P01119,T02,DK027,Toko,2,630000,15.8,
2025-03-07,ORD-2025-003916,P00462,T07,MJ027,Toko,1,3790000,0.0,
2025-03-07,ORD-2025-003921,P01720,T05,DK008,Toko,1,910000,12.4,
2025-03-07,ORD-2025-003929,P01954,T06,DK031,Marketplace,1,800000,12.5,590000
2025-03-07,ORD-2025-003929,P01954,T06,PD010,Marketplace,2,450000,14.7,
2025-03-07,ORD-2025-003929,P01954,T06,SF010,Marketplace,3,18330000,6.1,130000
2025-03-07,ORD-2025-003929,P01954,T06,DK035,Marketplace,1,400000,10.1,480000
2025-03-07,ORD-2025-003959,P02802,T13,DK022,Online,1,550000,8.0,130000
2025-03-07,ORD-2025-003959,P02802,T13,PD020,Online,2,920000,10.4,400000
2025-03-07,ORD-2025-003959,P02802,T13,SF010,Online,3,18330000,0.0,
2025-03-07,ORD-2025-003959,P02802,T13,DK023,Online,1,770000,11.1,230000
2025-03-07,ORD-2025-003971,P01162,T12,KR004,Marketplace,1,1790000,15.6,120000
2025-03-07,ORD-2025-003979,P02909,T11,DK013,Marketplace,1,1520000,6.5,240000
2025-03-07,ORD-2025-003979,P02909,T11,MJ029,Marketplace,1,2890000,9.3,290000
2025-03-07,ORD-2025-004068,P01235,T02,LM031,Toko,1,6490000,12.1,
2025-03-07,ORD-2025-004069,P03341,T13,DK030,Online,2,930000,7.3,60000
2025-03-07,ORD-2025-004069,P03341,T13,PD013,Online,1,1030000,4.8,220000
2025-03-07,ORD-2025-004094,P02140,T13,DK035,Online,1,400000,9.0,390000
2025-03-07,ORD-2025-004102,P01483,T13,PC032,Online,2,470000,11.5,330000
2025-03-07,ORD-2025-004119,P03445,T11,KR012,Toko,1,2460000,9.2,130000
2025-03-07,ORD-2025-004119,P03445,T11,KR013,Toko,1,3330000,10.8,
2025-03-07,ORD-2025-004119,P03445,T11,SF021,Toko,3,9200000,11.3,
2025-03-07,ORD-2025-004119,P03445,T11,LM034,Toko,1,5930000,17.7,
2025-03-07,ORD-2025-004138,P01764,T06,KR046,Marketplace,1,1210000,5.9,340000
2025-03-07,ORD-2025-004138,P01764,T06,PC009,Marketplace,1,1490000,0.0,580000
2025-03-07,ORD-2025-004138,P01764,T06,KR029,Marketplace,1,5120000,13.3,540000
2025-03-07,ORD-2025-004143,P01904,T08,PC029,Toko,1,1900000,11.1,
2025-03-07,ORD-2025-004165,P03108,T05,KR003,Toko,1,1440000,17.0,
2025-03-07,ORD-2025-004165,P03108,T05,KR022,Toko,1,2200000,0.0,
2025-03-07,ORD-2025-004165,P03108,T05,DK007,Toko,1,900000,8.2,
2025-03-07,ORD-2025-004171,P00550,T13,KS023,Online,1,13410000,5.3,560000
2025-03-08,ORD-2025-003883,P01680,T13,LM007,Online,1,4350000,8.4,200000
2025-03-08,ORD-2025-003883,P01680,T13,PC019,Online,1,1840000,11.6,150000
2025-03-08,ORD-2025-003948,P00539,T04,KR007,Toko,1,1690000,0.0,
2025-03-08,ORD-2025-004048,P03357,T08,DK025,Toko,4,660000,0.0,
2025-03-08,ORD-2025-004048,P03357,T08,SF003,Toko,1,12490000,10.5,
2025-03-08,ORD-2025-004057,P00327,T02,DK023,Toko,1,770000,13.5,
2025-03-08,ORD-2025-004057,P00327,T02,LM020,Toko,1,8740000,5.0,
2025-03-08,ORD-2025-004060,P01813,T01,LM018,Toko,1,22510000,14.4,
2025-03-08,ORD-2025-004089,P02107,T13,DK010,Online,1,690000,0.0,90000
2025-03-08,ORD-2025-004089,P02107,T13,MJ001,Online,1,2940000,0.0,440000
2025-03-08,ORD-2025-004097,P01251,T11,PD008,Toko,1,970000,11.1,
2025-03-08,ORD-2025-004097,P01251,T11,DK031,Toko,1,800000,0.0,
2025-03-08,ORD-2025-004097,P01251,T11,KR026,Toko,2,2860000,8.8,
2025-03-08,ORD-2025-004100,P00521,T08,KR002,Toko,1,1500000,0.0,280000
2025-03-08,ORD-2025-004100,P00521,T08,KR025,Toko,1,3670000,16.0,
2025-03-08,ORD-2025-004141,P02974,T12,KS016,Toko,1,26320000,0.0,
2025-03-08,ORD-2025-004156,P01742,T05,KS030,Toko,1,3860000,16.7,
2025-03-08,ORD-2025-004156,P01742,T05,KS004,Toko,1,10560000,7.5,
2025-03-08,ORD-2025-004156,P01742,T05,MJ016,Toko,1,7350000,7.1,
2025-03-08,ORD-2025-004158,P01448,T03,PC026,Toko,1,860000,5.6,
2025-03-09,ORD-2025-003898,P03432,T09,KR046,Toko,1,1210000,12.8,
2025-03-09,ORD-2025-003900,P03451,T13,PC020,Online,1,2530000,10.7,550000
2025-03-09,ORD-2025-003900,P03451,T13,DK021,Online,2,1010000,12.0,430000
2025-03-09,ORD-2025-004036,P00168,T13,KR003,Online,1,1440000,4.2,140000
2025-03-09,ORD-2025-004073,P01888,T11,DK036,Marketplace,1,510000,18.0,320000
2025-03-09,ORD-2025-004106,P00944,T10,MJ033,Toko,1,4180000,0.0,
2025-03-09,ORD-2025-004160,P02160,T13,DK007,Online,1,900000,0.0,570000
2025-03-09,ORD-2025-004185,P01277,T03,KR007,Marketplace,1,1690000,5.3,160000
2025-03-09,ORD-2025-004185,P01277,T03,DK025,Marketplace,4,660000,6.8,210000
2025-03-10,ORD-2025-003887,P02816,T11,MJ006,Toko,1,4050000,8.5,
2025-03-10,ORD-2025-003909,P00291,T13,PD026,Online,2,520000,12.6,300000
2025-03-10,ORD-2025-003909,P00291,T13,KR041,Online,1,1620000,0.0,580000
2025-03-10,ORD-2025-003938,P02542,T13,PD005,Online,1,390000,10.2,170000
2025-03-10,ORD-2025-003938,P02542,T13,DK005,Online,2,430000,8.7,460000
2025-03-10,ORD-2025-003942,P00903,T06,KS025,Toko,2,7830000,13.7,
2025-03-10,ORD-2025-003942,P00903,T06,MJ042,Toko,1,10940000,13.4,
2025-03-10,ORD-2025-003942,P00903,T06,DK007,Toko,1,900000,13.2,
2025-03-10,ORD-2025-003950,P01762,T02,LM029,Marketplace,2,8480000,7.4,300000
2025-03-10,ORD-2025-003950,P01762,T02,DK022,Marketplace,1,550000,0.0,50000
2025-03-10,ORD-2025-003957,P02819,T13,DK039,Online,1,870000,13.7,130000
2025-03-10,ORD-2025-003957,P02819,T13,DK033,Online,1,220000,9.2,470000
2025-03-10,ORD-2025-003996,P03245,T13,KR040,Online,1,2380000,0.0,230000
2025-03-10,ORD-2025-004049,P02649,T13,KR045,Online,1,3000000,0.0,440000
2025-03-10,ORD-2025-004055,P02262,T06,DK031,Toko,1,800000,14.0,
2025-03-10,ORD-2025-004065,P02903,T13,DK027,Online,3,630000,10.6,490000
2025-03-10,ORD-2025-004065,P02903,T13,KR040,Online,2,2380000,14.7,60000
2025-03-10,ORD-2025-004074,,T04,DK026,Toko,1,1170000,12.5,
2025-03-10,ORD-2025-004075,P01516,T13,LM027,Online,1,14450000,3.2,380000
2025-03-10,ORD-2025-004122,P01939,T11,DK013,Toko,1,1520000,12.1,
2025-03-10,ORD-2025-004122,P01939,T11,PC002,Toko,3,1740000,11.5,
2025-03-10,ORD-2025-004122,P01939,T11,MJ005,Toko,1,4030000,0.0,
2025-03-10,ORD-2025-004127,P02901,T13,PC026,Online,2,860000,8.7,70000
2025-03-10,ORD-2025-004127,P02901,T13,KR014,Online,1,3530000,8.7,140000
2025-03-10,ORD-2025-004137,P03197,T01,PD008,Marketplace,1,970000,12.9,360000
2025-03-10,ORD-2025-004137,P03197,T01,PC002,Marketplace,2,1740000,14.9,160000
2025-03-10,ORD-2025-004137,P03197,T01,MJ032,Marketplace,1,5400000,6.0,280000
2025-03-10,ORD-2025-004148,P00172,T06,MJ039,Marketplace,1,6590000,10.1,500000
2025-03-10,ORD-2025-004186,P00079,T01,LM004,Toko,1,4320000,0.0,
2025-03-10,ORD-2025-004186,P00079,T01,DK041,Toko,1,2550000,7.0,
2025-03-10,ORD-2025-004186,P00079,T01,PC024,Toko,3,850000,13.3,
2025-03-11,ORD-2025-003889,P02502,T03,DK044,Marketplace,1,1380000,7.6,500000
2025-03-11,ORD-2025-003972,P00754,T09,PC016,Marketplace,1,1760000,19.5,200000
2025-03-11,ORD-2025-004008,P01646,T08,DK005,Toko,1,430000,9.0,
2025-03-11,ORD-2025-004030,P00986,T13,PD005,Online,1,390000,4.6,590000
2025-03-11,ORD-2025-004041,P01193,T08,KR024,Marketplace,1,3000000,16.1,410000
2025-03-11,ORD-2025-004052,P01767,T13,DK037,Online,1,540000,10.4,270000
2025-03-11,ORD-2025-004071,,T08,KR022,Toko,1,2200000,17.3,
2025-03-11,ORD-2025-004095,P01339,T08,KR020,Toko,2,1970000,10.8,
2025-03-11,ORD-2025-004157,P00262,T04,DK035,Toko,1,400000,10.2,
2025-03-11,ORD-2025-004176,P01408,T09,DK002,Marketplace,2,490000,0.0,300000
2025-03-12,ORD-2025-003932,P00918,T13,DK028,Online,2,730000,9.7,120000
2025-03-12,ORD-2025-003932,P00918,T13,MJ037,Online,2,3320000,0.0,140000
2025-03-12,ORD-2025-003932,P00918,T13,DK006,Online,1,2070000,0.0,350000
2025-03-12,ORD-2025-003941,P01672,T13,PC015,Online,2,1320000,0.0,260000
2025-03-12,ORD-2025-003946,P02443,T12,KR009,Toko,1,3260000,11.1,
2025-03-12,ORD-2025-003946,P02443,T12,PC010,Toko,1,1240000,0.0,
2025-03-12,ORD-2025-003946,P02443,T12,SF030,Toko,3,5980000,13.1,
2025-03-12,ORD-2025-004023,P03106,T05,KR047,Toko,1,4470000,10.8,
2025-03-12,ORD-2025-004031,P01088,T13,DK006,Online,1,2070000,12.6,140000
2025-03-12,ORD-2025-004076,P01868,T13,KR041,Online,1,1620000,3.5,520000
2025-03-12,ORD-2025-004076,P01868,T13,DK025,Online,1,660000,10.6,430000
2025-03-12,ORD-2025-004076,P01868,T13,KR022,Online,1,2200000,19.1,550000
2025-03-12,ORD-2025-004135,P01400,T13,PD020,Online,1,920000,12.0,220000
2025-03-12,ORD-2025-004149,P02185,T02,PC004,Toko,1,1660000,17.0,440000
2025-03-12,ORD-2025-004149,P02185,T02,KR043,Toko,1,5270000,0.0,
2025-03-12,ORD-2025-004169,P02701,T04,LM036,Marketplace,1,4150000,11.1,530000
2025-03-12,ORD-2025-004175,P02618,T09,PD014,Marketplace,2,1590000,14.8,380000
2025-03-13,ORD-2025-003890,P00552,T13,SF036,Online,1,35450000,14.6,310000
2025-03-13,ORD-2025-003891,P00178,T13,DK005,Online,1,430000,0.0,540000
2025-03-13,ORD-2025-003891,P00178,T13,PC022,Online,1,3000000,0.0,440000
2025-03-13,ORD-2025-003969,,T01,PC003,Toko,2,1200000,11.4,310000
2025-03-13,ORD-2025-003969,,T01,MJ031,Toko,1,7400000,8.4,110000
2025-03-13,ORD-2025-004007,P00256,T13,PD018,Online,1,530000,12.8,260000
2025-03-13,ORD-2025-004009,P00399,T07,KR020,Toko,1,1970000,6.2,
2025-03-13,ORD-2025-004009,P00399,T07,DK007,Toko,1,900000,15.4,
2025-03-13,ORD-2025-004009,P00399,T07,KR031,Toko,1,2350000,15.4,
2025-03-13,ORD-2025-004010,P00056,T04,MJ016,Marketplace,2,7350000,10.1,590000
2025-03-13,ORD-2025-004019,P00053,T06,PD005,Toko,2,390000,13.7,
2025-03-13,ORD-2025-004033,P02077,T13,MJ005,Online,4,4030000,8.3,400000
2025-03-13,ORD-2025-004050,P02150,T09,LM032,Toko,1,4960000,5.3,
2025-03-13,ORD-2025-004050,P02150,T09,SF015,Toko,1,6690000,15.1,250000
2025-03-13,ORD-2025-004050,P02150,T09,PD005,Toko,3,390000,7.6,
2025-03-13,ORD-2025-004063,P01097,T06,PD021,Toko,1,660000,11.8,
2025-03-13,ORD-2025-004115,P03119,T03,KS016,Marketplace,1,26320000,11.9,560000
2025-03-13,ORD-2025-004115,P03119,T03,SF018,Marketplace,1,10500000,6.3,420000
2025-03-13,ORD-2025-004115,P03119,T03,LM002,Marketplace,1,5960000,0.0,240000
2025-03-13,ORD-2025-004142,P02308,T13,PD007,Online,1,770000,12.5,440000
2025-03-13,ORD-2025-004142,P02308,T13,KS002,Online,2,6150000,10.1,280000
2025-03-13,ORD-2025-004142,P02308,T13,MJ014,Online,1,4970000,6.7,460000
2025-03-13,ORD-2025-004166,P02667,T13,PC005,Online,1,660000,10.6,410000
2025-03-14,ORD-2025-003902,P03194,T01,PC032,Toko,1,470000,7.0,400000
2025-03-14,ORD-2025-003902,P03194,T01,MJ018,Toko,1,3700000,10.1,
2025-03-14,ORD-2025-003903,P01648,T13,DK003,Online,1,420000,10.9,410000
2025-03-14,ORD-2025-003903,P01648,T13,PD006,Online,1,970000,7.7,590000
2025-03-14,ORD-2025-003918,P01762,T07,MJ039,Marketplace,2,6590000,4.5,80000
2025-03-14,ORD-2025-003954,P00413,T13,DK010,Online,2,690000,10.1,400000
2025-03-14,ORD-2025-003954,P00413,T13,KR022,Online,1,2200000,11.1,300000
2025-03-14,ORD-2025-003954,P00413,T13,DK034,Online,1,830000,13.8,270000
2025-03-14,ORD-2025-003973,P02874,T13,DK005,Online,1,430000,8.3,210000
2025-03-14,ORD-2025-004014,P02517,T10,LM010,Toko,1,7760000,11.7,
2025-03-14,ORD-2025-004014,P02517,T10,PC032,Toko,2,470000,10.4,
2025-03-14,ORD-2025-004014,P02517,T10,DK028,Toko,1,730000,10.8,
2025-03-14,ORD-2025-004025,P01744,T06,DK041,Toko,1,2550000,0.0,
2025-03-14,ORD-2025-004027,P03177,T13,DK023,Online,2,770000,12.1,80000
2025-03-14,ORD-2025-004027,P03177,T13,KR012,Online,1,2460000,8.5,330000
2025-03-14,ORD-2025-004053,P01862,T13,LM013,Online,1,3180000,7.4,180000
2025-03-14,ORD-2025-004053,P01862,T13,KR046,Online,3,1210000,9.6,590000
2025-03-14,ORD-2025-004053,P01862,T13,LM001,Online,1,6680000,16.7,230000
2025-03-14,ORD-2025-004093,P01934,T13,PD021,Online,1,660000,10.4,520000
2025-03-14,ORD-2025-004093,P01934,T13,PC019,Online,1,1840000,11.2,370000
2025-03-14,ORD-2025-004133,P02119,T13,LM019,Online,1,5540000,12.3,580000
2025-03-14,ORD-2025-004133,P02119,T13,KR008,Online,3,2800000,0.2,230000
2025-03-14,ORD-2025-004133,P02119,T13,LM013,Online,2,3180000,14.2,210000
2025-03-14,ORD-2025-004133,P02119,T13,LM014,Online,1,4520000,0.0,
2025-03-14,ORD-2025-004172,P00778,T13,KR046,Online,2,1210000,8.7,500000
2025-03-14,ORD-2025-004172,P00778,T13,PD012,Online,1,1500000,4.9,400000
2025-03-14,ORD-2025-004180,P01172,T02,PC032,Toko,1,470000,12.9,
2025-03-15,ORD-2025-003920,P01705,T01,DK013,Marketplace,1,1520000,7.9,90000
2025-03-15,ORD-2025-003920,P01705,T01,KR042,Marketplace,1,1850000,5.2,140000
2025-03-15,ORD-2025-003964,P02070,T07,MJ038,Toko,1,5030000,8.1,
2025-03-15,ORD-2025-004002,P00467,T13,DK006,Online,3,2070000,0.0,450000
2025-03-15,ORD-2025-004012,P01250,T06,PD003,Toko,1,1200000,11.2,
2025-03-15,ORD-2025-004026,P01051,T13,KR034,Online,1,2350000,6.6,530000
2025-03-15,ORD-2025-004026,P01051,T13,DK026,Online,2,1170000,13.0,570000
2025-03-15,ORD-2025-004034,P02545,T13,KR016,Online,1,3780000,5.8,380000
2025-03-15,ORD-2025-004034,P02545,T13,MJ037,Online,2,3320000,11.8,310000
2025-03-15,ORD-2025-004070,P02941,T13,PD013,Online,1,1030000,14.6,480000
2025-03-15,ORD-2025-004131,,T07,DK024,Toko,1,930000,9.6,
2025-03-16,ORD-2025-003906,P01180,T13,KR046,Online,1,1210000,8.4,170000
2025-03-16,ORD-2025-003963,P01489,T13,KR023,Online,1,1270000,3.3,110000
2025-03-16,ORD-2025-003963,P01489,T13,LM028,Online,1,6300000,10.1,390000
2025-03-16,ORD-2025-003965,P02630,T04,PC021,Toko,1,4550000,0.0,
2025-03-16,ORD-2025-003968,P02793,T06,PC005,Toko,1,660000,21.1,
2025-03-16,ORD-2025-003968,P02793,T06,PC032,Toko,1,470000,0.0,
2025-03-16,ORD-2025-003984,P02221,T01,MJ046,Marketplace,1,2600000,12.3,560000
2025-03-16,ORD-2025-004054,P02652,T03,SF002,Toko,1,5950000,3.7,
2025-03-16,ORD-2025-004054,P02652,T03,KR042,Toko,1,1850000,17.9,
2025-03-16,ORD-2025-004110,P02383,T13,KR042,Online,1,1850000,13.5,110000
2025-03-16,ORD-2025-004110,P02383,T13,LM031,Online,1,6490000,4.9,400000
2025-03-16,ORD-2025-004132,P01712,T13,PD025,Online,1,1100000,14.8,
2025-03-16,ORD-2025-004132,P01712,T13,DK042,Online,1,1280000,0.0,240000
2025-03-16,ORD-2025-004132,P01712,T13,KR034,Online,2,2350000,13.5,230000
2025-03-16,ORD-2025-004132,P01712,T13,DK001,Online,2,530000,10.2,90000
2025-03-16,ORD-2025-004159,P00858,T02,PC015,Toko,1,1320000,0.0,
2025-03-16,ORD-2025-004159,P00858,T02,DK021,Toko,1,1010000,12.8,90000
2025-03-17,ORD-2025-003882,P02834,T12,PD006,Toko,1,970000,11.4,
2025-03-17,ORD-2025-003882,P02834,T12,PC023,Toko,1,1920000,12.7,
2025-03-17,ORD-2025-003882,P02834,T12,SF028,Toko,1,6980000,18.2,
2025-03-17,ORD-2025-003888,P00831,T07,PD008,Toko,1,970000,7.7,
2025-03-17,ORD-2025-003943,P03279,T13,PD021,Online,2,660000,0.0,540000
2025-03-17,ORD-2025-003970,P00674,T13,PD025,Online,1,1100000,0.0,80000
2025-03-17,ORD-2025-003981,P00427,T03,KR007,Marketplace,3,1690000,0.0,540000
2025-03-17,ORD-2025-003981,P00427,T03,DK011,Marketplace,4,2070000,9.2,370000
2025-03-17,ORD-2025-003985,P01081,T13,LM015,Online,1,3180000,7.2,360000
2025-03-17,ORD-2025-003997,P01692,T13,MJ007,Online,1,5590000,16.4,260000
2025-03-17,ORD-2025-003997,P01692,T13,MJ032,Online,1,5400000,12.3,560000
2025-03-17,ORD-2025-003997,P01692,T13,PC029,Online,2,1900000,8.7,440000
2025-03-17,ORD-2025-004028,P01695,T13,LM006,Online,1,13730000,8.5,190000
2025-03-17,ORD-2025-004056,P03255,T13,DK041,Online,1,2550000,11.5,480000
2025-03-17,ORD-2025-004056,P03255,T13,PD023,Online,2,1090000,17.7,420000
2025-03-17,ORD-2025-004078,P02975,T13,DK010,Online,1,690000,8.0,420000
2025-03-17,ORD-2025-004108,P03111,T06,DK041,Toko,1,2550000,10.3,
2025-03-18,ORD-2025-003940,P01039,T09,KR003,Marketplace,1,1440000,0.0,430000
2025-03-18,ORD-2025-003975,P00573,T13,MJ027,Online,2,3790000,13.5,570000
2025-03-18,ORD-2025-004037,P00906,T01,MJ022,Toko,2,4090000,9.6,
2025-03-18,ORD-2025-004114,P00903,T13,PD023,Online,3,1090000,0.0,440000
2025-03-18,ORD-2025-004114,P00903,T13,LM030,Online,4,5720000,9.3,180000
2025-03-18,ORD-2025-004123,P00198,T13,LM040,Online,1,9610000,12.2,510000
2025-03-19,ORD-2025-003879,P01982,T01,DK036,Toko,1,510000,13.0,
2025-03-19,ORD-2025-003953,P00006,T13,DK035,Online,1,400000,3.9,160000
2025-03-19,ORD-2025-003953,P00006,T13,MJ037,Online,1,3320000,8.3,210000
2025-03-19,ORD-2025-003953,P00006,T13,PD016,Online,1,1080000,13.3,460000
2025-03-19,ORD-2025-003956,P02403,T13,PD004,Online,1,1050000,7.5,220000
2025-03-19,ORD-2025-003958,P01754,T13,PC009,Online,3,1490000,11.6,580000
2025-03-19,ORD-2025-003974,P00391,T02,KR030,Toko,2,3050000,10.7,
2025-03-19,ORD-2025-004032,P00021,T10,DK020,Toko,1,690000,1.6,
2025-03-19,ORD-2025-004032,P00021,T10,DK032,Toko,1,340000,10.6,
2025-03-19,ORD-2025-004044,P02365,T08,PD026,Marketplace,4,520000,15.4,
2025-03-19,ORD-2025-004046,P00326,T04,KR005,Toko,1,3610000,6.9,
2025-03-19,ORD-2025-004084,P00803,T13,DK023,Online,2,770000,10.3,200000
2025-03-19,ORD-2025-004146,P01376,T01,DK015,Toko,1,1390000,18.6,
2025-03-19,ORD-2025-004146,P01376,T01,LM020,Toko,1,8740000,10.1,
2025-03-20,ORD-2025-003881,P02158,T06,PC029,Toko,1,1900000,4.5,
2025-03-20,ORD-2025-003914,P02782,T12,MJ029,Toko,1,2890000,14.3,
2025-03-20,ORD-2025-003919,P02669,T13,PC010,Online,1,1240000,11.5,190000
2025-03-20,ORD-2025-003919,P02669,T13,KR007,Online,1,1690000,13.3,220000
2025-03-20,ORD-2025-003919,P02669,T13,MJ046,Online,2,2600000,12.1,470000
2025-03-20,ORD-2025-003994,P00715,T09,PC025,Toko,1,1800000,4.3,
2025-03-20,ORD-2025-004000,P00480,T13,KR013,Online,1,3330000,15.9,330000
2025-03-20,ORD-2025-004000,P00480,T13,DK033,Online,1,220000,0.0,130000
2025-03-20,ORD-2025-004066,P02319,T13,SF012,Online,1,7980000,8.5,320000
2025-03-20,ORD-2025-004066,P02319,T13,KR044,Online,3,2280000,0.0,500000
2025-03-20,ORD-2025-004066,P02319,T13,PC030,Online,1,1220000,8.8,560000
2025-03-20,ORD-2025-004085,P00717,T13,MJ034,Online,2,6280000,20.1,370000
2025-03-20,ORD-2025-004121,P03255,T12,DK030,Toko,1,930000,11.6,
2025-03-20,ORD-2025-004173,P01027,T13,DK008,Online,4,910000,15.8,580000
2025-03-20,ORD-2025-004173,P01027,T13,DK009,Online,1,990000,14.4,280000
2025-03-20,ORD-2025-004173,P01027,T13,KS033,Online,4,13600000,0.0,350000
2025-03-21,ORD-2025-003880,,T07,PD004,Toko,1,1050000,10.1,
2025-03-21,ORD-2025-003910,P00619,T09,KR032,Toko,1,2340000,0.0,
2025-03-21,ORD-2025-004079,P01596,T13,MJ017,Online,1,3280000,11.6,480000
2025-03-21,ORD-2025-004079,P01596,T13,PC003,Online,1,1200000,9.5,
2025-03-21,ORD-2025-004081,P00702,T01,KS030,Marketplace,3,3860000,12.3,210000
2025-03-21,ORD-2025-004103,P03412,T03,MJ003,Marketplace,1,2060000,9.1,180000
2025-03-21,ORD-2025-004136,P00263,T01,DK027,Toko,1,630000,6.5,
2025-03-21,ORD-2025-004136,P00263,T01,PD023,Toko,1,1090000,7.6,
2025-03-21,ORD-2025-004136,P00263,T01,DK005,Toko,1,430000,9.3,
2025-03-21,ORD-2025-004147,P03046,T13,MJ023,Online,2,8100000,0.0,510000
2025-03-21,ORD-2025-004155,P01896,T13,KR001,Online,2,3260000,10.1,90000
2025-03-21,ORD-2025-004162,P00142,T06,MJ003,Toko,1,2060000,5.5,
2025-03-21,ORD-2025-004162,P00142,T06,PD005,Toko,1,390000,0.0,
2025-03-21,ORD-2025-004162,P00142,T06,PD004,Toko,2,1050000,13.3,
2025-03-21,ORD-2025-004183,P03325,T02,KR041,Marketplace,1,1620000,11.1,280000
2025-03-22,ORD-2025-003926,P01357,T13,KR007,Online,1,1690000,14.4,310000
2025-03-22,ORD-2025-003931,P00952,T13,MJ025,Online,1,5470000,5.0,160000
2025-03-22,ORD-2025-003947,P01457,T13,PD022,Online,2,520000,13.6,510000
2025-03-22,ORD-2025-003961,P00107,T13,LM015,Online,2,3180000,14.1,70000
2025-03-22,ORD-2025-003961,P00107,T13,DK014,Online,1,890000,3.3,210000
2025-03-22,ORD-2025-003978,P03277,T05,LM029,Toko,3,8480000,16.7,
2025-03-22,ORD-2025-003978,P03277,T05,DK011,Toko,1,2070000,8.6,
2025-03-22,ORD-2025-003978,P03277,T05,MJ017,Toko,4,3280000,3.5,
2025-03-22,ORD-2025-003983,P02766,T13,SF021,Online,2,9200000,3.3,150000
2025-03-22,ORD-2025-004039,P00472,T13,DK002,Online,1,490000,7.7,160000
2025-03-22,ORD-2025-004039,P00472,T13,PC003,Online,1,1200000,10.6,260000
2025-03-22,ORD-2025-004072,P01282,T10,DK037,Toko,2,540000,6.4,90000
2025-03-22,ORD-2025-004072,P01282,T10,KS025,Toko,2,7830000,16.7,
2025-03-22,ORD-2025-004105,P00568,T12,PD022,Toko,1,520000,10.2,
2025-03-22,ORD-2025-004105,P00568,T12,DK023,Toko,1,770000,2.0,
2025-03-23,ORD-2025-003884,P01738,T06,PD005,Marketplace,1,390000,0.0,530000
2025-03-23,ORD-2025-003895,P00484,T13,KR034,Online,1,2350000,0.0,330000
2025-03-23,ORD-2025-003995,P02071,T05,MJ046,Toko,1,2600000,11.6,
2025-03-23,ORD-2025-003999,P00201,T13,PD011,Online,1,750000,5.3,310000
2025-03-23,ORD-2025-003999,P00201,T13,DK001,Online,1,530000,15.7,390000
2025-03-23,ORD-2025-004018,P01104,T13,DK019,Online,1,860000,8.0,530000
2025-03-23,ORD-2025-004018,P01104,T13,MJ036,Online,1,3410000,4.8,540000
2025-03-23,ORD-2025-004018,P01104,T13,SF037,Online,1,10360000,13.3,570000
2025-03-23,ORD-2025-004020,P01452,T05,LM032,Toko,1,4960000,11.7,
2025-03-23,ORD-2025-004035,P01454,T13,DK007,Online,1,900000,0.0,120000
2025-03-23,ORD-2025-004058,P02152,T02,KS027,Toko,1,6560000,0.0,
2025-03-23,ORD-2025-004130,P00019,T13,LM036,Online,1,4150000,6.1,450000
2025-03-23,ORD-2025-004130,P00019,T13,DK015,Online,1,1390000,5.6,530000
2025-03-23,ORD-2025-004140,P00249,T02,KR015,Toko,2,2050000,7.2,
2025-03-23,ORD-2025-004152,P01947,T13,SF041,Online,1,7920000,1.4,170000
2025-03-23,ORD-2025-004161,P01725,T04,DK007,Toko,1,900000,0.0,
2025-03-24,ORD-2025-003893,P02457,T13,DK029,Online,1,500000,17.3,350000
2025-03-24,ORD-2025-003928,P03020,T13,KR006,Online,1,3040000,6.3,370000
2025-03-24,ORD-2025-003928,P03020,T13,KR046,Online,1,1210000,9.2,70000
2025-03-24,ORD-2025-003928,P03020,T13,PC010,Online,1,1240000,3.8,570000
2025-03-24,ORD-2025-003928,P03020,T13,KS019,Online,3,7170000,13.0,440000
2025-03-24,ORD-2025-003949,P03057,T13,KS014,Online,1,6440000,12.5,320000
2025-03-24,ORD-2025-003955,P00859,T13,DK043,Online,1,760000,16.0,80000
2025-03-24,ORD-2025-003955,P00859,T13,DK004,Online,3,1240000,3.4,270000
2025-03-24,ORD-2025-003993,P03458,T13,PC014,Online,1,1800000,9.9,460000
2025-03-24,ORD-2025-004024,P03243,T10,DK028,Toko,1,730000,11.1,
2025-03-24,ORD-2025-004080,P02260,T06,KR001,Toko,1,3260000,0.0,
2025-03-24,ORD-2025-004082,P03077,T02,MJ036,Toko,1,3410000,6.9,
2025-03-24,ORD-2025-004109,,T04,MJ035,Toko,1,5190000,8.4,
2025-03-24,ORD-2025-004109,,T04,KR027,Toko,2,1770000,9.8,
2025-03-24,ORD-2025-004109,,T04,PD019,Toko,2,1260000,0.0,
2025-03-24,ORD-2025-004182,P01008,T11,PC018,Toko,1,1420000,6.9,
2025-03-24,ORD-2025-004182,P01008,T11,LM009,Toko,1,2210000,6.4,
2025-03-25,ORD-2025-003878,P03249,T01,KS002,Toko,1,6150000,6.3,
2025-03-25,ORD-2025-003894,P01531,T04,PC016,Toko,2,1760000,11.0,
2025-03-25,ORD-2025-003913,P00100,T13,SF035,Online,2,5970000,9.7,100000
2025-03-25,ORD-2025-003913,P00100,T13,PD015,Online,1,750000,0.0,340000
2025-03-25,ORD-2025-003967,P02587,T01,MJ018,Toko,4,3700000,9.2,
2025-03-25,ORD-2025-003988,P02920,T13,PD010,Online,1,450000,17.6,580000
2025-03-25,ORD-2025-003989,P01381,T13,PC024,Online,1,850000,14.4,100000
2025-03-25,ORD-2025-004128,P00604,T01,KR002,Marketplace,1,1500000,0.0,70000
2025-03-25,ORD-2025-004134,P00007,T04,PD016,Toko,1,1080000,9.1,
2025-03-26,ORD-2025-003915,P02745,T09,PD023,Toko,1,1090000,16.6,
2025-03-26,ORD-2025-003925,P03117,T13,DK012,Online,1,960000,10.6,130000
2025-03-26,ORD-2025-003934,P01047,T13,KS022,Online,4,13060000,8.2,240000
2025-03-26,ORD-2025-003937,P00628,T09,MJ027,Marketplace,1,3790000,16.8,380000
2025-03-26,ORD-2025-003937,P00628,T09,KR018,Marketplace,1,1090000,10.5,100000
2025-03-26,ORD-2025-004067,P01113,T13,PC031,Online,3,1660000,9.9,360000
2025-03-26,ORD-2025-004150,P01422,T02,DK011,Marketplace,1,2070000,15.6,310000
2025-03-26,ORD-2025-004150,P01422,T02,KR003,Marketplace,3,1440000,11.9,250000
2025-03-26,ORD-2025-004150,P01422,T02,DK024,Marketplace,1,930000,10.2,
2025-03-26,ORD-2025-004163,P01140,T02,KR024,Toko,1,3000000,6.9,
2025-03-27,ORD-2025-003899,P01255,T13,KR019,Online,2,2530000,3.9,390000
2025-03-27,ORD-2025-003899,P01255,T13,KR037,Online,1,2790000,1.4,60000
2025-03-27,ORD-2025-003930,P02928,T01,PD015,Toko,1,750000,0.0,
2025-03-27,ORD-2025-003935,P01393,T13,PC031,Online,1,1660000,0.0,490000
2025-03-27,ORD-2025-003952,P02067,T13,PD006,Online,1,970000,8.9,300000
2025-03-27,ORD-2025-004003,P00066,T09,LM006,Toko,1,13730000,11.1,
2025-03-27,ORD-2025-004042,P00422,T01,PD008,Toko,1,970000,0.0,
2025-03-27,ORD-2025-004043,P01825,T09,DK024,Marketplace,1,930000,0.0,460000
2025-03-27,ORD-2025-004043,P01825,T09,PC003,Marketplace,1,1200000,7.1,420000
2025-03-27,ORD-2025-004177,P01540,T13,PD017,Online,1,2370000,11.5,500000
2025-03-27,ORD-2025-004177,P01540,T13,PD003,Online,1,1200000,12.7,
2025-03-28,ORD-2025-003987,P02967,T13,MJ002,Online,2,3330000,11.3,550000
2025-03-28,ORD-2025-004059,P01093,T01,DK026,Toko,1,1170000,10.3,
2025-03-28,ORD-2025-004059,P01093,T01,PC009,Toko,2,1490000,0.0,190000
2025-03-28,ORD-2025-004107,P03102,T06,DK008,Marketplace,1,910000,0.0,170000
2025-03-28,ORD-2025-004113,P03329,T13,PD010,Online,1,450000,16.6,450000
2025-03-28,ORD-2025-004113,P03329,T13,MJ026,Online,1,3480000,9.5,
2025-03-29,ORD-2025-003922,,T11,KS033,Toko,1,13600000,3.1,
2025-03-29,ORD-2025-003923,P01953,T01,PC006,Toko,1,1850000,9.2,
2025-03-29,ORD-2025-003933,P03280,T09,DK001,Toko,1,530000,15.6,
2025-03-29,ORD-2025-004038,P01186,T03,KR001,Toko,1,3260000,12.4,
2025-03-29,ORD-2025-004087,P02846,T07,DK008,Marketplace,1,910000,13.3,580000
2025-03-29,ORD-2025-004087,P02846,T07,MJ046,Marketplace,1,2600000,9.1,220000
2025-03-29,ORD-2025-004091,P01929,T12,DK008,Marketplace,3,910000,0.0,470000
2025-03-29,ORD-2025-004167,P03335,T13,KR002,Online,1,1500000,17.8,530000
2025-03-29,ORD-2025-004170,P01933,T13,KR042,Online,2,1850000,14.7,480000
2025-03-29,ORD-2025-004178,P00141,T06,PD005,Toko,2,390000,0.0,
2025-03-30,ORD-2025-003912,P01638,T01,PC006,Marketplace,1,1850000,11.3,540000
2025-03-30,ORD-2025-003912,P01638,T01,PD006,Marketplace,3,970000,11.1,180000
2025-03-30,ORD-2025-004092,P00867,T07,SF004,Toko,2,7400000,6.5,
2025-03-30,ORD-2025-004099,P01141,T13,LM022,Online,1,8900000,13.1,320000
2025-03-30,ORD-2025-004099,P01141,T13,KR007,Online,1,1690000,9.8,560000
2025-03-30,ORD-2025-004101,P01216,T09,PC005,Toko,1,660000,8.7,
2025-03-30,ORD-2025-004101,P01216,T09,KS025,Toko,1,7830000,0.0,
2025-03-30,ORD-2025-004101,P01216,T09,PC002,Toko,1,1740000,0.0,
2025-03-30,ORD-2025-004101,P01216,T09,PD022,Toko,1,520000,0.0,
2025-03-30,ORD-2025-004104,P02996,T13,KR019,Online,1,2530000,17.4,190000
2025-03-30,ORD-2025-004118,P02067,T11,KR021,Toko,1,2670000,13.5,
2025-03-30,ORD-2025-004118,P02067,T11,MJ044,Toko,1,6150000,9.6,
2025-03-30,ORD-2025-004118,P02067,T11,DK006,Toko,1,2070000,0.0,
2025-03-30,ORD-2025-004120,P03407,T13,KR014,Online,1,3530000,5.7,430000
2025-03-30,ORD-2025-004125,P00788,T02,KR031,Toko,2,2350000,15.4,
2025-03-30,ORD-2025-004125,P00788,T02,PD012,Toko,4,1500000,11.3,
2025-03-30,ORD-2025-004125,P00788,T02,PC032,Toko,4,470000,12.2,
2025-03-30,ORD-2025-004153,P01860,T11,SF007,Toko,1,10370000,15.2,
2025-03-30,ORD-2025-004174,P03014,T13,LM012,Online,1,7130000,7.0,310000
2025-03-30,ORD-2025-004179,P01802,T13,PD018,Online,1,530000,0.0,
2025-03-31,ORD-2025-003901,P03445,T06,DK008,Toko,1,910000,19.4,
2025-03-31,ORD-2025-003901,P03445,T06,LM003,Toko,1,5440000,4.8,
2025-03-31,ORD-2025-003924,P01861,T06,DK031,Toko,3,800000,0.0,
2025-03-31,ORD-2025-003924,P01861,T06,PD018,Toko,1,530000,0.0,
2025-03-31,ORD-2025-003939,,T02,PD010,Toko,1,450000,12.0,
2025-03-31,ORD-2025-003951,P02721,T13,LM022,Online,1,8900000,0.0,160000
2025-03-31,ORD-2025-003976,P01900,T09,DK002,Toko,1,490000,6.0,
2025-03-31,ORD-2025-004004,P00614,T13,DK027,Online,1,630000,10.6,190000
2025-03-31,ORD-2025-004004,P00614,T13,DK001,Online,1,530000,13.2,160000
2025-03-31,ORD-2025-004047,P00106,T13,DK002,Online,3,490000,10.1,260000
2025-03-31,ORD-2025-004047,P00106,T13,DK018,Online,1,1000000,13.6,190000
2025-03-31,ORD-2025-004047,P00106,T13,KS006,Online,2,8770000,13.2,300000
2025-03-31,ORD-2025-004047,P00106,T13,PD011,Online,1,750000,11.7,570000
2025-03-31,ORD-2025-004064,P02018,T13,LM014,Online,1,4520000,12.1,370000
2025-03-31,ORD-2025-004088,P03420,T05,DK001,Marketplace,1,530000,11.9,370000
2025-04-01,ORD-2025-004197,P00854,T13,DK011,Online,1,2070000,14.4,500000
2025-04-01,ORD-2025-004219,P00329,T13,LM038,Online,1,5010000,7.0,590000
2025-04-01,ORD-2025-004219,P00329,T13,KR019,Online,1,2530000,3.0,80000
2025-04-01,ORD-2025-004222,P02149,T07,DK015,Toko,1,1390000,18.5,
2025-04-01,ORD-2025-004223,P03455,T01,LM032,Toko,1,4960000,20.3,
2025-04-01,ORD-2025-004223,P03455,T01,MJ007,Toko,1,5590000,9.4,
2025-04-01,ORD-2025-004230,P02628,T12,MJ003,Toko,1,2060000,15.0,
2025-04-01,ORD-2025-004230,P02628,T12,KR034,Toko,1,2350000,8.3,
2025-04-01,ORD-2025-004268,P00909,T13,LM013,Online,1,3180000,18.8,380000
2025-04-01,ORD-2025-004316,P00287,T05,PD006,Toko,1,970000,13.4,
2025-04-01,ORD-2025-004319,P02998,T13,MJ039,Online,2,6590000,6.9,380000
2025-04-01,ORD-2025-004325,P03392,T13,DK006,Online,1,2070000,8.8,540000
2025-04-01,ORD-2025-004387,P02764,T13,PC007,Online,1,1510000,9.1,250000
2025-04-01,ORD-2025-004387,P02764,T13,KR047,Online,2,4470000,14.9,250000
2025-04-01,ORD-2025-004513,P00691,T05,SF021,Marketplace,1,9200000,0.0,280000
2025-04-01,ORD-2025-004513,P00691,T05,LM032,Marketplace,1,4960000,14.0,70000
2025-04-01,ORD-2025-004513,P00691,T05,KS001,Marketplace,1,9740000,21.6,330000
2025-04-01,ORD-2025-004513,P00691,T05,SF031,Marketplace,1,3420000,9.3,430000
2025-04-02,ORD-2025-004203,P01970,T11,KR036,Toko,1,2360000,7.9,
2025-04-02,ORD-2025-004205,P01581,T10,SF005,Toko,1,13820000,10.0,
2025-04-02,ORD-2025-004237,P01630,T13,KR012,Online,1,2460000,20.2,530000
2025-04-02,ORD-2025-004249,P00486,T09,MJ010,Toko,2,3850000,0.0,
2025-04-02,ORD-2025-004249,P00486,T09,PC002,Toko,3,1740000,10.4,
2025-04-02,ORD-2025-004273,P02969,T07,PC010,Toko,1,1240000,9.2,
2025-04-02,ORD-2025-004295,P01628,T03,DK035,Toko,1,400000,20.2,
2025-04-02,ORD-2025-004320,P01582,T13,DK018,Online,3,1000000,0.0,200000
2025-04-02,ORD-2025-004320,P01582,T13,KS031,Online,1,4390000,18.4,220000
2025-04-02,ORD-2025-004349,P00666,T04,PC032,Toko,1,470000,0.0,390000
2025-04-02,ORD-2025-004350,P03116,T01,LM028,Marketplace,1,6300000,16.3,410000
2025-04-02,ORD-2025-004350,P03116,T01,SF015,Marketplace,1,6690000,14.6,180000
2025-04-02,ORD-2025-004350,P03116,T01,LM019,Marketplace,1,5540000,21.9,380000
2025-04-02,ORD-2025-004365,P02070,T08,KR039,Toko,1,2460000,0.0,
2025-04-02,ORD-2025-004370,P01739,T05,MJ003,Marketplace,2,2060000,13.1,300000
2025-04-02,ORD-2025-004380,P01556,T06,MJ024,Toko,1,3010000,19.0,
2025-04-02,ORD-2025-004380,P01556,T06,PD002,Toko,1,1150000,15.0,
2025-04-02,ORD-2025-004380,P01556,T06,MJ045,Toko,1,2740000,9.1,
2025-04-02,ORD-2025-004403,P03027,T09,DK026,Toko,1,1170000,0.0,
2025-04-02,ORD-2025-004403,P03027,T09,SF023,Toko,2,7750000,0.0,
2025-04-02,ORD-2025-004411,P00038,T13,MJ035,Online,1,5190000,0.0,480000
2025-04-02,ORD-2025-004411,P00038,T13,SF018,Online,1,10500000,15.0,500000
2025-04-02,ORD-2025-004446,P02059,T13,MJ003,Online,1,2060000,7.3,290000
2025-04-02,ORD-2025-004446,P02059,T13,SF004,Online,2,7400000,22.1,560000
2025-04-02,ORD-2025-004459,P03348,T09,SF037,Marketplace,2,10360000,14.5,80000
2025-04-02,ORD-2025-004501,P00433,T13,PD010,Online,1,450000,7.0,400000
2025-04-02,ORD-2025-004524,P02982,T04,PC005,Toko,1,660000,0.0,
2025-04-02,ORD-2025-004524,P02982,T04,LM039,Toko,2,7740000,13.0,
2025-04-02,ORD-2025-004531,P02091,T01,DK037,Toko,1,540000,16.7,
2025-04-02,ORD-2025-004531,P02091,T01,MJ045,Toko,2,2740000,18.9,
2025-04-02,ORD-2025-004531,P02091,T01,SF005,Toko,3,13820000,14.3,
2025-04-02,ORD-2025-004531,P02091,T01,PD005,Toko,1,390000,20.5,
2025-04-03,ORD-2025-004193,P02821,T13,KR003,Online,4,1440000,0.0,300000
2025-04-03,ORD-2025-004267,P02993,T13,KS016,Online,1,26320000,10.2,230000
2025-04-03,ORD-2025-004267,P02993,T13,PD011,Online,1,750000,8.9,170000
2025-04-03,ORD-2025-004275,P01047,T13,KR002,Online,3,1500000,0.0,220000
2025-04-03,ORD-2025-004275,P01047,T13,DK041,Online,3,2550000,6.1,380000
2025-04-03,ORD-2025-004294,P03164,T07,SF012,Toko,1,7980000,12.7,
2025-04-03,ORD-2025-004294,P03164,T07,SF016,Toko,1,10420000,0.0,
2025-04-03,ORD-2025-004363,P03119,T11,KS002,Toko,1,6150000,3.9,
2025-04-03,ORD-2025-004378,P01796,T13,PC022,Online,1,3000000,8.4,550000
2025-04-03,ORD-2025-004378,P01796,T13,LM026,Online,2,5250000,14.1,500000
2025-04-03,ORD-2025-004383,P02291,T06,PC003,Toko,1,1200000,14.8,
2025-04-03,ORD-2025-004460,P00216,T13,LM033,Online,2,6100000,0.0,500000
2025-04-03,ORD-2025-004506,P00910,T06,SF002,Toko,2,5950000,15.6,
2025-04-03,ORD-2025-004507,P02397,T10,KR007,Marketplace,1,1690000,18.5,140000
2025-04-03,ORD-2025-004507,P02397,T10,DK012,Marketplace,1,960000,15.0,510000
2025-04-03,ORD-2025-004511,P03267,T13,PD009,Online,1,840000,20.5,380000
2025-04-04,ORD-2025-004196,P01733,T06,DK023,Toko,1,770000,16.1,230000
2025-04-04,ORD-2025-004216,P03044,T13,MJ016,Online,1,7350000,17.0,580000
2025-04-04,ORD-2025-004252,P03012,T07,SF011,Marketplace,1,4580000,0.0,590000
2025-04-04,ORD-2025-004293,P00069,T05,DK002,Toko,1,490000,0.0,
2025-04-04,ORD-2025-004334,P02582,T05,DK020,Toko,1,690000,15.1,
2025-04-04,ORD-2025-004334,P02582,T05,PC019,Toko,2,1840000,0.0,
2025-04-04,ORD-2025-004339,P03125,T02,PC013,Marketplace,1,1410000,8.0,80000
2025-04-04,ORD-2025-004339,P03125,T02,PD017,Marketplace,1,2370000,18.9,480000
2025-04-04,ORD-2025-004386,P02040,T13,PC013,Online,1,1410000,14.0,140000
2025-04-04,ORD-2025-004386,P02040,T13,KR012,Online,2,2460000,13.2,180000
2025-04-04,ORD-2025-004386,P02040,T13,DK028,Online,1,730000,18.7,390000
2025-04-04,ORD-2025-004386,P02040,T13,KS003,Online,1,12030000,14.2,500000
2025-04-04,ORD-2025-004397,P02513,T13,PD022,Online,1,520000,13.8,560000
2025-04-04,ORD-2025-004397,P02513,T13,SF026,Online,1,5850000,13.4,430000
2025-04-04,ORD-2025-004397,P02513,T13,PD023,Online,1,1090000,9.0,210000
2025-04-04,ORD-2025-004398,P01664,T13,DK031,Online,1,800000,13.5,
2025-04-04,ORD-2025-004398,P01664,T13,DK038,Online,1,530000,12.0,290000
2025-04-04,ORD-2025-004439,P00356,T12,LM023,Toko,1,8770000,10.6,
2025-04-04,ORD-2025-004521,P03120,T01,DK043,Marketplace,1,760000,13.8,530000
2025-04-04,ORD-2025-004521,P03120,T01,PC022,Marketplace,1,3000000,16.1,530000
2025-04-05,ORD-2025-004200,P01884,T13,DK024,Online,2,930000,16.9,180000
2025-04-05,ORD-2025-004242,P01901,T13,KR039,Online,1,2460000,18.0,310000
2025-04-05,ORD-2025-004242,P01901,T13,DK037,Online,2,540000,14.7,530000
2025-04-05,ORD-2025-004261,P00830,T09,DK024,Toko,2,930000,8.5,
2025-04-05,ORD-2025-004288,P01048,T13,DK044,Online,2,1380000,7.0,460000
2025-04-05,ORD-2025-004297,P00424,T13,LM009,Online,1,2210000,8.5,510000
2025-04-05,ORD-2025-004297,P00424,T13,SF026,Online,2,5850000,0.0,270000
2025-04-05,ORD-2025-004329,P02521,T13,PD003,Online,1,1200000,0.0,370000
2025-04-05,ORD-2025-004367,P03382,T01,KR008,Marketplace,1,2800000,19.9,200000
2025-04-05,ORD-2025-004381,P03437,T02,DK013,Toko,3,1520000,16.0,
2025-04-05,ORD-2025-004389,P01837,T09,PC021,Toko,1,4550000,0.0,
2025-04-05,ORD-2025-004428,P02056,T02,LM015,Toko,3,3180000,11.6,
2025-04-05,ORD-2025-004434,P01415,T13,KS029,Online,1,8960000,14.8,190000
2025-04-05,ORD-2025-004434,P01415,T13,DK007,Online,1,900000,12.9,520000
2025-04-05,ORD-2025-004461,P02595,T06,PD009,Toko,3,840000,17.5,
2025-04-05,ORD-2025-004461,P02595,T06,DK003,Toko,1,420000,13.5,
2025-04-05,ORD-2025-004487,P01434,T05,PD023,Marketplace,4,1090000,21.3,280000
2025-04-05,ORD-2025-004487,P01434,T05,PD004,Marketplace,1,1050000,10.4,380000
2025-04-05,ORD-2025-004510,P02496,T06,DK037,Toko,1,540000,14.0,
2025-04-06,ORD-2025-004318,P02567,T13,PC017,Online,1,1720000,14.3,480000
2025-04-06,ORD-2025-004337,P02815,T13,PD020,Online,1,920000,0.0,270000
2025-04-06,ORD-2025-004421,P01190,T13,PD004,Online,1,1050000,14.8,250000
2025-04-06,ORD-2025-004429,P02726,T13,SF017,Online,2,8850000,20.7,90000
2025-04-06,ORD-2025-004429,P02726,T13,MJ003,Online,1,2060000,19.2,530000
2025-04-06,ORD-2025-004429,P02726,T13,DK019,Online,1,860000,10.9,580000
2025-04-06,ORD-2025-004429,P02726,T13,DK033,Online,2,220000,0.0,380000
2025-04-06,ORD-2025-004462,P02790,T03,DK020,Marketplace,3,690000,13.7,140000
2025-04-07,ORD-2025-004247,P02511,T13,DK036,Online,1,510000,16.1,380000
2025-04-07,ORD-2025-004248,P01377,T02,PC009,Toko,2,1490000,18.8,
2025-04-07,ORD-2025-004266,P02107,T03,MJ033,Marketplace,1,4180000,0.0,
2025-04-07,ORD-2025-004279,P00366,T13,MJ041,Online,1,2240000,17.3,590000
2025-04-07,ORD-2025-004282,P02519,T13,KS023,Online,2,13410000,12.5,580000
2025-04-07,ORD-2025-004312,P01371,T13,KR036,Online,1,2360000,19.2,430000
2025-04-07,ORD-2025-004343,P02472,T12,PD010,Toko,1,450000,14.1,
2025-04-07,ORD-2025-004343,P02472,T12,KS033,Toko,1,13600000,22.3,
2025-04-07,ORD-2025-004427,P00324,T06,PC029,Marketplace,1,1900000,0.0,420000
2025-04-07,ORD-2025-004427,P00324,T06,DK034,Marketplace,3,830000,12.0,540000
2025-04-07,ORD-2025-004427,P00324,T06,DK040,Marketplace,1,1260000,14.8,590000
2025-04-07,ORD-2025-004525,P00968,T13,KR048,Online,1,5130000,22.2,570000
2025-04-08,ORD-2025-004195,P03067,T06,DK019,Toko,1,860000,12.2,
2025-04-08,ORD-2025-004199,P00674,T05,DK037,Toko,1,540000,10.4,
2025-04-08,ORD-2025-004262,P01210,T09,PC022,Toko,4,3000000,12.5,
2025-04-08,ORD-2025-004313,P01884,T05,PC030,Toko,1,1220000,20.3,
2025-04-08,ORD-2025-004321,P01202,T13,LM021,Online,1,7550000,17.7,300000
2025-04-08,ORD-2025-004351,P00243,T13,PD025,Online,1,1100000,16.0,430000
2025-04-08,ORD-2025-004351,P00243,T13,LM010,Online,1,7760000,14.9,340000
2025-04-08,ORD-2025-004351,P00243,T13,PD013,Online,3,1030000,20.8,270000
2025-04-08,ORD-2025-004351,P00243,T13,DK012,Online,1,960000,0.0,
2025-04-08,ORD-2025-004356,P00275,T11,MJ037,Toko,1,3320000,18.0,
2025-04-08,ORD-2025-004395,P01378,T11,PD024,Toko,4,1130000,5.0,
2025-04-08,ORD-2025-004399,,T10,PD014,Toko,1,1590000,7.7,
2025-04-08,ORD-2025-004425,P00759,T10,KR040,Toko,1,2380000,18.8,
2025-04-08,ORD-2025-004469,P00841,T05,KS032,Toko,1,9280000,13.1,
2025-04-08,ORD-2025-004480,P01181,T13,LM020,Online,1,8740000,12.2,460000
2025-04-08,ORD-2025-004480,P01181,T13,KR030,Online,1,3050000,0.0,330000
2025-04-08,ORD-2025-004480,P01181,T13,PC032,Online,1,470000,15.5,300000
2025-04-08,ORD-2025-004480,P01181,T13,KS021,Online,1,8510000,12.8,240000
2025-04-08,ORD-2025-004485,P02005,T13,KS013,Online,1,10990000,14.0,240000
2025-04-09,ORD-2025-004210,P02452,T01,DK008,Marketplace,2,910000,20.9,450000
2025-04-09,ORD-2025-004254,P03337,T01,KS006,Toko,3,8770000,19.3,
2025-04-09,ORD-2025-004259,P00702,T13,KR020,Online,1,1970000,10.8,580000
2025-04-09,ORD-2025-004259,P00702,T13,PC017,Online,3,1720000,18.6,190000
2025-04-09,ORD-2025-004259,P00702,T13,PD017,Online,1,2370000,10.7,100000
2025-04-09,ORD-2025-004259,P00702,T13,PC021,Online,1,4550000,12.3,310000
2025-04-09,ORD-2025-004336,P01917,T01,KS004,Toko,1,10560000,16.5,
2025-04-09,ORD-2025-004336,P01917,T01,LM011,Toko,1,12480000,14.9,
2025-04-09,ORD-2025-004341,P01115,T13,KS016,Online,1,26320000,17.0,120000
2025-04-09,ORD-2025-004341,P01115,T13,KS010,Online,1,14650000,11.2,180000
2025-04-09,ORD-2025-004355,P00408,T13,DK027,Online,1,630000,13.1,130000
2025-04-09,ORD-2025-004359,P00380,T13,KR038,Online,4,2240000,14.8,540000
2025-04-09,ORD-2025-004359,P00380,T13,KS009,Online,2,11180000,0.0,220000
2025-04-09,ORD-2025-004361,P01085,T06,DK022,Toko,4,550000,0.0,
2025-04-09,ORD-2025-004416,P03333,T01,DK043,Toko,1,760000,16.6,
2025-04-10,ORD-2025-004192,P00897,T13,PD020,Online,1,920000,8.8,400000
2025-04-10,ORD-2025-004192,P00897,T13,PD025,Online,2,1100000,10.1,440000
2025-04-10,ORD-2025-004194,P00335,T11,DK015,Marketplace,1,1390000,13.0,230000
2025-04-10,ORD-2025-004194,P00335,T11,KR010,Marketplace,2,1900000,10.0,400000
2025-04-10,ORD-2025-004207,P00089,T13,KR003,Online,1,1440000,14.3,330000
2025-04-10,ORD-2025-004256,P01082,T13,PD010,Online,1,450000,9.7,440000
2025-04-10,ORD-2025-004256,P01082,T13,PD026,Online,2,520000,15.2,100000
2025-04-10,ORD-2025-004256,P01082,T13,PD001,Online,1,1710000,11.8,140000
2025-04-10,ORD-2025-004342,P02707,T07,DK009,Toko,1,990000,0.0,
2025-04-10,ORD-2025-004357,P02531,T06,SF006,Toko,2,4230000,0.0,
2025-04-10,ORD-2025-004357,P02531,T06,KR001,Toko,1,3260000,5.3,
2025-04-10,ORD-2025-004357,P02531,T06,LM026,Toko,1,5250000,17.2,
2025-04-10,ORD-2025-004413,P00165,T13,PD015,Online,1,750000,10.2,160000
2025-04-10,ORD-2025-004414,P01981,T06,MJ037,Toko,1,3320000,13.9,
2025-04-10,ORD-2025-004414,P01981,T06,MJ016,Toko,1,7350000,11.2,
2025-04-10,ORD-2025-004414,P01981,T06,DK024,Toko,1,930000,13.7,
2025-04-10,ORD-2025-004415,P02869,T04,MJ028,Toko,1,10280000,13.5,
2025-04-10,ORD-2025-004415,P02869,T04,KR003,Toko,2,1440000,12.8,
2025-04-10,ORD-2025-004454,P01414,T13,KR003,Online,1,1440000,26.1,160000
2025-04-11,ORD-2025-004189,P01432,T03,SF038,Marketplace,4,6260000,18.0,250000
2025-04-11,ORD-2025-004189,P01432,T03,DK014,Marketplace,1,890000,0.0,420000
2025-04-11,ORD-2025-004213,P02242,T13,PD026,Online,4,520000,3.3,350000
2025-04-11,ORD-2025-004213,P02242,T13,PD009,Online,1,840000,15.0,530000
2025-04-11,ORD-2025-004232,P02967,T13,PC015,Online,1,1320000,13.0,470000
2025-04-11,ORD-2025-004236,P03466,T13,PD010,Online,4,450000,0.0,
2025-04-11,ORD-2025-004241,P01941,T13,LM009,Online,1,2210000,9.8,150000
2025-04-11,ORD-2025-004241,P01941,T13,DK005,Online,1,430000,11.3,550000
2025-04-11,ORD-2025-004245,P01983,T02,DK024,Toko,1,930000,12.0,
2025-04-11,ORD-2025-004245,P01983,T02,MJ021,Toko,3,2560000,9.0,
2025-04-11,ORD-2025-004253,P01118,T01,SF031,Toko,1,3420000,0.0,230000
2025-04-11,ORD-2025-004274,P02631,T08,DK013,Toko,3,1520000,0.0,
2025-04-11,ORD-2025-004274,P02631,T08,DK023,Toko,1,770000,0.0,
2025-04-11,ORD-2025-004296,P01769,T01,PC005,Toko,1,660000,0.0,
2025-04-11,ORD-2025-004296,P01769,T01,SF028,Toko,1,6980000,16.1,
2025-04-11,ORD-2025-004296,P01769,T01,MJ044,Toko,2,6150000,14.3,
2025-04-11,ORD-2025-004296,P01769,T01,PD025,Toko,1,1100000,0.0,190000
2025-04-11,ORD-2025-004384,P01716,T03,DK021,Marketplace,1,1010000,17.9,470000
2025-04-11,ORD-2025-004445,P01676,T07,MJ026,Toko,1,3480000,17.0,
2025-04-11,ORD-2025-004479,P01413,T13,LM009,Online,1,2210000,16.8,370000
2025-04-11,ORD-2025-004486,P02188,T08,KR006,Toko,3,3040000,13.7,
2025-04-11,ORD-2025-004498,P01312,T05,DK003,Toko,3,420000,15.3,
2025-04-12,ORD-2025-004220,P00936,T06,KR001,Toko,1,3260000,11.0,
2025-04-12,ORD-2025-004263,P01901,T05,DK030,Toko,2,930000,11.0,
2025-04-12,ORD-2025-004284,P01627,T13,DK033,Online,1,220000,14.5,580000
2025-04-12,ORD-2025-004284,P01627,T13,DK010,Online,1,690000,0.0,60000
2025-04-12,ORD-2025-004284,P01627,T13,PD002,Online,2,1150000,0.0,570000
2025-04-12,ORD-2025-004315,,T09,PC028,Toko,1,2190000,15.2,
2025-04-12,ORD-2025-004353,P02610,T01,MJ014,Toko,1,4970000,13.3,
2025-04-12,ORD-2025-004374,P02950,T04,MJ013,Toko,1,2960000,14.5,
2025-04-12,ORD-2025-004400,P01381,T03,KR047,Marketplace,1,4470000,10.0,70000
2025-04-12,ORD-2025-004400,P01381,T03,PD016,Marketplace,1,1080000,20.4,550000
2025-04-12,ORD-2025-004404,,T12,LM014,Toko,2,4520000,0.0,
2025-04-12,ORD-2025-004404,,T12,KR033,Toko,1,3030000,0.0,
2025-04-12,ORD-2025-004418,P02356,T04,MJ007,Toko,1,5590000,0.0,
2025-04-12,ORD-2025-004418,P02356,T04,KR036,Toko,1,2360000,0.0,
2025-04-12,ORD-2025-004418,P02356,T04,MJ045,Toko,1,2740000,0.0,
2025-04-12,ORD-2025-004441,P00060,T10,KS028,Marketplace,1,7780000,6.4,60000
2025-04-12,ORD-2025-004441,P00060,T10,LM038,Marketplace,1,5010000,19.1,410000
2025-04-12,ORD-2025-004441,P00060,T10,SF040,Marketplace,1,5750000,0.0,470000
2025-04-12,ORD-2025-004472,P01922,T13,PD018,Online,1,530000,12.1,480000
2025-04-12,ORD-2025-004472,P01922,T13,KR014,Online,1,3530000,22.0,500000
2025-04-12,ORD-2025-004476,P00154,T13,KR020,Online,1,1970000,14.0,240000
2025-04-12,ORD-2025-004488,P02974,T06,DK013,Toko,2,1520000,17.4,
2025-04-13,ORD-2025-004226,P02017,T13,PD022,Online,1,520000,14.6,500000
2025-04-13,ORD-2025-004244,P00550,T13,MJ030,Online,1,2670000,19.8,560000
2025-04-13,ORD-2025-004331,P03122,T10,KR039,Marketplace,1,2460000,12.2,430000
2025-04-13,ORD-2025-004379,P03074,T13,DK021,Online,1,1010000,21.7,450000
2025-04-13,ORD-2025-004379,P03074,T13,MJ024,Online,1,3010000,12.5,80000
2025-04-13,ORD-2025-004391,P00460,T13,PD006,Online,1,970000,16.9,280000
2025-04-13,ORD-2025-004394,P00770,T13,KR013,Online,1,3330000,16.9,450000
2025-04-13,ORD-2025-004406,P03087,T13,DK004,Online,1,1240000,13.5,350000
2025-04-13,ORD-2025-004448,P03193,T13,PD008,Online,1,970000,11.8,380000
2025-04-13,ORD-2025-004464,P01572,T02,DK001,Toko,2,530000,15.8,
2025-04-13,ORD-2025-004467,P00613,T01,PD014,Marketplace,2,1590000,15.8,290000
2025-04-13,ORD-2025-004518,P00651,T13,DK015,Online,2,1390000,14.7,400000
2025-04-13,ORD-2025-004518,P00651,T13,DK020,Online,1,690000,12.8,
2025-04-13,ORD-2025-004518,P00651,T13,PC009,Online,3,1490000,17.5,140000
2025-04-13,ORD-2025-004518,P00651,T13,KR030,Online,1,3050000,20.7,50000
2025-04-13,ORD-2025-004519,P01911,T09,KR024,Marketplace,1,3000000,11.8,380000
2025-04-13,ORD-2025-004522,P03274,T13,PD020,Online,2,920000,17.6,320000
2025-04-13,ORD-2025-004522,P03274,T13,DK019,Online,1,860000,12.1,590000
2025-04-13,ORD-2025-004530,P01408,T01,KR024,Marketplace,2,3000000,11.6,420000
2025-04-14,ORD-2025-004215,P00944,T13,DK032,Online,3,340000,1.8,110000
2025-04-14,ORD-2025-004217,P03203,T09,LM002,Toko,1,5960000,11.9,370000
2025-04-14,ORD-2025-004234,P01745,T03,DK029,Marketplace,3,500000,11.5,340000
2025-04-14,ORD-2025-004283,,T10,DK032,Toko,2,340000,13.3,
2025-04-14,ORD-2025-004283,,T10,DK002,Toko,1,490000,17.0,
2025-04-14,ORD-2025-004287,P00989,T13,DK040,Online,1,1260000,16.3,490000
2025-04-14,ORD-2025-004287,P00989,T13,KR006,Online,2,3040000,12.9,460000
2025-04-14,ORD-2025-004300,P02700,T13,LM035,Online,1,11500000,0.0,240000
2025-04-14,ORD-2025-004322,P00738,T10,PC018,Toko,2,1420000,3.7,
2025-04-14,ORD-2025-004364,P00012,T13,DK017,Online,1,1740000,13.4,580000
2025-04-14,ORD-2025-004364,P00012,T13,KR031,Online,1,2350000,0.0,480000
2025-04-14,ORD-2025-004366,P02182,T02,KR031,Toko,1,2350000,6.1,
2025-04-14,ORD-2025-004366,P02182,T02,DK026,Toko,1,1170000,7.6,
2025-04-14,ORD-2025-004369,P00563,T02,KR018,Toko,2,1090000,14.7,
2025-04-14,ORD-2025-004369,P00563,T02,DK040,Toko,1,1260000,14.8,
2025-04-14,ORD-2025-004371,P00260,T08,DK043,Toko,1,760000,0.0,
2025-04-14,ORD-2025-004409,P00458,T13,KR039,Online,1,2460000,16.2,560000
2025-04-14,ORD-2025-004424,P00350,T13,KR018,Online,1,1090000,19.2,120000
2025-04-14,ORD-2025-004451,P02998,T13,DK043,Online,1,760000,9.2,370000
2025-04-14,ORD-2025-004451,P02998,T13,DK022,Online,1,550000,11.3,50000
2025-04-14,ORD-2025-004455,P00549,T01,KR025,Toko,1,3670000,18.0,
2025-04-14,ORD-2025-004455,P00549,T01,PD015,Toko,1,750000,15.3,
2025-04-14,ORD-2025-004455,P00549,T01,DK022,Toko,1,550000,11.1,190000
2025-04-14,ORD-2025-004458,P01197,T13,LM021,Online,1,7550000,11.3,540000
2025-04-14,ORD-2025-004470,P00622,T13,MJ026,Online,1,3480000,13.3,580000
2025-04-14,ORD-2025-004475,P01432,T09,KR021,Marketplace,1,2670000,10.2,50000
2025-04-14,ORD-2025-004475,P01432,T09,MJ040,Marketplace,1,4110000,20.8,90000
2025-04-14,ORD-2025-004494,P03070,T13,PD023,Online,1,1090000,0.0,300000
2025-04-14,ORD-2025-004500,P01059,T04,DK028,Toko,1,730000,3.3,
2025-04-14,ORD-2025-004500,P01059,T04,MJ001,Toko,1,2940000,15.0,
2025-04-14,ORD-2025-004502,P01596,T13,KR017,Online,2,4540000,21.8,270000
2025-04-15,ORD-2025-004291,P00834,T01,LM033,Toko,1,6100000,7.9,
2025-04-15,ORD-2025-004352,P02581,T13,MJ009,Online,1,2670000,15.5,280000
2025-04-15,ORD-2025-004443,P02601,T03,KR034,Marketplace,2,2350000,0.0,410000
2025-04-15,ORD-2025-004443,P02601,T03,KR029,Marketplace,1,5120000,11.6,440000
2025-04-15,ORD-2025-004465,P02324,T05,SF034,Marketplace,1,13040000,10.5,550000
2025-04-15,ORD-2025-004489,P00267,T13,PC009,Online,3,1490000,16.4,
2025-04-15,ORD-2025-004508,P00934,T13,PD018,Online,1,530000,0.0,160000
2025-04-15,ORD-2025-004508,P00934,T13,MJ016,Online,4,7350000,11.4,210000
2025-04-16,ORD-2025-004204,P02196,T06,PC015,Marketplace,2,1320000,10.4,420000
2025-04-16,ORD-2025-004208,P02923,T13,KR030,Online,1,3050000,17.6,400000
2025-04-16,ORD-2025-004233,P03299,T13,PD020,Online,1,920000,14.2,320000
2025-04-16,ORD-2025-004257,P02864,T13,KR040,Online,1,2380000,12.3,130000
2025-04-16,ORD-2025-004257,P02864,T13,KR013,Online,4,3330000,6.8,230000
2025-04-16,ORD-2025-004277,P01662,T13,SF006,Online,2,4230000,15.5,90000
2025-04-16,ORD-2025-004278,P01523,T05,KS018,Toko,1,7410000,15.2,
2025-04-16,ORD-2025-004345,P03287,T03,SF009,Marketplace,2,11780000,6.6,
2025-04-16,ORD-2025-004345,P03287,T03,PD012,Marketplace,1,1500000,0.0,300000
2025-04-16,ORD-2025-004390,P01466,T13,PD026,Online,1,520000,16.8,450000
2025-04-16,ORD-2025-004401,,T11,DK001,Toko,1,530000,11.8,
2025-04-16,ORD-2025-004402,P02751,T09,MJ029,Toko,1,2890000,12.8,
2025-04-16,ORD-2025-004405,P02801,T09,MJ046,Toko,1,2600000,16.9,
2025-04-16,ORD-2025-004408,P01658,T13,PC003,Online,2,1200000,19.0,350000
2025-04-16,ORD-2025-004435,P01258,T13,DK012,Online,2,960000,12.8,70000
2025-04-16,ORD-2025-004435,P01258,T13,PD005,Online,1,390000,14.8,300000
2025-04-16,ORD-2025-004435,P01258,T13,LM039,Online,1,7740000,12.1,470000
2025-04-16,ORD-2025-004435,P01258,T13,LM023,Online,2,8770000,0.0,540000
2025-04-16,ORD-2025-004438,P01949,T13,KR034,Online,1,2350000,8.5,210000
2025-04-16,ORD-2025-004438,P01949,T13,DK043,Online,1,760000,14.9,590000
2025-04-16,ORD-2025-004444,P03148,T02,MJ029,Marketplace,1,2890000,8.6,560000
2025-04-16,ORD-2025-004444,P03148,T02,DK042,Marketplace,1,1280000,11.3,350000
2025-04-16,ORD-2025-004444,P03148,T02,KR035,Marketplace,1,1760000,8.5,570000
2025-04-16,ORD-2025-004444,P03148,T02,DK043,Marketplace,2,760000,0.0,550000
2025-04-16,ORD-2025-004474,P02542,T06,DK034,Toko,1,830000,9.3,290000
2025-04-16,ORD-2025-004474,P02542,T06,KS023,Toko,1,13410000,0.0,
2025-04-16,ORD-2025-004474,P02542,T06,DK033,Toko,1,220000,8.3,
2025-04-16,ORD-2025-004491,P02273,T05,KS017,Toko,1,15120000,16.6,
2025-04-16,ORD-2025-004491,P02273,T05,KS034,Toko,2,6400000,0.0,
2025-04-16,ORD-2025-004517,P00098,T13,MJ046,Online,1,2600000,9.3,290000
2025-04-16,ORD-2025-004535,P00894,T07,DK022,Toko,2,550000,0.0,
2025-04-17,ORD-2025-004191,,T02,KR047,Toko,1,4470000,8.3,
2025-04-17,ORD-2025-004191,,T02,PD003,Toko,1,1200000,11.5,
2025-04-17,ORD-2025-004214,P02536,T01,DK021,Toko,2,1010000,13.2,
2025-04-17,ORD-2025-004214,P02536,T01,DK025,Toko,1,660000,12.1,
2025-04-17,ORD-2025-004227,P00803,T07,KR009,Marketplace,1,3260000,17.3,420000
2025-04-17,ORD-2025-004227,P00803,T07,LM040,Marketplace,3,9610000,20.2,200000
2025-04-17,ORD-2025-004264,P00948,T13,LM003,Online,1,5440000,13.0,200000
2025-04-17,ORD-2025-004264,P00948,T13,LM026,Online,1,5250000,16.8,500000
2025-04-17,ORD-2025-004285,P01021,T10,SF027,Marketplace,2,36010000,8.2,70000
2025-04-17,ORD-2025-004306,P02877,T10,LM005,Toko,2,6890000,14.1,
2025-04-17,ORD-2025-004306,P02877,T10,SF031,Toko,1,3420000,12.2,
2025-04-17,ORD-2025-004340,P01802,T03,DK036,Toko,1,510000,9.5,
2025-04-17,ORD-2025-004346,P01439,T13,DK022,Online,1,550000,8.1,470000
2025-04-17,ORD-2025-004354,P02505,T09,MJ017,Toko,1,3280000,14.7,
2025-04-17,ORD-2025-004412,,T01,KR015,Toko,4,2050000,15.1,210000
2025-04-17,ORD-2025-004432,P01468,T04,PD009,Toko,1,840000,15.1,290000
2025-04-17,ORD-2025-004432,P01468,T04,MJ005,Toko,1,4030000,12.6,
2025-04-17,ORD-2025-004432,P01468,T04,PC008,Toko,1,1830000,15.6,280000
2025-04-17,ORD-2025-004433,P03282,T13,KR023,Online,1,1270000,0.0,130000
2025-04-17,ORD-2025-004471,P01756,T11,KR044,Marketplace,1,2280000,19.6,570000
2025-04-18,ORD-2025-004221,P01602,T13,PC025,Online,3,1800000,16.0,380000
2025-04-18,ORD-2025-004221,P01602,T13,DK027,Online,1,630000,17.3,190000
2025-04-18,ORD-2025-004270,,T08,PD003,Toko,2,1200000,10.2,
2025-04-18,ORD-2025-004270,,T08,PD016,Toko,1,1080000,0.0,
2025-04-18,ORD-2025-004270,,T08,KS034,Toko,1,6400000,13.9,
2025-04-18,ORD-2025-004317,P01318,T12,KR028,Toko,2,1780000,13.6,
2025-04-18,ORD-2025-004317,P01318,T12,PC025,Toko,1,1800000,13.3,
2025-04-18,ORD-2025-004375,P02011,T13,MJ034,Online,1,6280000,0.0,230000
2025-04-18,ORD-2025-004375,P02011,T13,KR018,Online,3,1090000,18.4,250000
2025-04-18,ORD-2025-004375,P02011,T13,MJ041,Online,1,2240000,27.2,110000
2025-04-18,ORD-2025-004392,P01924,T01,KR026,Toko,1,2860000,16.1,
2025-04-18,ORD-2025-004392,P01924,T01,LM013,Toko,1,3180000,13.1,
2025-04-18,ORD-2025-004440,P02672,T10,KS003,Marketplace,1,12030000,17.0,390000
2025-04-19,ORD-2025-004238,P01178,T06,PD020,Marketplace,1,920000,19.2,480000
2025-04-19,ORD-2025-004238,P01178,T06,DK005,Marketplace,2,430000,10.1,100000
2025-04-19,ORD-2025-004453,P00652,T13,SF006,Online,1,4230000,0.0,330000
2025-04-19,ORD-2025-004473,P00488,T03,KS027,Toko,3,6560000,13.6,
2025-04-19,ORD-2025-004495,P02810,T13,DK037,Online,1,540000,15.0,120000
2025-04-19,ORD-2025-004499,P00688,T03,PC016,Toko,1,1760000,8.7,
2025-04-19,ORD-2025-004499,P00688,T03,MJ006,Toko,1,4050000,16.9,100000
2025-04-19,ORD-2025-004509,P01171,T07,DK025,Toko,1,660000,11.7,
2025-04-19,ORD-2025-004516,P02599,T13,DK020,Online,1,690000,18.0,180000
2025-04-19,ORD-2025-004516,P02599,T13,PD007,Online,2,770000,0.0,240000
2025-04-19,ORD-2025-004520,P00049,T13,PC011,Online,4,4490000,14.0,510000
2025-04-20,ORD-2025-004202,P02707,T03,DK043,Marketplace,1,760000,0.0,120000
2025-04-20,ORD-2025-004202,P02707,T03,KR044,Marketplace,1,2280000,11.5,470000
2025-04-20,ORD-2025-004298,P01731,T09,DK025,Toko,4,660000,18.3,450000
2025-04-20,ORD-2025-004303,P00486,T04,PC019,Toko,1,1840000,11.3,
2025-04-20,ORD-2025-004303,P00486,T04,KR023,Toko,1,1270000,0.0,
2025-04-20,ORD-2025-004311,P02481,T13,DK012,Online,3,960000,14.4,280000
2025-04-20,ORD-2025-004338,P02422,T07,PC017,Toko,1,1720000,13.3,
2025-04-20,ORD-2025-004338,P02422,T07,DK025,Toko,2,660000,0.0,
2025-04-20,ORD-2025-004360,P01259,T09,MJ017,Toko,1,3280000,24.4,
2025-04-20,ORD-2025-004368,P00336,T13,DK034,Online,1,830000,7.7,270000
2025-04-20,ORD-2025-004373,P01435,T09,LM010,Toko,1,7760000,11.9,
2025-04-20,ORD-2025-004514,P01071,T13,DK032,Online,1,340000,15.0,200000
2025-04-21,ORD-2025-004212,P00393,T13,DK023,Online,1,770000,11.9,440000
2025-04-21,ORD-2025-004212,P00393,T13,KR043,Online,2,5270000,10.1,340000
2025-04-21,ORD-2025-004212,P00393,T13,DK005,Online,1,430000,0.0,490000
2025-04-21,ORD-2025-004212,P00393,T13,DK044,Online,1,1380000,7.4,580000
2025-04-21,ORD-2025-004231,P00902,T09,SF039,Toko,1,6120000,0.0,
2025-04-21,ORD-2025-004231,P00902,T09,DK014,Toko,2,890000,0.0,
2025-04-21,ORD-2025-004258,P01157,T02,PC026,Marketplace,2,860000,20.0,550000
2025-04-21,ORD-2025-004258,P01157,T02,PD009,Marketplace,1,840000,9.6,430000
2025-04-21,ORD-2025-004302,P01495,T13,SF033,Online,3,9380000,0.0,510000
2025-04-21,ORD-2025-004385,P00176,T09,KS023,Toko,1,13410000,16.7,
2025-04-21,ORD-2025-004407,P00612,T10,DK035,Toko,1,400000,0.0,
2025-04-21,ORD-2025-004407,P00612,T10,KS030,Toko,1,3860000,15.8,
2025-04-21,ORD-2025-004419,P01029,T05,PD015,Toko,1,750000,15.7,
2025-04-21,ORD-2025-004419,P01029,T05,DK009,Toko,1,990000,14.8,
2025-04-21,ORD-2025-004442,P01156,T13,PD021,Online,1,660000,0.0,120000
2025-04-21,ORD-2025-004456,P03114,T04,SF015,Marketplace,1,6690000,14.5,400000
2025-04-21,ORD-2025-004456,P03114,T04,DK036,Marketplace,1,510000,15.4,280000
2025-04-21,ORD-2025-004456,P03114,T04,KR025,Marketplace,2,3670000,10.2,70000
2025-04-21,ORD-2025-004456,P03114,T04,LM031,Marketplace,1,6490000,9.0,390000
2025-04-21,ORD-2025-004503,P03294,T06,KR044,Toko,1,2280000,9.3,
2025-04-21,ORD-2025-004503,P03294,T06,LM018,Toko,1,22510000,18.1,
2025-04-21,ORD-2025-004503,P03294,T06,DK028,Toko,3,730000,17.9,
2025-04-21,ORD-2025-004504,P00579,T09,KS032,Toko,1,9280000,16.9,
2025-04-21,ORD-2025-004528,P01678,T13,KR039,Online,1,2460000,0.0,420000
2025-04-21,ORD-2025-004528,P01678,T13,LM005,Online,3,6890000,0.0,120000
2025-04-22,ORD-2025-004198,P00202,T10,DK033,Toko,1,220000,13.8,
2025-04-22,ORD-2025-004198,P00202,T10,KR011,Toko,1,1570000,12.1,
2025-04-22,ORD-2025-004209,P03074,T13,KR034,Online,1,2350000,0.0,230000
2025-04-22,ORD-2025-004218,P02735,T05,SF020,Marketplace,2,9700000,10.0,480000
2025-04-22,ORD-2025-004240,P02540,T13,SF022,Online,2,7310000,15.3,490000
2025-04-22,ORD-2025-004281,P00690,T10,KS022,Marketplace,1,13060000,0.0,230000
2025-04-22,ORD-2025-004290,P01447,T13,DK019,Online,2,860000,11.1,90000
2025-04-22,ORD-2025-004330,P02207,T13,DK029,Online,1,500000,16.3,590000
2025-04-22,ORD-2025-004426,P02688,T13,LM013,Online,1,3180000,17.2,250000
2025-04-22,ORD-2025-004426,P02688,T13,DK020,Online,1,690000,8.9,160000
2025-04-22,ORD-2025-004430,P01224,T04,KR021,Toko,1,2670000,10.0,
2025-04-22,ORD-2025-004430,P01224,T04,KR033,Toko,1,3030000,20.6,
2025-04-22,ORD-2025-004431,P02231,T07,PC011,Toko,1,4490000,16.3,
2025-04-22,ORD-2025-004484,P01369,T07,PC030,Toko,2,1220000,19.4,
2025-04-22,ORD-2025-004493,P01304,T13,PD012,Online,1,1500000,20.0,450000
2025-04-23,ORD-2025-004206,P02884,T10,KR041,Toko,2,1620000,8.8,
2025-04-23,ORD-2025-004235,P03404,T13,DK042,Online,3,1280000,0.0,110000
2025-04-23,ORD-2025-004260,P03119,T09,MJ029,Marketplace,1,2890000,0.0,510000
2025-04-23,ORD-2025-004260,P03119,T09,KR023,Marketplace,2,1270000,11.5,140000
2025-04-23,ORD-2025-004271,P03341,T13,KR030,Online,1,3050000,0.0,290000
2025-04-23,ORD-2025-004309,P01129,T13,PD005,Online,2,390000,10.2,510000
2025-04-23,ORD-2025-004328,P01441,T13,MJ006,Online,1,4050000,12.4,50000
2025-04-23,ORD-2025-004332,P02283,T04,SF022,Toko,1,7310000,13.3,
2025-04-23,ORD-2025-004335,P01027,T02,DK001,Toko,1,530000,17.9,
2025-04-23,ORD-2025-004376,P02470,T13,DK004,Online,1,1240000,17.0,50000
2025-04-23,ORD-2025-004376,P02470,T13,LM004,Online,1,4320000,0.0,310000
2025-04-23,ORD-2025-004382,P00497,T08,MJ030,Toko,2,2670000,7.9,350000
2025-04-23,ORD-2025-004382,P00497,T08,DK007,Toko,1,900000,12.0,430000
2025-04-23,ORD-2025-004452,P01031,T01,SF022,Marketplace,1,7310000,9.9,480000
2025-04-23,ORD-2025-004452,P01031,T01,MJ032,Marketplace,1,5400000,12.9,200000
2025-04-23,ORD-2025-004452,P01031,T01,PC012,Marketplace,1,1870000,11.7,380000
2025-04-23,ORD-2025-004457,,T01,DK012,Toko,1,960000,15.1,
2025-04-23,ORD-2025-004477,P03268,T13,DK005,Online,1,430000,14.6,210000
2025-04-23,ORD-2025-004477,P03268,T13,SF018,Online,1,10500000,9.5,180000
2025-04-23,ORD-2025-004477,P03268,T13,DK003,Online,1,420000,14.5,200000
2025-04-23,ORD-2025-004477,P03268,T13,PC024,Online,1,850000,12.9,150000
2025-04-23,ORD-2025-004533,P03280,T08,DK027,Toko,1,630000,17.6,
2025-04-24,ORD-2025-004190,P00452,T10,PD006,Toko,2,970000,0.0,
2025-04-24,ORD-2025-004201,P01377,T10,PD011,Toko,1,750000,11.7,
2025-04-24,ORD-2025-004276,P00972,T13,PC022,Online,1,3000000,12.7,430000
2025-04-24,ORD-2025-004301,P00517,T05,MJ042,Toko,1,10940000,14.1,260000
2025-04-24,ORD-2025-004308,P01925,T13,KS019,Online,1,7170000,13.9,120000
2025-04-24,ORD-2025-004449,P02916,T01,DK022,Marketplace,1,550000,21.4,290000
2025-04-24,ORD-2025-004449,P02916,T01,PC014,Marketplace,4,1800000,0.0,250000
2025-04-24,ORD-2025-004449,P02916,T01,MJ005,Marketplace,3,4030000,0.0,310000
2025-04-24,ORD-2025-004481,P01293,T01,KR042,Toko,1,1850000,15.6,
2025-04-24,ORD-2025-004482,P02542,T09,KS034,Toko,2,6400000,18.6,350000
2025-04-24,ORD-2025-004482,P02542,T09,KR037,Toko,1,2790000,9.0,340000
2025-04-24,ORD-2025-004512,P02154,T05,PC014,Toko,2,1800000,0.0,
2025-04-24,ORD-2025-004529,P02017,T13,DK038,Online,1,530000,17.5,240000
2025-04-24,ORD-2025-004529,P02017,T13,PD008,Online,1,970000,15.0,430000
2025-04-24,ORD-2025-004529,P02017,T13,DK019,Online,1,860000,0.0,470000
2025-04-24,ORD-2025-004529,P02017,T13,KS025,Online,1,7830000,17.8,290000
2025-04-25,ORD-2025-004251,P00341,T13,DK015,Online,2,1390000,9.6,570000
2025-04-25,ORD-2025-004255,P03477,T13,PD026,Online,1,520000,15.0,560000
2025-04-25,ORD-2025-004255,P03477,T13,KR044,Online,1,2280000,13.6,150000
2025-04-25,ORD-2025-004280,P02674,T13,PD005,Online,1,390000,11.6,530000
2025-04-25,ORD-2025-004314,P01111,T13,PC005,Online,1,660000,9.1,590000
2025-04-25,ORD-2025-004396,,T02,DK030,Toko,1,930000,11.8,
2025-04-25,ORD-2025-004396,,T02,DK038,Toko,1,530000,9.3,
2025-04-25,ORD-2025-004422,P03401,T01,PC026,Toko,1,860000,14.9,
2025-04-25,ORD-2025-004483,P02977,T13,DK029,Online,1,500000,11.4,290000
2025-04-25,ORD-2025-004515,,T10,DK032,Toko,1,340000,0.0,
2025-04-25,ORD-2025-004527,P02046,T13,SF018,Online,2,10500000,15.5,400000
2025-04-26,ORD-2025-004228,P02131,T13,PC011,Online,1,4490000,10.0,590000
2025-04-26,ORD-2025-004289,P00024,T01,SF006,Toko,1,4230000,19.4,
2025-04-26,ORD-2025-004289,P00024,T01,MJ011,Toko,2,6920000,0.0,
2025-04-26,ORD-2025-004358,P01697,T13,KR026,Online,1,2860000,0.0,410000
2025-04-26,ORD-2025-004372,P03039,T13,PD002,Online,1,1150000,12.5,420000
2025-04-26,ORD-2025-004372,P03039,T13,DK004,Online,1,1240000,10.7,260000
2025-04-26,ORD-2025-004478,P02074,T13,LM015,Online,1,3180000,9.4,240000
2025-04-26,ORD-2025-004478,P02074,T13,PD003,Online,1,1200000,5.0,370000
2025-04-26,ORD-2025-004523,P02266,T09,KS033,Toko,1,13600000,15.8,
2025-04-27,ORD-2025-004229,P01655,T10,KR028,Toko,1,1780000,3.2,
2025-04-27,ORD-2025-004229,P01655,T10,DK029,Toko,1,500000,14.0,
2025-04-27,ORD-2025-004246,P01913,T13,KS031,Online,3,4390000,7.5,50000
2025-04-27,ORD-2025-004250,P00261,T10,MJ013,Marketplace,3,2960000,16.5,540000
2025-04-27,ORD-2025-004250,P00261,T10,DK032,Marketplace,2,340000,13.6,500000
2025-04-27,ORD-2025-004250,P00261,T10,DK010,Marketplace,1,690000,8.5,490000
2025-04-27,ORD-2025-004305,,T05,KS019,Toko,1,7170000,10.8,
2025-04-27,ORD-2025-004305,,T05,DK040,Toko,1,1260000,21.0,
2025-04-27,ORD-2025-004347,P01318,T01,SF011,Toko,4,4580000,14.6,
2025-04-27,ORD-2025-004388,P00634,T04,MJ035,Toko,1,5190000,17.9,
2025-04-27,ORD-2025-004388,P00634,T04,KR026,Toko,2,2860000,14.0,
2025-04-27,ORD-2025-004388,P00634,T04,KR004,Toko,1,1790000,6.8,
2025-04-27,ORD-2025-004388,P00634,T04,DK009,Toko,2,990000,10.2,
2025-04-27,ORD-2025-004423,P00423,T01,LM007,Toko,3,4350000,19.8,
2025-04-27,ORD-2025-004423,P00423,T01,KR034,Toko,1,2350000,21.3,
2025-04-27,ORD-2025-004423,P00423,T01,DK038,Toko,1,530000,12.9,
2025-04-27,ORD-2025-004423,P00423,T01,DK033,Toko,1,220000,13.0,
2025-04-27,ORD-2025-004450,P02565,T13,MJ037,Online,1,3320000,11.1,250000
2025-04-27,ORD-2025-004468,P00646,T10,KS024,Toko,1,13500000,15.6,
2025-04-27,ORD-2025-004496,P02286,T13,PD014,Online,1,1590000,6.8,80000
2025-04-27,ORD-2025-004526,P00451,T03,KS004,Marketplace,1,10560000,4.1,530000
2025-04-28,ORD-2025-004211,P00638,T02,PD021,Toko,1,660000,10.7,
2025-04-28,ORD-2025-004211,P00638,T02,DK043,Toko,1,760000,4.7,
2025-04-28,ORD-2025-004225,P01045,T07,DK039,Toko,1,870000,6.5,
2025-04-28,ORD-2025-004225,P01045,T07,MJ008,Toko,2,3030000,0.0,
2025-04-28,ORD-2025-004225,P01045,T07,PD006,Toko,1,970000,15.6,
2025-04-28,ORD-2025-004225,P01045,T07,KS013,Toko,1,10990000,13.7,
2025-04-28,ORD-2025-004239,P00279,T13,PC017,Online,1,1720000,11.8,160000
2025-04-28,ORD-2025-004269,P00938,T13,KR012,Online,1,2460000,6.3,430000
2025-04-28,ORD-2025-004272,P01960,T13,SF002,Online,1,5950000,12.9,110000
2025-04-28,ORD-2025-004286,P01763,T13,KR043,Online,4,5270000,9.7,190000
2025-04-28,ORD-2025-004292,P00206,T13,SF019,Online,1,8050000,13.7,500000
2025-04-28,ORD-2025-004299,P00923,T07,SF034,Toko,1,13040000,0.0,
2025-04-28,ORD-2025-004299,P00923,T07,LM023,Toko,2,8770000,0.0,
2025-04-28,ORD-2025-004310,P02620,T02,KR012,Toko,2,2460000,11.4,80000
2025-04-28,ORD-2025-004324,P02989,T02,DK001,Toko,1,530000,9.7,
2025-04-28,ORD-2025-004324,P02989,T02,KR042,Toko,4,1850000,10.6,
2025-04-28,ORD-2025-004333,P03154,T13,PD010,Online,4,450000,20.8,210000
2025-04-28,ORD-2025-004333,P03154,T13,MJ022,Online,1,4090000,9.6,410000
2025-04-28,ORD-2025-004344,P02753,T04,PC024,Marketplace,3,850000,10.6,510000
2025-04-28,ORD-2025-004348,P03223,T13,DK025,Online,1,660000,8.0,380000
2025-04-28,ORD-2025-004348,P03223,T13,PC026,Online,2,860000,12.2,
2025-04-28,ORD-2025-004377,P02104,T07,DK020,Marketplace,2,690000,10.0,510000
2025-04-28,ORD-2025-004377,P02104,T07,PD008,Marketplace,2,970000,12.0,460000
2025-04-28,ORD-2025-004410,P01005,T11,MJ041,Toko,2,2240000,5.9,
2025-04-28,ORD-2025-004417,P01075,T03,DK002,Toko,1,490000,17.0,
2025-04-28,ORD-2025-004420,P00462,T06,LM020,Toko,1,8740000,8.1,
2025-04-28,ORD-2025-004437,P01506,T13,KR041,Online,4,1620000,9.0,430000
2025-04-28,ORD-2025-004497,P00439,T13,DK041,Online,4,2550000,9.3,480000
2025-04-28,ORD-2025-004497,P00439,T13,KR018,Online,2,1090000,4.9,360000
2025-04-28,ORD-2025-004532,P03381,T13,LM008,Online,1,5080000,14.6,200000
2025-04-28,ORD-2025-004532,P03381,T13,MJ001,Online,1,2940000,22.0,210000
2025-04-28,ORD-2025-004532,P03381,T13,DK014,Online,1,890000,0.0,590000
2025-04-29,ORD-2025-004224,P00014,T13,DK034,Online,1,830000,16.3,60000
2025-04-29,ORD-2025-004265,P01776,T13,MJ011,Online,2,6920000,15.1,160000
2025-04-29,ORD-2025-004265,P01776,T13,LM007,Online,1,4350000,8.4,150000
2025-04-29,ORD-2025-004304,P01707,T04,MJ029,Toko,1,2890000,4.8,
2025-04-29,ORD-2025-004304,P01707,T04,KR018,Toko,2,1090000,6.7,
2025-04-29,ORD-2025-004304,P01707,T04,MJ046,Toko,3,2600000,9.1,
2025-04-29,ORD-2025-004307,P01914,T04,KS008,Marketplace,2,5690000,10.6,
2025-04-29,ORD-2025-004327,P00137,T13,KR039,Online,1,2460000,15.2,350000
2025-04-29,ORD-2025-004327,P00137,T13,DK037,Online,1,540000,14.7,470000
2025-04-29,ORD-2025-004362,P00435,T13,DK023,Online,1,770000,10.5,190000
2025-04-29,ORD-2025-004362,P00435,T13,DK017,Online,2,1740000,11.3,440000
2025-04-29,ORD-2025-004362,P00435,T13,KR002,Online,1,1500000,10.0,170000
2025-04-29,ORD-2025-004505,P02789,T13,PD023,Online,2,1090000,17.1,470000
2025-04-30,ORD-2025-004243,P01615,T05,MJ018,Toko,1,3700000,6.1,
2025-04-30,ORD-2025-004323,P03119,T07,DK044,Marketplace,1,1380000,15.6,430000
2025-04-30,ORD-2025-004323,P03119,T07,SF028,Marketplace,1,6980000,0.0,460000
2025-04-30,ORD-2025-004326,P00313,T10,DK010,Toko,1,690000,12.2,
2025-04-30,ORD-2025-004393,P00671,T13,MJ037,Online,1,3320000,16.5,470000
2025-04-30,ORD-2025-004393,P00671,T13,DK003,Online,4,420000,12.5,230000
2025-04-30,ORD-2025-004393,P00671,T13,DK042,Online,2,1280000,8.5,380000
2025-04-30,ORD-2025-004393,P00671,T13,KS032,Online,1,9280000,14.3,250000
2025-04-30,ORD-2025-004436,P01351,T06,SF012,Marketplace,2,7980000,12.8,580000
2025-04-30,ORD-2025-004436,P01351,T06,KR007,Marketplace,1,1690000,10.4,230000
2025-04-30,ORD-2025-004436,P01351,T06,DK037,Marketplace,2,540000,16.2,530000
2025-04-30,ORD-2025-004447,P01051,T04,PD014,Toko,1,1590000,8.7,
2025-04-30,ORD-2025-004463,P02064,T04,DK036,Toko,1,510000,14.9,
2025-04-30,ORD-2025-004463,P02064,T04,LM013,Toko,3,3180000,21.2,
2025-04-30,ORD-2025-004466,P00861,T03,PD011,Marketplace,2,750000,15.0,320000
2025-04-30,ORD-2025-004490,P03016,T01,KR014,Toko,1,3530000,19.2,
2025-04-30,ORD-2025-004492,,T01,KS008,Toko,1,5690000,21.6,
2025-04-30,ORD-2025-004492,,T01,DK026,Toko,2,1170000,6.4,
2025-04-30,ORD-2025-004534,P00965,T13,MJ045,Online,2,2740000,0.0,50000
2025-04-30,ORD-2025-004534,P00965,T13,DK014,Online,1,890000,18.5,180000
2025-04-30,ORD-2025-004534,P00965,T13,DK035,Online,1,400000,13.0,270000
2025-05-01,ORD-2025-004588,P02327,T13,PC015,Online,1,1320000,13.3,340000
2025-05-01,ORD-2025-004606,P03061,T13,MJ032,Online,1,5400000,7.1,370000
2025-05-01,ORD-2025-004606,P03061,T13,DK020,Online,1,690000,8.8,440000
2025-05-01,ORD-2025-004606,P03061,T13,SF016,Online,2,10420000,15.3,260000
2025-05-01,ORD-2025-004634,P00575,T09,KS007,Toko,2,6100000,12.6,
2025-05-01,ORD-2025-004635,P03019,T13,LM014,Online,1,4520000,15.6,210000
2025-05-01,ORD-2025-004635,P03019,T13,PD013,Online,1,1030000,0.0,90000
2025-05-01,ORD-2025-004646,P00041,T12,PD016,Toko,1,1080000,9.5,
2025-05-01,ORD-2025-004653,P00369,T13,PD010,Online,1,450000,10.2,560000
2025-05-01,ORD-2025-004680,P01125,T13,MJ006,Online,1,4050000,13.7,150000
2025-05-01,ORD-2025-004713,P01399,T04,DK035,Toko,3,400000,9.1,
2025-05-01,ORD-2025-004720,P00143,T09,KS028,Toko,1,7780000,19.6,
2025-05-01,ORD-2025-004720,P00143,T09,PC017,Toko,1,1720000,18.8,
2025-05-01,ORD-2025-004729,P01249,T06,DK032,Toko,1,340000,13.3,
2025-05-01,ORD-2025-004767,P02679,T04,SF020,Toko,1,9700000,16.6,
2025-05-01,ORD-2025-004767,P02679,T04,KR024,Toko,1,3000000,17.2,
2025-05-02,ORD-2025-004603,P01278,T11,DK001,Toko,1,530000,13.4,
2025-05-02,ORD-2025-004603,P01278,T11,LM012,Toko,1,7130000,14.4,90000
2025-05-02,ORD-2025-004623,P00982,T01,PD019,Toko,2,1260000,17.3,
2025-05-02,ORD-2025-004627,P03222,T11,KS018,Toko,3,7410000,13.9,
2025-05-02,ORD-2025-004627,P03222,T11,PC024,Toko,1,850000,4.6,
2025-05-02,ORD-2025-004629,P00627,T06,DK009,Toko,1,990000,19.0,
2025-05-02,ORD-2025-004629,P00627,T06,PC026,Toko,2,860000,7.8,
2025-05-02,ORD-2025-004629,P00627,T06,SF025,Toko,1,5340000,12.6,410000
2025-05-02,ORD-2025-004637,P02450,T09,DK007,Toko,1,900000,0.0,
2025-05-02,ORD-2025-004673,P02936,T13,SF034,Online,1,13040000,9.1,530000
2025-05-02,ORD-2025-004819,P02128,T02,KR040,Marketplace,1,2380000,15.9,
2025-05-02,ORD-2025-004819,P02128,T02,MJ029,Marketplace,1,2890000,15.9,490000
2025-05-02,ORD-2025-004834,P03266,T01,DK027,Toko,3,630000,6.4,450000
2025-05-02,ORD-2025-004842,P03267,T11,DK034,Toko,2,830000,12.1,
2025-05-03,ORD-2025-004560,P01102,T13,KS033,Online,1,13600000,18.0,440000
2025-05-03,ORD-2025-004560,P01102,T13,DK024,Online,4,930000,14.5,150000
2025-05-03,ORD-2025-004618,P01306,T02,PD016,Marketplace,2,1080000,15.3,190000
2025-05-03,ORD-2025-004664,P00993,T06,PD021,Marketplace,1,660000,13.5,420000
2025-05-03,ORD-2025-004664,P00993,T06,SF004,Marketplace,1,7400000,15.6,
2025-05-03,ORD-2025-004664,P00993,T06,DK043,Marketplace,1,760000,12.6,320000
2025-05-03,ORD-2025-004681,P01472,T02,KR037,Toko,1,2790000,0.0,80000
2025-05-03,ORD-2025-004685,P00616,T11,DK009,Toko,1,990000,0.0,
2025-05-03,ORD-2025-004689,P01816,T13,PC025,Online,1,1800000,10.3,80000
2025-05-03,ORD-2025-004689,P01816,T13,KR035,Online,2,1760000,17.9,310000
2025-05-03,ORD-2025-004694,P02830,T02,KS030,Toko,1,3860000,11.2,
2025-05-03,ORD-2025-004717,P02516,T03,KR045,Toko,1,3000000,0.0,
2025-05-03,ORD-2025-004734,P00771,T13,MJ021,Online,1,2560000,13.8,350000
2025-05-03,ORD-2025-004762,P02935,T03,MJ044,Toko,1,6150000,14.7,
2025-05-03,ORD-2025-004762,P02935,T03,KR039,Toko,1,2460000,13.9,
2025-05-03,ORD-2025-004778,P03440,T05,PD007,Toko,2,770000,11.7,
2025-05-03,ORD-2025-004791,P01860,T07,PD013,Marketplace,1,1030000,12.2,110000
2025-05-03,ORD-2025-004791,P01860,T07,PC015,Marketplace,2,1320000,14.6,480000
2025-05-03,ORD-2025-004828,P02346,T02,DK026,Toko,2,1170000,0.0,
2025-05-03,ORD-2025-004845,P02593,T13,KR013,Online,1,3330000,12.2,430000
2025-05-03,ORD-2025-004845,P02593,T13,PC021,Online,2,4550000,6.5,140000
2025-05-03,ORD-2025-004845,P02593,T13,MJ022,Online,2,4090000,12.8,170000
2025-05-03,ORD-2025-004845,P02593,T13,PC032,Online,4,470000,0.0,220000
2025-05-03,ORD-2025-004852,P02369,T06,PD011,Toko,2,750000,19.7,
2025-05-04,ORD-2025-004557,P02433,T13,DK042,Online,1,1280000,0.0,70000
2025-05-04,ORD-2025-004557,P02433,T13,PC031,Online,1,1660000,7.6,100000
2025-05-04,ORD-2025-004567,P03477,T13,MJ013,Online,2,2960000,8.2,530000
2025-05-04,ORD-2025-004582,P00483,T03,MJ002,Toko,1,3330000,12.2,
2025-05-04,ORD-2025-004590,P02297,T13,DK003,Online,1,420000,12.2,90000
2025-05-04,ORD-2025-004590,P02297,T13,SF026,Online,1,5850000,0.0,550000
2025-05-04,ORD-2025-004620,P02981,T01,DK003,Marketplace,1,420000,0.0,490000
2025-05-04,ORD-2025-004639,P00880,T13,PC001,Online,1,1430000,7.4,470000
2025-05-04,ORD-2025-004639,P00880,T13,DK004,Online,1,1240000,14.5,560000
2025-05-04,ORD-2025-004647,P00081,T09,DK025,Toko,1,660000,11.7,
2025-05-04,ORD-2025-004647,P00081,T09,LM009,Toko,1,2210000,14.2,
2025-05-04,ORD-2025-004710,P01954,T13,SF020,Online,1,9700000,0.0,520000
2025-05-04,ORD-2025-004736,P01025,T13,MJ032,Online,1,5400000,19.3,170000
2025-05-04,ORD-2025-004785,P02932,T02,PD006,Toko,1,970000,11.6,
2025-05-04,ORD-2025-004785,P02932,T02,KS027,Toko,1,6560000,10.6,
2025-05-04,ORD-2025-004785,P02932,T02,DK004,Toko,2,1240000,0.0,
2025-05-04,ORD-2025-004823,P01732,T13,DK036,Online,1,510000,0.0,500000
2025-05-04,ORD-2025-004823,P01732,T13,DK042,Online,1,1280000,16.0,480000
2025-05-05,ORD-2025-004602,P02661,T02,SF042,Marketplace,1,4260000,0.0,140000
2025-05-05,ORD-2025-004625,P00495,T13,PC031,Online,2,1660000,5.1,550000
2025-05-05,ORD-2025-004625,P00495,T13,DK029,Online,1,500000,14.3,160000
2025-05-05,ORD-2025-004759,P02507,T13,MJ044,Online,1,6150000,4.6,480000
2025-05-05,ORD-2025-004800,P01978,T07,LM034,Marketplace,1,5930000,2.5,190000
2025-05-05,ORD-2025-004851,P02675,T13,DK022,Online,1,550000,6.6,490000
2025-05-05,ORD-2025-004857,P01451,T11,PD011,Toko,1,750000,0.0,
2025-05-06,ORD-2025-004545,P02404,T13,PD005,Online,1,390000,14.9,360000
2025-05-06,ORD-2025-004601,P03132,T13,DK017,Online,1,1740000,4.9,70000
2025-05-06,ORD-2025-004601,P03132,T13,PD014,Online,2,1590000,10.5,300000
2025-05-06,ORD-2025-004605,P02169,T03,PC010,Marketplace,1,1240000,12.2,220000
2025-05-06,ORD-2025-004638,P01016,T07,PD007,Toko,3,770000,4.6,380000
2025-05-06,ORD-2025-004674,P02237,T02,KR021,Toko,1,2670000,10.2,
2025-05-06,ORD-2025-004676,P01394,T13,PC022,Online,1,3000000,11.1,60000
2025-05-06,ORD-2025-004676,P01394,T13,KS008,Online,2,5690000,3.6,330000
2025-05-06,ORD-2025-004676,P01394,T13,LM019,Online,1,5540000,9.3,570000
2025-05-06,ORD-2025-004677,P01204,T06,PC005,Toko,1,660000,0.0,
2025-05-06,ORD-2025-004677,P01204,T06,LM015,Toko,1,3180000,18.1,
2025-05-06,ORD-2025-004691,P02694,T09,PD023,Toko,1,1090000,16.3,
2025-05-06,ORD-2025-004714,P01600,T01,KR032,Toko,1,2340000,11.0,
2025-05-06,ORD-2025-004813,P02175,T13,DK012,Online,1,960000,10.5,280000
2025-05-07,ORD-2025-004540,P02544,T05,MJ023,Toko,1,8100000,15.4,
2025-05-07,ORD-2025-004556,,T06,KS012,Toko,2,11030000,8.9,
2025-05-07,ORD-2025-004558,P00106,T13,KR042,Online,1,1850000,0.0,330000
2025-05-07,ORD-2025-004564,P02010,T08,DK004,Marketplace,1,1240000,13.8,340000
2025-05-07,ORD-2025-004583,P01096,T09,PC003,Toko,1,1200000,0.0,
2025-05-07,ORD-2025-004583,P01096,T09,PD020,Toko,1,920000,0.0,
2025-05-07,ORD-2025-004612,P00779,T13,DK018,Online,1,1000000,14.8,140000
2025-05-07,ORD-2025-004630,P02465,T09,MJ016,Toko,1,7350000,14.9,
2025-05-07,ORD-2025-004726,P01781,T05,SF038,Toko,2,6260000,5.1,
2025-05-07,ORD-2025-004728,P01999,T08,MJ034,Toko,2,6280000,8.9,
2025-05-07,ORD-2025-004728,P01999,T08,MJ029,Toko,1,2890000,10.7,
2025-05-07,ORD-2025-004792,P03434,T01,PD006,Marketplace,2,970000,8.9,100000
2025-05-07,ORD-2025-004810,P01768,T13,KR012,Online,3,2460000,15.1,440000
2025-05-07,ORD-2025-004811,P02755,T13,MJ019,Online,1,6140000,13.0,240000
2025-05-08,ORD-2025-004589,P03378,T13,DK044,Online,2,1380000,12.7,550000
2025-05-08,ORD-2025-004607,P01894,T13,PD011,Online,1,750000,18.6,140000
2025-05-08,ORD-2025-004609,,T01,PC032,Toko,1,470000,5.1,
2025-05-08,ORD-2025-004609,,T01,MJ024,Toko,3,3010000,21.2,
2025-05-08,ORD-2025-004649,P00721,T13,LM040,Online,1,9610000,10.9,580000
2025-05-08,ORD-2025-004649,P00721,T13,DK029,Online,2,500000,12.0,580000
2025-05-08,ORD-2025-004657,P01866,T13,PC025,Online,1,1800000,9.9,550000
2025-05-08,ORD-2025-004711,P01679,T13,KR023,Online,1,1270000,0.0,390000
2025-05-08,ORD-2025-004753,,T09,PC006,Toko,2,1850000,12.2,
2025-05-08,ORD-2025-004808,P00667,T13,PD013,Online,1,1030000,0.0,200000
2025-05-08,ORD-2025-004837,P01640,T13,LM003,Online,2,5440000,7.3,200000
2025-05-09,ORD-2025-004575,P02768,T11,MJ017,Toko,2,3280000,10.8,
2025-05-09,ORD-2025-004614,P02294,T03,KR035,Marketplace,1,1760000,9.4,540000
2025-05-09,ORD-2025-004614,P02294,T03,MJ030,Marketplace,1,2670000,17.7,240000
2025-05-09,ORD-2025-004678,P01790,T08,PC031,Toko,1,1660000,16.1,
2025-05-09,ORD-2025-004751,P02726,T08,MJ006,Toko,1,4050000,0.0,
2025-05-09,ORD-2025-004769,P02953,T13,PC007,Online,1,1510000,19.7,180000
2025-05-09,ORD-2025-004772,P01065,T13,DK021,Online,2,1010000,7.6,120000
2025-05-09,ORD-2025-004841,P02459,T07,KR039,Toko,2,2460000,17.1,
2025-05-10,ORD-2025-004572,P01670,T01,DK033,Toko,1,220000,13.8,
2025-05-10,ORD-2025-004572,P01670,T01,PD013,Toko,1,1030000,14.4,
2025-05-10,ORD-2025-004572,P01670,T01,LM021,Toko,1,7550000,11.4,
2025-05-10,ORD-2025-004572,P01670,T01,SF035,Toko,1,5970000,11.8,
2025-05-10,ORD-2025-004632,P02705,T06,KR030,Toko,1,3050000,0.0,
2025-05-10,ORD-2025-004632,P02705,T06,DK014,Toko,1,890000,21.7,
2025-05-10,ORD-2025-004632,P02705,T06,DK044,Toko,1,1380000,11.6,
2025-05-10,ORD-2025-004702,P01814,T07,PD008,Toko,1,970000,18.4,
2025-05-10,ORD-2025-004707,P03325,T11,KR046,Toko,3,1210000,15.3,
2025-05-10,ORD-2025-004721,P01340,T02,DK023,Toko,1,770000,10.6,
2025-05-10,ORD-2025-004777,P01571,T06,SF041,Marketplace,1,7920000,17.9,250000
2025-05-10,ORD-2025-004787,P02358,T04,PC020,Toko,1,2530000,0.0,
2025-05-10,ORD-2025-004850,,T01,PD021,Toko,1,660000,0.0,
2025-05-11,ORD-2025-004576,P00826,T13,PC032,Online,2,470000,11.4,420000
2025-05-11,ORD-2025-004585,P00342,T13,DK029,Online,1,500000,15.7,110000
2025-05-11,ORD-2025-004654,P02863,T03,PC023,Toko,2,1920000,16.8,
2025-05-11,ORD-2025-004667,P00277,T13,PC016,Online,1,1760000,0.0,220000
2025-05-11,ORD-2025-004692,P00303,T10,KR037,Toko,1,2790000,10.2,330000
2025-05-11,ORD-2025-004692,P00303,T10,DK036,Toko,1,510000,16.7,
2025-05-11,ORD-2025-004719,P01342,T13,KS007,Online,1,6100000,0.0,120000
2025-05-11,ORD-2025-004771,P01168,T07,SF006,Toko,1,4230000,9.7,
2025-05-11,ORD-2025-004786,P02424,T07,PD004,Toko,1,1050000,10.1,
2025-05-11,ORD-2025-004786,P02424,T07,DK018,Toko,1,1000000,10.4,
2025-05-11,ORD-2025-004831,P02586,T13,DK017,Online,1,1740000,11.7,380000
2025-05-12,ORD-2025-004539,P01535,T02,PD010,Marketplace,1,450000,17.8,410000
2025-05-12,ORD-2025-004539,P01535,T02,DK004,Marketplace,1,1240000,1.8,150000
2025-05-12,ORD-2025-004539,P01535,T02,LM019,Marketplace,1,5540000,0.0,300000
2025-05-12,ORD-2025-004566,P01216,T03,PD009,Marketplace,1,840000,13.2,340000
2025-05-12,ORD-2025-004566,P01216,T03,DK017,Marketplace,1,1740000,7.2,420000
2025-05-12,ORD-2025-004566,P01216,T03,PC003,Marketplace,3,1200000,0.0,460000
2025-05-12,ORD-2025-004587,P02695,T13,KR003,Online,1,1440000,13.0,320000
2025-05-12,ORD-2025-004613,P01193,T13,LM013,Online,1,3180000,6.5,140000
2025-05-12,ORD-2025-004615,P00351,T06,KR039,Marketplace,1,2460000,18.8,60000
2025-05-12,ORD-2025-004615,P00351,T06,MJ008,Marketplace,2,3030000,4.8,510000
2025-05-12,ORD-2025-004615,P00351,T06,DK044,Marketplace,1,1380000,9.4,340000
2025-05-12,ORD-2025-004615,P00351,T06,DK004,Marketplace,1,1240000,7.3,280000
2025-05-12,ORD-2025-004641,P01484,T06,LM013,Toko,1,3180000,3.4,
2025-05-12,ORD-2025-004679,P00773,T06,DK002,Toko,1,490000,12.2,
2025-05-12,ORD-2025-004687,P00873,T04,DK002,Toko,1,490000,0.0,
2025-05-12,ORD-2025-004740,P01229,T13,KS017,Online,2,15120000,13.0,130000
2025-05-12,ORD-2025-004741,P02720,T04,MJ003,Toko,3,2060000,14.7,
2025-05-12,ORD-2025-004741,P02720,T04,PD003,Toko,1,1200000,11.0,
2025-05-12,ORD-2025-004742,P02367,T13,SF038,Online,1,6260000,0.0,100000
2025-05-12,ORD-2025-004742,P02367,T13,PD019,Online,1,1260000,10.6,150000
2025-05-12,ORD-2025-004789,P00912,T13,LM007,Online,1,4350000,10.2,170000
2025-05-12,ORD-2025-004798,P00510,T10,DK032,Marketplace,1,340000,19.7,100000
2025-05-12,ORD-2025-004798,P00510,T10,SF001,Marketplace,1,7750000,15.4,100000
2025-05-12,ORD-2025-004803,P00329,T06,PC030,Toko,1,1220000,7.3,
2025-05-12,ORD-2025-004822,P00137,T01,PC026,Toko,1,860000,3.5,
2025-05-12,ORD-2025-004843,P00265,T10,PD018,Marketplace,2,530000,14.6,80000
2025-05-13,ORD-2025-004549,,T04,PD006,Toko,1,970000,12.1,
2025-05-13,ORD-2025-004551,P01648,T04,KR002,Toko,1,1500000,20.2,
2025-05-13,ORD-2025-004551,P01648,T04,MJ030,Toko,1,2670000,12.0,
2025-05-13,ORD-2025-004551,P01648,T04,PD026,Toko,2,520000,12.5,
2025-05-13,ORD-2025-004586,P01039,T13,KR015,Online,1,2050000,14.3,140000
2025-05-13,ORD-2025-004596,P02571,T13,KR038,Online,2,2240000,3.6,190000
2025-05-13,ORD-2025-004648,P03176,T13,PC015,Online,1,1320000,8.8,170000
2025-05-13,ORD-2025-004648,P03176,T13,DK042,Online,1,1280000,0.0,90000
2025-05-13,ORD-2025-004648,P03176,T13,DK006,Online,2,2070000,17.7,500000
2025-05-13,ORD-2025-004648,P03176,T13,DK022,Online,1,550000,14.6,540000
2025-05-13,ORD-2025-004655,P00061,T05,LM015,Toko,2,3180000,12.5,
2025-05-13,ORD-2025-004655,P00061,T05,DK026,Toko,1,1170000,18.1,
2025-05-13,ORD-2025-004666,P02036,T06,DK036,Toko,1,510000,6.6,280000
2025-05-13,ORD-2025-004698,P01146,T03,KR026,Marketplace,1,2860000,13.4,490000
2025-05-13,ORD-2025-004746,P00733,T01,PD008,Toko,2,970000,12.3,
2025-05-13,ORD-2025-004746,P00733,T01,SF042,Toko,4,4260000,10.0,
2025-05-13,ORD-2025-004820,P02794,T13,DK027,Online,1,630000,14.9,310000
2025-05-13,ORD-2025-004820,P02794,T13,PD010,Online,1,450000,15.1,490000
2025-05-13,ORD-2025-004844,P02353,T05,MJ024,Toko,2,3010000,6.4,
2025-05-13,ORD-2025-004848,P01661,T09,LM023,Toko,4,8770000,12.8,
2025-05-13,ORD-2025-004848,P01661,T09,PC002,Toko,1,1740000,8.9,
2025-05-14,ORD-2025-004537,,T01,DK033,Toko,1,220000,17.6,
2025-05-14,ORD-2025-004584,P01658,T09,KR025,Toko,1,3670000,14.7,
2025-05-14,ORD-2025-004584,P01658,T09,KR045,Toko,1,3000000,11.1,
2025-05-14,ORD-2025-004584,P01658,T09,DK021,Toko,2,1010000,15.2,
2025-05-14,ORD-2025-004610,P02231,T12,KS016,Toko,2,26320000,10.4,
2025-05-14,ORD-2025-004633,P03300,T07,PC023,Toko,2,1920000,12.7,
2025-05-14,ORD-2025-004633,P03300,T07,KR024,Toko,1,3000000,11.6,
2025-05-14,ORD-2025-004633,P03300,T07,PD023,Toko,1,1090000,10.0,
2025-05-14,ORD-2025-004706,P01525,T07,KR001,Toko,1,3260000,9.6,
2025-05-14,ORD-2025-004706,P01525,T07,PD022,Toko,2,520000,5.8,
2025-05-14,ORD-2025-004706,P01525,T07,MJ037,Toko,1,3320000,0.0,
2025-05-14,ORD-2025-004706,P01525,T07,PD010,Toko,1,450000,9.6,160000
2025-05-14,ORD-2025-004744,P02652,T02,PD010,Toko,1,450000,15.2,
2025-05-14,ORD-2025-004768,P03430,T01,LM030,Toko,1,5720000,17.9,
2025-05-14,ORD-2025-004776,P00867,T13,SF001,Online,1,7750000,9.0,420000
2025-05-14,ORD-2025-004776,P00867,T13,DK022,Online,1,550000,18.2,510000
2025-05-14,ORD-2025-004793,P01705,T01,LM005,Toko,1,6890000,9.1,
2025-05-14,ORD-2025-004812,P00384,T01,PD015,Toko,1,750000,12.9,
2025-05-14,ORD-2025-004814,P00389,T05,PC002,Toko,1,1740000,14.7,200000
2025-05-14,ORD-2025-004817,P01540,T13,LM026,Online,1,5250000,13.1,440000
2025-05-14,ORD-2025-004817,P01540,T13,DK028,Online,1,730000,12.4,
2025-05-14,ORD-2025-004817,P01540,T13,DK006,Online,1,2070000,21.3,380000
2025-05-14,ORD-2025-004838,P02462,T04,LM010,Marketplace,1,7760000,7.7,100000
2025-05-14,ORD-2025-004838,P02462,T04,DK034,Marketplace,1,830000,9.6,320000
2025-05-14,ORD-2025-004839,P01192,T06,DK013,Toko,1,1520000,13.7,
2025-05-14,ORD-2025-004839,P01192,T06,KS027,Toko,1,6560000,12.9,
2025-05-15,ORD-2025-004543,P00369,T13,PC013,Online,1,1410000,9.7,380000
2025-05-15,ORD-2025-004546,P02170,T13,PD022,Online,1,520000,0.0,500000
2025-05-15,ORD-2025-004565,P02799,T03,DK007,Toko,1,900000,9.4,400000
2025-05-15,ORD-2025-004565,P02799,T03,DK030,Toko,3,930000,15.5,
2025-05-15,ORD-2025-004595,P01328,T04,KS018,Toko,1,7410000,9.2,
2025-05-15,ORD-2025-004643,,T03,PD011,Toko,1,750000,13.7,
2025-05-15,ORD-2025-004693,P02689,T13,PC015,Online,3,1320000,8.6,230000
2025-05-15,ORD-2025-004763,P01803,T13,DK032,Online,1,340000,13.4,270000
2025-05-15,ORD-2025-004794,P00252,T07,MJ008,Marketplace,1,3030000,15.1,440000
2025-05-15,ORD-2025-004826,P02660,T06,PD002,Marketplace,1,1150000,9.7,340000
2025-05-15,ORD-2025-004856,P01417,T06,SF030,Marketplace,2,5980000,13.1,550000
2025-05-15,ORD-2025-004856,P01417,T06,MJ036,Marketplace,1,3410000,18.6,180000
2025-05-16,ORD-2025-004538,P02876,T02,PD009,Toko,1,840000,20.5,
2025-05-16,ORD-2025-004538,P02876,T02,PD010,Toko,1,450000,14.5,
2025-05-16,ORD-2025-004538,P02876,T02,KR045,Toko,2,3000000,18.2,
2025-05-16,ORD-2025-004547,P02901,T10,KR018,Toko,1,1090000,9.0,
2025-05-16,ORD-2025-004574,P02894,T13,PD024,Online,2,1130000,11.8,80000
2025-05-16,ORD-2025-004574,P02894,T13,MJ025,Online,1,5470000,18.2,420000
2025-05-16,ORD-2025-004650,P03460,T04,PC029,Marketplace,2,1900000,9.4,270000
2025-05-16,ORD-2025-004671,P01320,T13,DK026,Online,1,1170000,8.4,230000
2025-05-16,ORD-2025-004671,P01320,T13,KR045,Online,2,3000000,10.4,300000
2025-05-16,ORD-2025-004696,P03100,T07,DK037,Toko,1,540000,3.7,
2025-05-16,ORD-2025-004696,P03100,T07,PC032,Toko,3,470000,10.5,
2025-05-16,ORD-2025-004696,P03100,T07,DK024,Toko,1,930000,12.0,
2025-05-16,ORD-2025-004704,P02616,T01,PC031,Marketplace,1,1660000,16.6,120000
2025-05-16,ORD-2025-004704,P02616,T01,KS008,Marketplace,1,5690000,0.0,400000
2025-05-16,ORD-2025-004783,P00347,T13,DK017,Online,2,1740000,19.6,350000
2025-05-16,ORD-2025-004830,P00994,T10,DK030,Marketplace,2,930000,7.1,190000
2025-05-16,ORD-2025-004840,P00003,T03,DK024,Marketplace,1,930000,10.7,110000
2025-05-16,ORD-2025-004840,P00003,T03,KR017,Marketplace,1,4540000,12.6,210000
2025-05-16,ORD-2025-004840,P00003,T03,KR027,Marketplace,2,1770000,12.6,170000
2025-05-16,ORD-2025-004853,P00958,T06,LM033,Toko,1,6100000,10.8,
2025-05-16,ORD-2025-004853,P00958,T06,MJ011,Toko,1,6920000,7.6,
2025-05-16,ORD-2025-004853,P00958,T06,PD008,Toko,2,970000,2.7,280000
2025-05-16,ORD-2025-004855,P00624,T13,PC003,Online,1,1200000,5.2,290000
2025-05-17,ORD-2025-004568,P01062,T12,KR012,Marketplace,1,2460000,10.8,270000
2025-05-17,ORD-2025-004608,P03390,T13,DK028,Online,1,730000,22.8,200000
2025-05-17,ORD-2025-004608,P03390,T13,DK032,Online,2,340000,11.5,470000
2025-05-17,ORD-2025-004631,P00520,T13,KR008,Online,1,2800000,13.4,380000
2025-05-17,ORD-2025-004631,P00520,T13,PC026,Online,1,860000,0.0,240000
2025-05-17,ORD-2025-004631,P00520,T13,PD022,Online,1,520000,12.6,210000
2025-05-17,ORD-2025-004665,,T01,DK008,Toko,1,910000,9.1,
2025-05-17,ORD-2025-004690,P00748,T02,MJ018,Toko,1,3700000,13.4,
2025-05-17,ORD-2025-004699,P00557,T13,MJ010,Online,1,3850000,16.0,560000
2025-05-17,ORD-2025-004722,P03128,T13,PC002,Online,1,1740000,0.0,110000
2025-05-17,ORD-2025-004725,P02636,T13,MJ045,Online,1,2740000,0.0,560000
2025-05-17,ORD-2025-004731,P00969,T13,PC016,Online,1,1760000,13.3,540000
2025-05-17,ORD-2025-004731,P00969,T13,PC005,Online,1,660000,16.5,530000
2025-05-17,ORD-2025-004749,P02525,T07,LM014,Marketplace,1,4520000,5.8,340000
2025-05-17,ORD-2025-004749,P02525,T07,MJ006,Marketplace,2,4050000,12.6,320000
2025-05-17,ORD-2025-004764,P01879,T13,PD022,Online,1,520000,0.0,50000
2025-05-17,ORD-2025-004765,P02280,T13,DK039,Online,1,870000,13.8,130000
2025-05-17,ORD-2025-004770,P01291,T13,PD012,Online,1,1500000,11.7,180000
2025-05-18,ORD-2025-004555,P00638,T01,DK022,Toko,1,550000,10.3,390000
2025-05-18,ORD-2025-004555,P00638,T01,PD026,Toko,1,520000,18.6,
2025-05-18,ORD-2025-004555,P00638,T01,DK037,Toko,1,540000,12.4,
2025-05-18,ORD-2025-004555,P00638,T01,DK040,Toko,1,1260000,8.3,
2025-05-18,ORD-2025-004616,P02963,T03,KR035,Toko,1,1760000,9.9,
2025-05-18,ORD-2025-004622,,T07,PC003,Toko,1,1200000,13.4,
2025-05-18,ORD-2025-004622,,T07,PD011,Toko,1,750000,16.8,
2025-05-18,ORD-2025-004626,P01826,T08,PD001,Marketplace,2,1710000,8.0,50000
2025-05-18,ORD-2025-004628,P00642,T05,LM010,Marketplace,2,7760000,18.5,180000
2025-05-18,ORD-2025-004628,P00642,T05,PC002,Marketplace,1,1740000,0.0,120000
2025-05-18,ORD-2025-004652,P01864,T07,KR036,Toko,1,2360000,15.6,
2025-05-18,ORD-2025-004668,P02593,T05,SF005,Toko,1,13820000,5.3,
2025-05-18,ORD-2025-004668,P02593,T05,PC028,Toko,2,2190000,0.0,
2025-05-18,ORD-2025-004669,P01731,T01,KS008,Toko,1,5690000,16.9,
2025-05-18,ORD-2025-004766,P00536,T13,MJ046,Online,2,2600000,8.4,
2025-05-18,ORD-2025-004766,P00536,T13,PC013,Online,1,1410000,6.1,160000
2025-05-18,ORD-2025-004766,P00536,T13,LM040,Online,1,9610000,12.4,
2025-05-18,ORD-2025-004805,P02941,T01,SF041,Toko,1,7920000,0.0,
2025-05-18,ORD-2025-004824,P01758,T06,KR011,Toko,1,1570000,10.2,
2025-05-18,ORD-2025-004829,P03031,T09,MJ044,Toko,2,6150000,15.3,
2025-05-18,ORD-2025-004829,P03031,T09,DK028,Toko,2,730000,9.8,
2025-05-18,ORD-2025-004829,P03031,T09,PC032,Toko,1,470000,19.3,
2025-05-19,ORD-2025-004592,P03256,T08,MJ007,Toko,1,5590000,16.6,
2025-05-19,ORD-2025-004656,P02709,T03,PC031,Marketplace,1,1660000,0.0,340000
2025-05-19,ORD-2025-004670,P03285,T13,MJ043,Online,2,4010000,16.6,200000
2025-05-19,ORD-2025-004732,P02308,T13,PD007,Online,3,770000,14.5,500000
2025-05-19,ORD-2025-004754,P03339,T11,MJ038,Toko,1,5030000,21.6,
2025-05-19,ORD-2025-004754,P03339,T11,DK011,Toko,1,2070000,11.3,
2025-05-19,ORD-2025-004773,P01280,T05,PC013,Toko,1,1410000,9.7,
2025-05-19,ORD-2025-004773,P01280,T05,PC019,Toko,1,1840000,13.8,
2025-05-19,ORD-2025-004809,P01185,T08,DK044,Toko,1,1380000,14.3,
2025-05-20,ORD-2025-004544,P00384,T13,PC017,Online,1,1720000,11.7,420000
2025-05-20,ORD-2025-004544,P00384,T13,DK030,Online,2,930000,0.0,290000
2025-05-20,ORD-2025-004544,P00384,T13,DK008,Online,4,910000,6.3,130000
2025-05-20,ORD-2025-004544,P00384,T13,DK037,Online,1,540000,14.5,240000
2025-05-20,ORD-2025-004579,P02146,T06,DK041,Toko,1,2550000,15.3,
2025-05-20,ORD-2025-004597,P00042,T02,MJ024,Toko,1,3010000,9.8,
2025-05-20,ORD-2025-004600,P02276,T13,SF024,Online,1,3520000,10.8,410000
2025-05-20,ORD-2025-004611,P03462,T10,LM007,Toko,1,4350000,5.2,
2025-05-20,ORD-2025-004675,P03224,T13,MJ036,Online,1,3410000,18.3,240000
2025-05-20,ORD-2025-004675,P03224,T13,PD018,Online,1,530000,17.1,
2025-05-20,ORD-2025-004683,P01671,T03,PC023,Toko,1,1920000,7.8,
2025-05-20,ORD-2025-004683,P01671,T03,PD013,Toko,1,1030000,16.3,
2025-05-20,ORD-2025-004701,P02277,T13,LM010,Online,1,7760000,8.4,270000
2025-05-20,ORD-2025-004745,P01284,T13,PC025,Online,1,1800000,17.3,410000
2025-05-20,ORD-2025-004756,P00617,T03,PC013,Toko,1,1410000,0.0,
2025-05-20,ORD-2025-004756,P00617,T03,MJ015,Toko,1,2920000,0.0,
2025-05-20,ORD-2025-004779,P00283,T06,PC014,Toko,2,1800000,13.1,
2025-05-20,ORD-2025-004779,P00283,T06,KS023,Toko,4,13410000,16.3,
2025-05-20,ORD-2025-004779,P00283,T06,KR031,Toko,1,2350000,7.4,
2025-05-20,ORD-2025-004797,P00194,T08,PC032,Toko,1,470000,10.5,
2025-05-20,ORD-2025-004833,P03231,T09,SF037,Toko,1,10360000,0.0,
2025-05-21,ORD-2025-004542,P00156,T10,MJ046,Toko,1,2600000,14.6,
2025-05-21,ORD-2025-004552,P02228,T09,KS015,Toko,4,7280000,13.6,
2025-05-21,ORD-2025-004562,P00382,T05,SF021,Toko,1,9200000,7.8,
2025-05-21,ORD-2025-004562,P00382,T05,KS010,Toko,1,14650000,0.0,
2025-05-21,ORD-2025-004636,P01476,T13,DK040,Online,1,1260000,15.8,110000
2025-05-21,ORD-2025-004636,P01476,T13,MJ020,Online,1,4520000,9.1,500000
2025-05-21,ORD-2025-004640,P02305,T13,DK017,Online,2,1740000,9.2,540000
2025-05-21,ORD-2025-004640,P02305,T13,DK005,Online,1,430000,13.6,360000
2025-05-21,ORD-2025-004640,P02305,T13,DK040,Online,1,1260000,16.7,180000
2025-05-21,ORD-2025-004661,P02966,T04,DK030,Toko,1,930000,17.7,
2025-05-21,ORD-2025-004661,P02966,T04,DK013,Toko,1,1520000,0.0,
2025-05-21,ORD-2025-004672,P00743,T13,PD012,Online,2,1500000,9.4,460000
2025-05-21,ORD-2025-004672,P00743,T13,PD001,Online,1,1710000,14.4,80000
2025-05-21,ORD-2025-004750,P01997,T07,DK037,Toko,1,540000,2.7,
2025-05-21,ORD-2025-004750,P01997,T07,SF037,Toko,1,10360000,21.1,
2025-05-21,ORD-2025-004802,P02186,T13,KR042,Online,1,1850000,8.9,400000
2025-05-22,ORD-2025-004619,P00070,T13,DK023,Online,1,770000,16.1,150000
2025-05-22,ORD-2025-004663,P00651,T13,PC001,Online,2,1430000,13.5,350000
2025-05-22,ORD-2025-004686,P02934,T11,KS030,Toko,2,3860000,14.0,370000
2025-05-22,ORD-2025-004716,P01508,T11,PC011,Toko,1,4490000,0.0,
2025-05-22,ORD-2025-004716,P01508,T11,PD001,Toko,3,1710000,12.6,
2025-05-22,ORD-2025-004738,P02554,T11,KR035,Toko,1,1760000,14.2,
2025-05-22,ORD-2025-004738,P02554,T11,PD002,Toko,1,1150000,0.0,
2025-05-22,ORD-2025-004816,P01675,T06,KR025,Toko,1,3670000,13.8,
2025-05-22,ORD-2025-004827,P01083,T13,LM030,Online,1,5720000,13.9,210000
2025-05-23,ORD-2025-004651,P01660,T06,PD016,Marketplace,3,1080000,15.5,350000
2025-05-23,ORD-2025-004705,P01223,T09,DK002,Marketplace,1,490000,9.9,490000
2025-05-23,ORD-2025-004705,P01223,T09,PC028,Marketplace,2,2190000,12.0,530000
2025-05-23,ORD-2025-004705,P01223,T09,SF032,Marketplace,1,6260000,14.4,60000
2025-05-23,ORD-2025-004708,P03107,T02,DK016,Toko,1,730000,15.7,290000
2025-05-23,ORD-2025-004708,P03107,T02,MJ034,Toko,1,6280000,0.0,
2025-05-23,ORD-2025-004709,P00273,T07,PC014,Marketplace,1,1800000,11.6,190000
2025-05-23,ORD-2025-004755,P02269,T09,PC010,Marketplace,2,1240000,12.1,
2025-05-23,ORD-2025-004801,P00921,T03,KR011,Toko,1,1570000,10.2,
2025-05-23,ORD-2025-004818,P00078,T13,PC026,Online,1,860000,11.8,310000
2025-05-24,ORD-2025-004561,P02742,T04,PD005,Marketplace,1,390000,9.9,350000
2025-05-24,ORD-2025-004577,P03307,T13,MJ019,Online,1,6140000,13.8,540000
2025-05-24,ORD-2025-004577,P03307,T13,PD001,Online,1,1710000,7.3,270000
2025-05-24,ORD-2025-004593,P02350,T09,DK005,Toko,3,430000,11.5,
2025-05-24,ORD-2025-004599,P02762,T06,MJ018,Toko,2,3700000,6.3,
2025-05-24,ORD-2025-004599,P02762,T06,LM031,Toko,1,6490000,12.2,
2025-05-24,ORD-2025-004624,P01791,T13,PD018,Online,1,530000,0.0,240000
2025-05-24,ORD-2025-004624,P01791,T13,KR023,Online,1,1270000,10.3,50000
2025-05-24,ORD-2025-004624,P01791,T13,KR043,Online,1,5270000,0.0,550000
2025-05-24,ORD-2025-004642,P01824,T13,MJ010,Online,2,3850000,18.7,330000
2025-05-24,ORD-2025-004658,P03041,T03,DK017,Marketplace,1,1740000,4.8,280000
2025-05-24,ORD-2025-004659,P02732,T13,DK028,Online,1,730000,0.0,80000
2025-05-24,ORD-2025-004743,P02642,T03,DK001,Toko,1,530000,0.0,
2025-05-24,ORD-2025-004775,P02718,T06,PC016,Toko,1,1760000,9.7,
2025-05-24,ORD-2025-004775,P02718,T06,KR036,Toko,1,2360000,9.1,
2025-05-24,ORD-2025-004795,P02333,T10,PC006,Toko,3,1850000,16.7,
2025-05-24,ORD-2025-004799,P03426,T06,DK027,Toko,1,630000,11.2,
2025-05-24,ORD-2025-004825,P01132,T13,DK010,Online,1,690000,8.8,470000
2025-05-25,ORD-2025-004594,P00598,T03,PD020,Marketplace,1,920000,16.1,220000
2025-05-25,ORD-2025-004598,P02031,T13,MJ037,Online,2,3320000,11.2,140000
2025-05-25,ORD-2025-004688,P01994,T03,DK041,Toko,1,2550000,0.0,
2025-05-25,ORD-2025-004688,P01994,T03,PC029,Toko,2,1900000,11.2,
2025-05-25,ORD-2025-004735,P00920,T11,KR003,Toko,1,1440000,19.3,
2025-05-25,ORD-2025-004761,P00795,T08,SF003,Toko,1,12490000,17.4,
2025-05-25,ORD-2025-004788,P01189,T09,PD018,Toko,1,530000,14.6,
2025-05-25,ORD-2025-004847,P00992,T05,DK010,Toko,1,690000,21.0,
2025-05-26,ORD-2025-004578,P03045,T13,PC005,Online,1,660000,0.0,260000
2025-05-26,ORD-2025-004580,P01056,T13,KR045,Online,3,3000000,15.0,530000
2025-05-26,ORD-2025-004580,P01056,T13,PC015,Online,2,1320000,0.0,450000
2025-05-26,ORD-2025-004660,P01728,T09,DK001,Toko,1,530000,8.7,
2025-05-26,ORD-2025-004682,P02456,T12,MJ004,Toko,1,3430000,13.1,
2025-05-26,ORD-2025-004700,P02271,T09,PD014,Marketplace,1,1590000,0.0,170000
2025-05-26,ORD-2025-004723,P00301,T09,KR022,Marketplace,1,2200000,0.0,230000
2025-05-26,ORD-2025-004733,P02221,T13,DK024,Online,1,930000,19.2,100000
2025-05-26,ORD-2025-004739,P00968,T02,PC031,Toko,1,1660000,0.0,
2025-05-26,ORD-2025-004832,P02700,T12,PD005,Toko,1,390000,10.3,
2025-05-26,ORD-2025-004832,P02700,T12,SF026,Toko,2,5850000,12.9,
2025-05-26,ORD-2025-004835,P00118,T13,MJ044,Online,1,6150000,9.6,510000
2025-05-27,ORD-2025-004548,P03319,T03,SF012,Marketplace,3,7980000,0.0,500000
2025-05-27,ORD-2025-004554,P01139,T13,DK002,Online,1,490000,7.3,210000
2025-05-27,ORD-2025-004559,P03137,T13,PC002,Online,1,1740000,6.6,210000
2025-05-27,ORD-2025-004563,P03206,T13,DK040,Online,1,1260000,8.5,200000
2025-05-27,ORD-2025-004581,,T12,DK016,Toko,1,730000,0.0,
2025-05-27,ORD-2025-004684,P01018,T12,MJ008,Toko,1,3030000,16.1,
2025-05-27,ORD-2025-004703,P00560,T06,DK035,Marketplace,1,400000,9.1,190000
2025-05-27,ORD-2025-004748,P02590,T06,PC002,Toko,1,1740000,10.0,
2025-05-27,ORD-2025-004748,P02590,T06,PD023,Toko,1,1090000,18.9,
2025-05-27,ORD-2025-004752,P02283,T05,MJ026,Toko,2,3480000,7.6,
2025-05-27,ORD-2025-004752,P02283,T05,DK032,Toko,1,340000,8.9,
2025-05-27,ORD-2025-004752,P02283,T05,SF011,Toko,1,4580000,12.4,
2025-05-27,ORD-2025-004757,P00071,T05,MJ030,Toko,1,2670000,9.7,
2025-05-27,ORD-2025-004757,P00071,T05,KR001,Toko,2,3260000,3.8,
2025-05-27,ORD-2025-004782,P01980,T13,SF021,Online,1,9200000,0.0,60000
2025-05-27,ORD-2025-004804,P00852,T10,PD001,Toko,3,1710000,0.0,
2025-05-27,ORD-2025-004804,P00852,T10,PC029,Toko,2,1900000,0.0,
2025-05-27,ORD-2025-004846,P02463,T03,PC029,Toko,1,1900000,16.7,
2025-05-27,ORD-2025-004846,P02463,T03,PD001,Toko,1,1710000,16.8,
2025-05-27,ORD-2025-004858,P02610,T10,DK021,Toko,1,1010000,0.0,
2025-05-28,ORD-2025-004536,P00588,T13,MJ040,Online,1,4110000,8.5,50000
2025-05-28,ORD-2025-004570,P02416,T09,MJ011,Toko,1,6920000,0.0,
2025-05-28,ORD-2025-004570,P02416,T09,PD002,Toko,2,1150000,16.2,
2025-05-28,ORD-2025-004591,P01010,T01,DK031,Toko,1,800000,19.7,
2025-05-28,ORD-2025-004591,P01010,T01,PD008,Toko,2,970000,7.7,400000
2025-05-28,ORD-2025-004604,P01667,T05,MJ002,Toko,1,3330000,19.4,
2025-05-28,ORD-2025-004604,P01667,T05,PD026,Toko,2,520000,9.9,
2025-05-28,ORD-2025-004604,P01667,T05,PC013,Toko,1,1410000,15.0,
2025-05-28,ORD-2025-004604,P01667,T05,DK011,Toko,1,2070000,12.2,
2025-05-28,ORD-2025-004662,P02666,T04,KR021,Marketplace,2,2670000,15.7,490000
2025-05-28,ORD-2025-004730,P02398,T13,PD005,Online,2,390000,14.7,50000
2025-05-28,ORD-2025-004737,P02769,T04,DK012,Toko,1,960000,7.9,
2025-05-28,ORD-2025-004836,P01653,T05,PD025,Toko,1,1100000,10.3,
2025-05-28,ORD-2025-004836,P01653,T05,SF013,Toko,1,16570000,12.3,
2025-05-29,ORD-2025-004550,P01629,T13,KR008,Online,1,2800000,0.0,230000
2025-05-29,ORD-2025-004550,P01629,T13,MJ025,Online,1,5470000,14.6,130000
2025-05-29,ORD-2025-004550,P01629,T13,KR040,Online,2,2380000,8.7,90000
2025-05-29,ORD-2025-004553,P01095,T02,LM015,Toko,1,3180000,0.0,
2025-05-29,ORD-2025-004621,P00266,T01,KR040,Marketplace,1,2380000,8.0,200000
2025-05-29,ORD-2025-004621,P00266,T01,KR015,Marketplace,2,2050000,12.4,560000
2025-05-29,ORD-2025-004644,P01245,T13,DK012,Online,3,960000,0.0,50000
2025-05-29,ORD-2025-004644,P01245,T13,DK008,Online,2,910000,0.0,150000
2025-05-29,ORD-2025-004712,P03123,T13,DK040,Online,1,1260000,15.6,420000
2025-05-29,ORD-2025-004718,P00059,T13,SF031,Online,3,3420000,13.7,210000
2025-05-29,ORD-2025-004718,P00059,T13,KR011,Online,1,1570000,0.0,160000
2025-05-29,ORD-2025-004747,P01271,T09,DK026,Toko,1,1170000,9.4,
2025-05-29,ORD-2025-004747,P01271,T09,LM035,Toko,1,11500000,4.3,
2025-05-29,ORD-2025-004747,P01271,T09,DK031,Toko,2,800000,12.8,
2025-05-29,ORD-2025-004780,P02019,T09,DK030,Toko,1,930000,12.7,
2025-05-29,ORD-2025-004780,P02019,T09,KR024,Toko,1,3000000,12.6,140000
2025-05-29,ORD-2025-004780,P02019,T09,MJ041,Toko,1,2240000,15.8,
2025-05-29,ORD-2025-004780,P02019,T09,LM030,Toko,2,5720000,13.6,
2025-05-29,ORD-2025-004854,P01202,T11,PC029,Marketplace,1,1900000,16.1,480000
2025-05-30,ORD-2025-004569,P00125,T13,DK022,Online,1,550000,13.8,160000
2025-05-30,ORD-2025-004569,P00125,T13,PC006,Online,2,1850000,9.8,580000
2025-05-30,ORD-2025-004573,P01140,T09,PD005,Marketplace,1,390000,19.5,140000
2025-05-30,ORD-2025-004573,P01140,T09,PD026,Marketplace,1,520000,12.0,260000
2025-05-30,ORD-2025-004573,P01140,T09,DK010,Marketplace,1,690000,0.0,190000
2025-05-30,ORD-2025-004617,P00398,T09,KS013,Toko,2,10990000,0.0,
2025-05-30,ORD-2025-004617,P00398,T09,DK031,Toko,1,800000,0.0,
2025-05-30,ORD-2025-004617,P00398,T09,KS001,Toko,1,9740000,18.9,
2025-05-30,ORD-2025-004697,P00629,T13,KR038,Online,1,2240000,18.7,50000
2025-05-30,ORD-2025-004724,P01061,T06,KR045,Marketplace,4,3000000,0.0,50000
2025-05-30,ORD-2025-004727,P03177,T02,MJ015,Toko,1,2920000,7.8,
2025-05-30,ORD-2025-004758,P02561,T13,KR037,Online,2,2790000,9.2,480000
2025-05-30,ORD-2025-004758,P02561,T13,LM029,Online,1,8480000,9.7,420000
2025-05-30,ORD-2025-004758,P02561,T13,DK039,Online,2,870000,0.0,330000
2025-05-30,ORD-2025-004758,P02561,T13,MJ020,Online,1,4520000,15.4,270000
2025-05-30,ORD-2025-004774,P02478,T13,DK007,Online,1,900000,9.9,390000
2025-05-30,ORD-2025-004774,P02478,T13,PD015,Online,1,750000,18.9,370000
2025-05-30,ORD-2025-004790,P03116,T13,PD009,Online,1,840000,10.2,510000
2025-05-30,ORD-2025-004790,P03116,T13,KR003,Online,2,1440000,0.0,140000
2025-05-30,ORD-2025-004806,P00509,T02,LM005,Toko,1,6890000,14.0,
2025-05-30,ORD-2025-004815,P02638,T13,LM023,Online,1,8770000,19.4,390000
2025-05-30,ORD-2025-004815,P02638,T13,PD008,Online,4,970000,13.5,290000
2025-05-30,ORD-2025-004821,P01146,T05,PC022,Toko,1,3000000,13.8,
2025-05-30,ORD-2025-004849,P01784,T13,KS019,Online,1,7170000,1.7,110000
2025-05-30,ORD-2025-004849,P01784,T13,MJ025,Online,2,5470000,4.7,350000
2025-05-31,ORD-2025-004541,P01131,T13,PC012,Online,1,1870000,8.0,540000
2025-05-31,ORD-2025-004571,P00672,T04,MJ010,Toko,1,3850000,12.1,
2025-05-31,ORD-2025-004571,P00672,T04,MJ011,Toko,2,6920000,9.4,
2025-05-31,ORD-2025-004645,P03358,T03,DK005,Toko,1,430000,4.4,
2025-05-31,ORD-2025-004695,P01100,T13,MJ009,Online,1,2670000,10.3,250000
2025-05-31,ORD-2025-004715,P00083,T13,KR001,Online,1,3260000,11.5,260000
2025-05-31,ORD-2025-004760,P00395,T05,DK040,Toko,1,1260000,10.5,
2025-05-31,ORD-2025-004781,P02895,T04,MJ038,Marketplace,2,5030000,6.9,360000
2025-05-31,ORD-2025-004784,P01411,T13,DK023,Online,1,770000,8.9,590000
2025-05-31,ORD-2025-004784,P01411,T13,DK014,Online,1,890000,12.8,440000
2025-05-31,ORD-2025-004796,P03468,T06,KR023,Toko,2,1270000,14.6,
2025-05-31,ORD-2025-004807,P01467,T13,PD009,Online,1,840000,12.5,420000
2025-06-01,ORD-2025-004871,P03461,T04,DK036,Toko,1,510000,10.5,
2025-06-01,ORD-2025-004871,P03461,T04,PC013,Toko,2,1410000,14.2,
2025-06-01,ORD-2025-004940,P02137,T13,DK007,Online,1,900000,6.7,510000
2025-06-01,ORD-2025-004940,P02137,T13,DK009,Online,3,990000,8.2,470000
2025-06-01,ORD-2025-004967,P02112,T08,KR002,Toko,2,1500000,13.7,
2025-06-01,ORD-2025-004967,P02112,T08,SF036,Toko,1,35450000,0.0,
2025-06-01,ORD-2025-005018,P02192,T04,DK039,Toko,1,870000,13.6,
2025-06-01,ORD-2025-005018,P02192,T04,PC017,Toko,1,1720000,11.4,
2025-06-01,ORD-2025-005018,P02192,T04,PC002,Toko,2,1740000,13.7,
2025-06-01,ORD-2025-005052,P00886,T13,MJ034,Online,2,6280000,12.4,100000
2025-06-01,ORD-2025-005117,,T06,MJ010,Toko,1,3850000,18.6,
2025-06-01,ORD-2025-005117,,T06,KS004,Toko,1,10560000,0.0,
2025-06-01,ORD-2025-005117,,T06,MJ018,Toko,1,3700000,13.7,
2025-06-01,ORD-2025-005122,P01487,T10,KR017,Toko,1,4540000,9.6,
2025-06-01,ORD-2025-005126,P01624,T13,MJ026,Online,1,3480000,7.2,300000
2025-06-01,ORD-2025-005127,P01474,T12,KR013,Marketplace,1,3330000,14.7,540000
2025-06-01,ORD-2025-005127,P01474,T12,DK038,Marketplace,1,530000,0.0,240000
2025-06-01,ORD-2025-005148,P01592,T13,KS006,Online,1,8770000,6.9,250000
2025-06-02,ORD-2025-004860,P00857,T13,PC020,Online,1,2530000,10.6,350000
2025-06-02,ORD-2025-004860,P00857,T13,LM029,Online,1,8480000,11.7,90000
2025-06-02,ORD-2025-004922,P01380,T07,DK024,Toko,1,930000,0.0,
2025-06-02,ORD-2025-004943,P03069,T03,PD004,Toko,1,1050000,7.3,
2025-06-02,ORD-2025-004943,P03069,T03,KR035,Toko,1,1760000,9.4,
2025-06-02,ORD-2025-004943,P03069,T03,KR032,Toko,1,2340000,4.8,
2025-06-02,ORD-2025-004960,P00260,T13,PD005,Online,1,390000,11.2,570000
2025-06-02,ORD-2025-004960,P00260,T13,PC032,Online,2,470000,8.2,210000
2025-06-02,ORD-2025-004976,P03403,T03,DK037,Marketplace,1,540000,14.7,330000
2025-06-02,ORD-2025-004985,P02752,T06,KR031,Toko,1,2350000,12.2,
2025-06-02,ORD-2025-004985,P02752,T06,KR021,Toko,1,2670000,19.0,120000
2025-06-02,ORD-2025-005031,P03313,T13,DK005,Online,2,430000,0.0,310000
2025-06-02,ORD-2025-005031,P03313,T13,SF029,Online,1,7520000,0.0,500000
2025-06-02,ORD-2025-005078,,T04,KS022,Toko,1,13060000,5.9,
2025-06-02,ORD-2025-005078,,T04,LM011,Toko,1,12480000,10.5,
2025-06-02,ORD-2025-005078,,T04,DK002,Toko,1,490000,0.0,
2025-06-02,ORD-2025-005097,P01184,T13,DK022,Online,1,550000,13.5,180000
2025-06-02,ORD-2025-005107,P00400,T03,DK016,Toko,1,730000,5.6,
2025-06-02,ORD-2025-005107,P00400,T03,PD008,Toko,2,970000,13.5,120000
2025-06-02,ORD-2025-005129,P03298,T02,PC014,Toko,2,1800000,6.2,
2025-06-02,ORD-2025-005129,P03298,T02,DK039,Toko,1,870000,13.1,
2025-06-02,ORD-2025-005132,P03473,T13,PD020,Online,3,920000,11.1,70000
2025-06-02,ORD-2025-005132,P03473,T13,SF005,Online,2,13820000,0.0,170000
2025-06-03,ORD-2025-004905,P02440,T13,KR041,Online,1,1620000,8.9,450000
2025-06-03,ORD-2025-004954,P01445,T09,KR047,Toko,4,4470000,7.3,450000
2025-06-03,ORD-2025-004954,P01445,T09,PD008,Toko,1,970000,7.2,
2025-06-03,ORD-2025-004954,P01445,T09,LM021,Toko,1,7550000,12.9,
2025-06-03,ORD-2025-004972,P03431,T05,KR011,Toko,3,1570000,4.7,
2025-06-03,ORD-2025-004999,P02253,T13,PD021,Online,1,660000,13.7,460000
2025-06-03,ORD-2025-005020,P02757,T13,PC003,Online,1,1200000,8.2,130000
2025-06-03,ORD-2025-005056,P02809,T13,DK038,Online,1,530000,12.7,580000
2025-06-03,ORD-2025-005059,P00539,T13,MJ001,Online,1,2940000,10.8,550000
2025-06-03,ORD-2025-005074,P02081,T06,LM006,Toko,1,13730000,0.0,
2025-06-03,ORD-2025-005162,,T12,DK007,Toko,3,900000,0.0,
2025-06-03,ORD-2025-005163,P00072,T09,PD007,Toko,1,770000,0.0,
2025-06-04,ORD-2025-004901,P00678,T13,DK001,Online,1,530000,15.7,260000
2025-06-04,ORD-2025-004901,P00678,T13,MJ022,Online,1,4090000,12.6,80000
2025-06-04,ORD-2025-004995,P00047,T13,DK035,Online,2,400000,1.0,150000
2025-06-04,ORD-2025-004998,P03235,T10,MJ009,Toko,1,2670000,12.9,
2025-06-04,ORD-2025-004998,P03235,T10,PC001,Toko,1,1430000,14.2,
2025-06-04,ORD-2025-005021,P03214,T13,LM034,Online,1,5930000,0.0,430000
2025-06-04,ORD-2025-005051,P02312,T06,KR027,Toko,4,1770000,19.6,
2025-06-04,ORD-2025-005108,P02362,T09,DK018,Toko,1,1000000,0.0,80000
2025-06-04,ORD-2025-005110,P03191,T08,PC016,Toko,1,1760000,12.8,
2025-06-04,ORD-2025-005125,P03014,T13,PC010,Online,2,1240000,0.0,260000
2025-06-04,ORD-2025-005125,P03014,T13,LM032,Online,1,4960000,7.6,560000
2025-06-04,ORD-2025-005128,P00501,T04,PD017,Toko,2,2370000,15.7,
2025-06-04,ORD-2025-005128,P00501,T04,KS024,Toko,1,13500000,9.9,
2025-06-04,ORD-2025-005160,P02230,T09,KS006,Toko,1,8770000,16.4,
2025-06-04,ORD-2025-005160,P02230,T09,PC008,Toko,2,1830000,6.1,
2025-06-05,ORD-2025-004934,P00182,T11,DK001,Marketplace,1,530000,9.0,450000
2025-06-05,ORD-2025-004990,,T06,KR046,Toko,1,1210000,20.6,
2025-06-05,ORD-2025-005057,,T04,PD010,Toko,1,450000,8.5,
2025-06-05,ORD-2025-005058,P01845,T09,DK003,Toko,1,420000,13.9,
2025-06-05,ORD-2025-005141,P01085,T04,KR025,Toko,1,3670000,4.3,
2025-06-05,ORD-2025-005141,P01085,T04,DK018,Toko,1,1000000,11.7,
2025-06-05,ORD-2025-005159,P03216,T09,PC026,Toko,1,860000,3.6,
2025-06-05,ORD-2025-005161,P00111,T13,LM012,Online,2,7130000,10.8,440000
2025-06-06,ORD-2025-004869,P01385,T02,PC023,Toko,2,1920000,1.8,
2025-06-06,ORD-2025-004869,P01385,T02,DK022,Toko,1,550000,8.0,
2025-06-06,ORD-2025-004887,P03461,T13,SF040,Online,1,5750000,0.0,80000
2025-06-06,ORD-2025-004887,P03461,T13,PD019,Online,1,1260000,0.0,430000
2025-06-06,ORD-2025-004887,P03461,T13,DK014,Online,2,890000,7.2,350000
2025-06-06,ORD-2025-004887,P03461,T13,KR010,Online,1,1900000,17.3,150000
2025-06-06,ORD-2025-004941,P01570,T13,KR004,Online,1,1790000,0.0,510000
2025-06-06,ORD-2025-004959,P02311,T08,PC001,Toko,2,1430000,5.3,
2025-06-06,ORD-2025-004959,P02311,T08,DK031,Toko,1,800000,9.2,
2025-06-06,ORD-2025-004966,P02047,T08,KS025,Marketplace,2,7830000,9.9,100000
2025-06-06,ORD-2025-004966,P02047,T08,PC004,Marketplace,3,1660000,0.0,170000
2025-06-06,ORD-2025-004971,P02448,T13,MJ024,Online,2,3010000,15.5,310000
2025-06-06,ORD-2025-004987,P00401,T04,PD015,Toko,1,750000,12.0,300000
2025-06-06,ORD-2025-005024,P00726,T08,DK013,Toko,2,1520000,14.4,
2025-06-06,ORD-2025-005073,P01106,T02,DK003,Marketplace,1,420000,14.9,160000
2025-06-06,ORD-2025-005089,P00875,T07,LM029,Marketplace,1,8480000,8.3,250000
2025-06-06,ORD-2025-005089,P00875,T07,DK028,Marketplace,3,730000,2.3,280000
2025-06-06,ORD-2025-005089,P00875,T07,MJ021,Marketplace,1,2560000,11.6,200000
2025-06-06,ORD-2025-005089,P00875,T07,MJ033,Marketplace,1,4180000,13.4,250000
2025-06-07,ORD-2025-004896,P01767,T01,DK020,Toko,1,690000,9.3,
2025-06-07,ORD-2025-004929,P02880,T13,PC028,Online,1,2190000,11.0,300000
2025-06-07,ORD-2025-004938,P03109,T03,KR027,Marketplace,1,1770000,16.2,470000
2025-06-07,ORD-2025-004942,P01121,T13,PD016,Online,1,1080000,0.0,410000
2025-06-07,ORD-2025-004949,P00754,T13,KR003,Online,1,1440000,12.1,340000
2025-06-07,ORD-2025-004949,P00754,T13,DK023,Online,1,770000,10.9,270000
2025-06-07,ORD-2025-004955,P03381,T13,PC016,Online,1,1760000,7.6,550000
2025-06-07,ORD-2025-004977,P03325,T13,LM029,Online,3,8480000,8.2,
2025-06-07,ORD-2025-005019,P02691,T13,MJ018,Online,1,3700000,13.1,460000
2025-06-07,ORD-2025-005019,P02691,T13,KS008,Online,3,5690000,10.4,540000
2025-06-07,ORD-2025-005019,P02691,T13,PD003,Online,3,1200000,0.0,270000
2025-06-07,ORD-2025-005019,P02691,T13,PD013,Online,3,1030000,0.0,440000
2025-06-07,ORD-2025-005028,P00059,T09,PD025,Marketplace,1,1100000,10.2,200000
2025-06-07,ORD-2025-005028,P00059,T09,LM017,Marketplace,1,16390000,7.9,50000
2025-06-07,ORD-2025-005028,P00059,T09,PD012,Marketplace,3,1500000,11.0,520000
2025-06-07,ORD-2025-005048,P01833,T13,LM030,Online,1,5720000,10.8,350000
2025-06-07,ORD-2025-005060,P02721,T13,DK016,Online,1,730000,8.2,60000
2025-06-07,ORD-2025-005060,P02721,T13,LM013,Online,1,3180000,0.0,440000
2025-06-07,ORD-2025-005060,P02721,T13,PC024,Online,1,850000,8.8,140000
2025-06-07,ORD-2025-005067,P00213,T13,PC018,Online,4,1420000,6.8,370000
2025-06-07,ORD-2025-005119,P00162,T01,MJ005,Marketplace,1,4030000,7.6,370000
2025-06-07,ORD-2025-005170,P02296,T10,SF010,Toko,1,18330000,8.0,
2025-06-07,ORD-2025-005170,P02296,T10,PD026,Toko,1,520000,10.9,
2025-06-08,ORD-2025-004861,P01718,T08,PC018,Toko,2,1420000,0.0,
2025-06-08,ORD-2025-004876,P01146,T07,LM013,Marketplace,1,3180000,13.7,220000
2025-06-08,ORD-2025-004876,P01146,T07,KR003,Marketplace,1,1440000,16.0,460000
2025-06-08,ORD-2025-004876,P01146,T07,DK005,Marketplace,4,430000,0.0,130000
2025-06-08,ORD-2025-004945,P02845,T01,LM038,Toko,2,5010000,11.3,
2025-06-08,ORD-2025-004951,P00908,T08,KS031,Toko,1,4390000,10.9,
2025-06-08,ORD-2025-004951,P00908,T08,MJ028,Toko,3,10280000,11.2,
2025-06-08,ORD-2025-004953,P00187,T13,SF018,Online,1,10500000,11.2,360000
2025-06-08,ORD-2025-004963,P00228,T06,KR031,Toko,1,2350000,7.8,
2025-06-08,ORD-2025-004968,P01784,T03,DK043,Toko,1,760000,10.6,
2025-06-08,ORD-2025-004973,P00639,T13,PD004,Online,2,1050000,10.1,530000
2025-06-08,ORD-2025-004973,P00639,T13,DK022,Online,1,550000,11.1,280000
2025-06-08,ORD-2025-004997,P02735,T13,KR045,Online,2,3000000,8.1,210000
2025-06-08,ORD-2025-005026,P00980,T13,PC002,Online,1,1740000,12.7,350000
2025-06-08,ORD-2025-005032,P03199,T03,PD008,Toko,2,970000,5.9,
2025-06-08,ORD-2025-005032,P03199,T03,DK036,Toko,1,510000,10.7,
2025-06-08,ORD-2025-005036,P00698,T04,KR039,Toko,4,2460000,16.4,
2025-06-08,ORD-2025-005152,P01150,T13,PC028,Online,1,2190000,14.2,300000
2025-06-08,ORD-2025-005153,,T06,MJ032,Toko,1,5400000,11.0,
2025-06-08,ORD-2025-005156,P00705,T07,PC011,Marketplace,3,4490000,9.2,330000
2025-06-09,ORD-2025-004863,P02746,T09,MJ031,Toko,2,7400000,0.0,
2025-06-09,ORD-2025-004863,P02746,T09,DK021,Toko,2,1010000,8.1,
2025-06-09,ORD-2025-004895,P03024,T13,PD013,Online,1,1030000,9.7,260000
2025-06-09,ORD-2025-004895,P03024,T13,PD025,Online,1,1100000,6.2,250000
2025-06-09,ORD-2025-004895,P03024,T13,DK010,Online,1,690000,22.4,100000
2025-06-09,ORD-2025-004895,P03024,T13,DK002,Online,3,490000,11.1,370000
2025-06-09,ORD-2025-004910,P01012,T06,DK037,Toko,1,540000,10.9,
2025-06-09,ORD-2025-004970,P00091,T13,DK037,Online,1,540000,17.1,200000
2025-06-09,ORD-2025-004970,P00091,T13,DK003,Online,1,420000,7.5,110000
2025-06-09,ORD-2025-004970,P00091,T13,KS005,Online,1,13120000,12.4,490000
2025-06-09,ORD-2025-004970,P00091,T13,DK014,Online,1,890000,13.5,290000
2025-06-09,ORD-2025-005068,P02945,T03,SF019,Toko,1,8050000,10.3,
2025-06-09,ORD-2025-005072,P02196,T13,DK020,Online,1,690000,0.0,470000
2025-06-09,ORD-2025-005099,P01581,T13,KR035,Online,2,1760000,1.1,350000
2025-06-09,ORD-2025-005103,P01367,T13,PC024,Online,1,850000,0.0,460000
2025-06-09,ORD-2025-005103,P01367,T13,PD017,Online,2,2370000,15.8,240000
2025-06-09,ORD-2025-005103,P01367,T13,DK016,Online,1,730000,0.0,440000
2025-06-09,ORD-2025-005109,P02009,T05,DK015,Marketplace,1,1390000,8.0,370000
2025-06-09,ORD-2025-005109,P02009,T05,DK031,Marketplace,1,800000,9.5,540000
2025-06-09,ORD-2025-005121,P00270,T03,DK033,Toko,2,220000,6.5,
2025-06-09,ORD-2025-005121,P00270,T03,PC015,Toko,1,1320000,5.0,
2025-06-09,ORD-2025-005121,P00270,T03,MJ010,Toko,1,3850000,0.0,
2025-06-09,ORD-2025-005138,P02436,T07,KR048,Toko,1,5130000,9.1,
2025-06-09,ORD-2025-005165,P03008,T13,DK001,Online,1,530000,10.3,130000
2025-06-10,ORD-2025-004859,P01040,T13,PD026,Online,1,520000,6.9,350000
2025-06-10,ORD-2025-004885,P00152,T02,DK029,Toko,2,500000,6.9,
2025-06-10,ORD-2025-004885,P00152,T02,PD007,Toko,1,770000,8.3,
2025-06-10,ORD-2025-004885,P00152,T02,DK034,Toko,1,830000,0.0,
2025-06-10,ORD-2025-004885,P00152,T02,KR034,Toko,1,2350000,6.5,
2025-06-10,ORD-2025-004982,P00155,T10,DK039,Toko,1,870000,0.0,
2025-06-10,ORD-2025-004982,P00155,T10,DK014,Toko,3,890000,13.4,
2025-06-10,ORD-2025-004982,P00155,T10,KS022,Toko,2,13060000,9.9,
2025-06-10,ORD-2025-005011,P01981,T12,SF009,Toko,1,11780000,11.8,
2025-06-10,ORD-2025-005030,P02303,T13,PC029,Online,1,1900000,9.4,320000
2025-06-10,ORD-2025-005037,P01225,T13,KR012,Online,2,2460000,13.1,470000
2025-06-10,ORD-2025-005041,P03049,T13,PD005,Online,2,390000,9.8,70000
2025-06-10,ORD-2025-005123,P01313,T04,PD006,Toko,2,970000,15.3,
2025-06-10,ORD-2025-005124,P02044,T09,PD026,Toko,2,520000,0.0,
2025-06-10,ORD-2025-005175,P02446,T13,MJ043,Online,1,4010000,11.2,580000
2025-06-11,ORD-2025-004867,P00559,T13,MJ020,Online,1,4520000,0.0,540000
2025-06-11,ORD-2025-004879,P02693,T13,DK037,Online,2,540000,0.0,140000
2025-06-11,ORD-2025-004899,P02127,T13,LM032,Online,1,4960000,9.2,130000
2025-06-11,ORD-2025-004899,P02127,T13,KR005,Online,2,3610000,13.8,120000
2025-06-11,ORD-2025-004935,P00945,T04,SF035,Toko,1,5970000,7.5,
2025-06-11,ORD-2025-004944,P03413,T06,DK033,Marketplace,3,220000,6.4,510000
2025-06-11,ORD-2025-005082,P01836,T09,KR006,Marketplace,2,3040000,18.1,570000
2025-06-11,ORD-2025-005082,P01836,T09,DK016,Marketplace,1,730000,12.3,330000
2025-06-11,ORD-2025-005144,P02101,T05,DK003,Toko,1,420000,2.0,
2025-06-11,ORD-2025-005144,P02101,T05,PC016,Toko,2,1760000,8.6,
2025-06-11,ORD-2025-005144,P02101,T05,PD005,Toko,1,390000,12.0,
2025-06-11,ORD-2025-005144,P02101,T05,PD022,Toko,1,520000,7.2,
2025-06-11,ORD-2025-005147,P00189,T06,MJ041,Marketplace,1,2240000,9.6,320000
2025-06-11,ORD-2025-005147,P00189,T06,DK026,Marketplace,2,1170000,13.7,550000
2025-06-11,ORD-2025-005147,P00189,T06,PC024,Marketplace,1,850000,12.5,190000
2025-06-11,ORD-2025-005169,P03157,T13,KR032,Online,1,2340000,12.2,590000
2025-06-11,ORD-2025-005169,P03157,T13,KR031,Online,2,2350000,7.7,300000
2025-06-11,ORD-2025-005169,P03157,T13,DK033,Online,1,220000,8.4,570000
2025-06-11,ORD-2025-005169,P03157,T13,PC012,Online,4,1870000,0.0,590000
2025-06-12,ORD-2025-004904,P01182,T13,KR016,Online,1,3780000,11.7,550000
2025-06-12,ORD-2025-004996,P00280,T10,SF024,Toko,1,3520000,14.6,
2025-06-12,ORD-2025-005007,P00723,T10,DK024,Marketplace,1,930000,2.4,500000
2025-06-12,ORD-2025-005034,P02816,T13,PC019,Online,2,1840000,12.4,130000
2025-06-12,ORD-2025-005065,P00546,T05,PC006,Marketplace,2,1850000,17.4,450000
2025-06-12,ORD-2025-005081,P02035,T13,PC032,Online,4,470000,9.9,240000
2025-06-12,ORD-2025-005139,P01424,T13,DK016,Online,3,730000,0.0,60000
2025-06-12,ORD-2025-005139,P01424,T13,DK004,Online,1,1240000,5.2,590000
2025-06-12,ORD-2025-005139,P01424,T13,PC028,Online,1,2190000,0.0,410000
2025-06-13,ORD-2025-004872,P02987,T01,KR042,Toko,1,1850000,9.2,
2025-06-13,ORD-2025-004874,P03344,T10,DK025,Toko,1,660000,10.2,
2025-06-13,ORD-2025-004883,P02533,T13,PC029,Online,1,1900000,0.0,250000
2025-06-13,ORD-2025-004883,P02533,T13,PD024,Online,2,1130000,11.0,450000
2025-06-13,ORD-2025-004926,P02637,T09,DK023,Toko,1,770000,0.0,
2025-06-13,ORD-2025-004978,P03084,T13,PD002,Online,1,1150000,19.4,230000
2025-06-13,ORD-2025-005069,P02319,T13,DK037,Online,1,540000,0.0,60000
2025-06-13,ORD-2025-005069,P02319,T13,PD012,Online,1,1500000,8.9,60000
2025-06-13,ORD-2025-005079,P02929,T03,DK016,Toko,1,730000,10.6,220000
2025-06-13,ORD-2025-005079,P02929,T03,KS002,Toko,1,6150000,9.1,
2025-06-13,ORD-2025-005150,P00512,T02,DK033,Toko,1,220000,12.3,
2025-06-13,ORD-2025-005155,P02383,T01,PC018,Marketplace,1,1420000,4.2,140000
2025-06-13,ORD-2025-005157,P00665,T03,PD011,Toko,1,750000,3.8,210000
2025-06-13,ORD-2025-005157,P00665,T03,MJ020,Toko,2,4520000,3.6,
2025-06-13,ORD-2025-005157,P00665,T03,KR044,Toko,1,2280000,7.9,
2025-06-14,ORD-2025-004862,P01414,T13,DK028,Online,1,730000,10.3,250000
2025-06-14,ORD-2025-004862,P01414,T13,PD008,Online,3,970000,11.2,50000
2025-06-14,ORD-2025-004873,P01158,T06,DK009,Toko,2,990000,10.0,
2025-06-14,ORD-2025-004873,P01158,T06,KR025,Toko,4,3670000,6.8,
2025-06-14,ORD-2025-004889,P03331,T13,PD015,Online,1,750000,15.0,380000
2025-06-14,ORD-2025-004911,P01952,T13,PD017,Online,3,2370000,7.8,370000
2025-06-14,ORD-2025-004915,P02103,T13,LM012,Online,1,7130000,10.3,200000
2025-06-14,ORD-2025-004915,P02103,T13,PC032,Online,1,470000,17.0,350000
2025-06-14,ORD-2025-004918,P00245,T13,DK020,Online,1,690000,9.4,
2025-06-14,ORD-2025-004948,P02955,T01,SF010,Marketplace,1,18330000,6.8,160000
2025-06-14,ORD-2025-004948,P02955,T01,MJ028,Marketplace,1,10280000,8.4,500000
2025-06-14,ORD-2025-005062,P02253,T02,SF007,Toko,1,10370000,7.2,
2025-06-14,ORD-2025-005071,P01393,T13,PD011,Online,1,750000,7.5,300000
2025-06-14,ORD-2025-005071,P01393,T13,KR005,Online,2,3610000,9.5,300000
2025-06-14,ORD-2025-005071,P01393,T13,KR020,Online,1,1970000,9.2,200000
2025-06-14,ORD-2025-005083,P00730,T13,LM020,Online,3,8740000,8.6,560000
2025-06-14,ORD-2025-005114,P00377,T13,PC007,Online,1,1510000,6.6,460000
2025-06-14,ORD-2025-005114,P00377,T13,KR023,Online,2,1270000,9.3,300000
2025-06-14,ORD-2025-005135,P01597,T13,PD010,Online,1,450000,12.1,50000
2025-06-15,ORD-2025-004912,P02690,T13,MJ024,Online,1,3010000,13.0,440000
2025-06-15,ORD-2025-004930,P03393,T10,KR027,Marketplace,1,1770000,8.8,350000
2025-06-15,ORD-2025-004975,P00898,T13,KR008,Online,1,2800000,7.1,70000
2025-06-15,ORD-2025-004975,P00898,T13,DK024,Online,3,930000,8.2,440000
2025-06-15,ORD-2025-004983,P02468,T02,PC022,Toko,3,3000000,0.0,
2025-06-15,ORD-2025-004993,P02839,T13,KR018,Online,1,1090000,5.1,570000
2025-06-15,ORD-2025-005013,P00596,T11,KR018,Toko,2,1090000,6.8,
2025-06-15,ORD-2025-005038,P00106,T09,PC032,Toko,2,470000,9.1,
2025-06-15,ORD-2025-005038,P00106,T09,KS027,Toko,1,6560000,0.0,
2025-06-15,ORD-2025-005044,P00118,T13,KR003,Online,1,1440000,17.8,220000
2025-06-15,ORD-2025-005080,P02495,T13,PC025,Online,1,1800000,0.0,110000
2025-06-15,ORD-2025-005091,P00367,T10,SF015,Toko,2,6690000,11.6,
2025-06-15,ORD-2025-005101,P01154,T13,KR002,Online,2,1500000,14.4,190000
2025-06-15,ORD-2025-005112,P01218,T13,DK041,Online,1,2550000,11.2,170000
2025-06-15,ORD-2025-005112,P01218,T13,PC006,Online,1,1850000,14.3,580000
2025-06-15,ORD-2025-005112,P01218,T13,KR042,Online,1,1850000,0.0,230000
2025-06-16,ORD-2025-004888,P02001,T07,KS017,Toko,1,15120000,0.0,
2025-06-16,ORD-2025-004892,P02119,T02,DK040,Toko,4,1260000,0.0,
2025-06-16,ORD-2025-004956,P02166,T13,DK018,Online,1,1000000,10.9,290000
2025-06-16,ORD-2025-004988,P01457,T05,PD020,Marketplace,2,920000,15.2,150000
2025-06-16,ORD-2025-004988,P01457,T05,DK032,Marketplace,3,340000,6.7,550000
2025-06-16,ORD-2025-004988,P01457,T05,PD019,Marketplace,1,1260000,12.9,240000
2025-06-16,ORD-2025-005005,P00258,T11,DK040,Toko,1,1260000,6.5,
2025-06-16,ORD-2025-005005,P00258,T11,KR019,Toko,1,2530000,8.8,
2025-06-16,ORD-2025-005017,P00282,T13,KR012,Online,1,2460000,0.0,120000
2025-06-16,ORD-2025-005017,P00282,T13,KR003,Online,1,1440000,9.0,300000
2025-06-16,ORD-2025-005017,P00282,T13,DK040,Online,1,1260000,0.0,240000
2025-06-16,ORD-2025-005017,P00282,T13,PD010,Online,1,450000,15.0,490000
2025-06-16,ORD-2025-005035,P01432,T13,PD019,Online,1,1260000,0.0,580000
2025-06-16,ORD-2025-005035,P01432,T13,MJ017,Online,1,3280000,0.0,420000
2025-06-16,ORD-2025-005047,P00237,T13,DK004,Online,1,1240000,4.7,360000
2025-06-16,ORD-2025-005106,P01738,T13,DK010,Online,1,690000,9.5,170000
2025-06-17,ORD-2025-004882,P03407,T06,DK020,Marketplace,2,690000,10.7,
2025-06-17,ORD-2025-004884,P01009,T09,PD018,Toko,2,530000,8.7,
2025-06-17,ORD-2025-004908,P00817,T02,KR003,Toko,1,1440000,14.5,
2025-06-17,ORD-2025-004908,P00817,T02,MJ006,Toko,1,4050000,3.5,
2025-06-17,ORD-2025-004908,P00817,T02,PC019,Toko,1,1840000,7.5,
2025-06-17,ORD-2025-004909,P02125,T05,SF042,Marketplace,1,4260000,10.4,510000
2025-06-17,ORD-2025-004917,P01232,T05,SF019,Toko,1,8050000,7.3,220000
2025-06-17,ORD-2025-004984,P01571,T05,MJ028,Toko,1,10280000,2.9,
2025-06-17,ORD-2025-005022,P01042,T13,PC031,Online,1,1660000,14.2,480000
2025-06-17,ORD-2025-005022,P01042,T13,SF010,Online,2,18330000,11.2,550000
2025-06-17,ORD-2025-005022,P01042,T13,DK018,Online,1,1000000,8.0,160000
2025-06-17,ORD-2025-005022,P01042,T13,DK022,Online,1,550000,16.9,170000
2025-06-17,ORD-2025-005053,P00905,T03,DK021,Toko,1,1010000,12.7,
2025-06-17,ORD-2025-005085,P01286,T13,DK041,Online,1,2550000,6.5,60000
2025-06-17,ORD-2025-005085,P01286,T13,KR032,Online,1,2340000,4.4,510000
2025-06-17,ORD-2025-005111,P01750,T13,DK041,Online,1,2550000,17.9,530000
2025-06-17,ORD-2025-005111,P01750,T13,KR021,Online,2,2670000,6.6,190000
2025-06-17,ORD-2025-005154,P00833,T06,MJ017,Toko,2,3280000,9.1,
2025-06-18,ORD-2025-004877,P03446,T06,KS015,Marketplace,1,7280000,13.1,210000
2025-06-18,ORD-2025-004894,P02248,T06,PD025,Toko,1,1100000,16.7,
2025-06-18,ORD-2025-004932,P03410,T11,PD023,Toko,1,1090000,11.1,
2025-06-18,ORD-2025-005016,P00434,T13,LM024,Online,1,5790000,7.5,140000
2025-06-18,ORD-2025-005027,P01259,T13,DK016,Online,1,730000,0.0,180000
2025-06-18,ORD-2025-005054,P01736,T02,KS006,Toko,3,8770000,0.0,
2025-06-18,ORD-2025-005054,P01736,T02,SF038,Toko,2,6260000,10.2,280000
2025-06-18,ORD-2025-005054,P01736,T02,MJ037,Toko,1,3320000,7.4,
2025-06-18,ORD-2025-005054,P01736,T02,PC026,Toko,1,860000,0.0,
2025-06-18,ORD-2025-005063,P01881,T04,DK003,Toko,1,420000,22.5,
2025-06-18,ORD-2025-005133,P01976,T13,PC024,Online,1,850000,11.9,200000
2025-06-18,ORD-2025-005172,P03008,T02,DK033,Toko,1,220000,10.4,
2025-06-19,ORD-2025-004866,P01258,T13,LM031,Online,1,6490000,8.0,
2025-06-19,ORD-2025-004866,P01258,T13,PD002,Online,1,1150000,12.2,420000
2025-06-19,ORD-2025-004866,P01258,T13,KR041,Online,1,1620000,10.5,150000
2025-06-19,ORD-2025-004881,P00060,T13,LM025,Online,1,9570000,11.9,300000
2025-06-19,ORD-2025-004886,P02802,T13,SF016,Online,1,10420000,16.3,70000
2025-06-19,ORD-2025-004903,P02109,T13,DK014,Online,1,890000,0.0,110000
2025-06-19,ORD-2025-004906,P00219,T13,KR002,Online,1,1500000,12.8,590000
2025-06-19,ORD-2025-004906,P00219,T13,KR009,Online,1,3260000,12.6,110000
2025-06-19,ORD-2025-004923,P02526,T02,PC005,Toko,3,660000,12.5,
2025-06-19,ORD-2025-004923,P02526,T02,KS030,Toko,1,3860000,5.6,
2025-06-19,ORD-2025-004924,P02187,T12,PC024,Toko,1,850000,8.9,
2025-06-19,ORD-2025-004924,P02187,T12,PC017,Toko,1,1720000,12.3,
2025-06-19,ORD-2025-004924,P02187,T12,KR031,Toko,1,2350000,8.5,
2025-06-19,ORD-2025-004927,P00732,T03,KR040,Marketplace,1,2380000,18.7,160000
2025-06-19,ORD-2025-004927,P00732,T03,PC007,Marketplace,1,1510000,14.3,130000
2025-06-19,ORD-2025-004952,P03440,T06,PD024,Marketplace,1,1130000,13.3,180000
2025-06-19,ORD-2025-004964,P01117,T01,PD021,Toko,2,660000,10.5,
2025-06-19,ORD-2025-004981,P01822,T11,PD005,Toko,4,390000,0.0,
2025-06-19,ORD-2025-005015,P02908,T13,SF029,Online,2,7520000,2.6,540000
2025-06-19,ORD-2025-005064,P00519,T13,LM010,Online,1,7760000,9.8,120000
2025-06-19,ORD-2025-005070,P00620,T06,LM025,Toko,1,9570000,0.0,
2025-06-19,ORD-2025-005075,P02373,T06,PC023,Toko,1,1920000,11.8,
2025-06-19,ORD-2025-005095,P03316,T12,LM027,Marketplace,2,14450000,2.3,470000
2025-06-19,ORD-2025-005095,P03316,T12,DK034,Marketplace,1,830000,16.6,590000
2025-06-19,ORD-2025-005131,,T02,DK002,Toko,2,490000,9.5,
2025-06-19,ORD-2025-005137,P02581,T01,PD026,Toko,1,520000,9.2,
2025-06-19,ORD-2025-005171,P00039,T06,DK044,Marketplace,1,1380000,12.9,560000
2025-06-20,ORD-2025-004925,P02570,T07,PC015,Toko,1,1320000,10.4,
2025-06-20,ORD-2025-004957,P01588,T11,MJ032,Toko,2,5400000,0.0,
2025-06-20,ORD-2025-004957,P01588,T11,LM025,Toko,1,9570000,0.0,
2025-06-20,ORD-2025-005050,P03450,T13,KR002,Online,1,1500000,14.2,100000
2025-06-20,ORD-2025-005050,P03450,T13,MJ046,Online,4,2600000,7.5,60000
2025-06-20,ORD-2025-005050,P03450,T13,KR022,Online,3,2200000,0.0,490000
2025-06-20,ORD-2025-005076,P01673,T09,PC032,Marketplace,1,470000,0.0,90000
2025-06-20,ORD-2025-005116,P03153,T04,DK024,Toko,1,930000,9.3,
2025-06-21,ORD-2025-004890,P03065,T13,KR006,Online,2,3040000,11.0,550000
2025-06-21,ORD-2025-004897,P02130,T04,PC021,Toko,2,4550000,16.4,
2025-06-21,ORD-2025-004897,P02130,T04,DK044,Toko,1,1380000,12.1,
2025-06-21,ORD-2025-004898,P01702,T13,PD011,Online,1,750000,5.1,270000
2025-06-21,ORD-2025-004898,P01702,T13,MJ005,Online,1,4030000,6.4,
2025-06-21,ORD-2025-004933,P02081,T02,DK034,Toko,2,830000,0.0,
2025-06-21,ORD-2025-004939,P01717,T13,SF006,Online,1,4230000,12.4,550000
2025-06-21,ORD-2025-004939,P01717,T13,PC027,Online,1,3210000,7.1,560000
2025-06-21,ORD-2025-004980,P02342,T13,DK027,Online,1,630000,0.0,250000
2025-06-21,ORD-2025-005009,P00542,T13,MJ025,Online,1,5470000,11.9,440000
2025-06-21,ORD-2025-005029,P00230,T13,MJ045,Online,1,2740000,14.0,70000
2025-06-21,ORD-2025-005029,P00230,T13,KR003,Online,1,1440000,3.6,500000
2025-06-21,ORD-2025-005040,P00646,T13,DK027,Online,1,630000,10.5,370000
2025-06-21,ORD-2025-005102,P02361,T06,PD025,Marketplace,1,1100000,13.9,60000
2025-06-21,ORD-2025-005104,P00503,T13,DK020,Online,1,690000,0.0,260000
2025-06-21,ORD-2025-005134,P02251,T13,DK038,Online,1,530000,8.2,380000
2025-06-21,ORD-2025-005164,P01650,T13,DK030,Online,1,930000,6.2,110000
2025-06-21,ORD-2025-005174,P00062,T06,KR028,Toko,1,1780000,17.4,
2025-06-22,ORD-2025-004891,P03025,T11,KR026,Marketplace,1,2860000,6.0,90000
2025-06-22,ORD-2025-004916,P03389,T13,KS032,Online,1,9280000,0.0,60000
2025-06-22,ORD-2025-004921,P03228,T02,KR018,Toko,1,1090000,8.9,
2025-06-22,ORD-2025-004921,P03228,T02,PD007,Toko,1,770000,11.9,
2025-06-22,ORD-2025-004962,P02996,T08,PC029,Toko,1,1900000,1.6,
2025-06-22,ORD-2025-005000,P02212,T06,KR025,Marketplace,1,3670000,15.4,260000
2025-06-22,ORD-2025-005001,P01475,T04,LM020,Marketplace,1,8740000,12.0,
2025-06-22,ORD-2025-005001,P01475,T04,DK006,Marketplace,1,2070000,9.4,60000
2025-06-22,ORD-2025-005001,P01475,T04,PD001,Marketplace,1,1710000,0.0,440000
2025-06-22,ORD-2025-005001,P01475,T04,MJ012,Marketplace,1,11220000,12.7,550000
2025-06-22,ORD-2025-005012,P02405,T13,MJ020,Online,2,4520000,7.9,480000
2025-06-22,ORD-2025-005039,P00473,T13,LM032,Online,3,4960000,11.0,220000
2025-06-22,ORD-2025-005086,P02298,T07,DK038,Toko,1,530000,8.8,
2025-06-22,ORD-2025-005090,P01700,T10,SF039,Toko,2,6120000,7.0,
2025-06-22,ORD-2025-005090,P01700,T10,KR033,Toko,1,3030000,11.9,
2025-06-22,ORD-2025-005098,P03315,T04,MJ035,Marketplace,2,5190000,0.0,540000
2025-06-22,ORD-2025-005098,P03315,T04,DK007,Marketplace,1,900000,9.2,440000
2025-06-22,ORD-2025-005098,P03315,T04,DK033,Marketplace,4,220000,12.0,320000
2025-06-22,ORD-2025-005105,P02357,T11,PD021,Toko,1,660000,0.0,
2025-06-22,ORD-2025-005105,P02357,T11,DK028,Toko,1,730000,6.0,
2025-06-23,ORD-2025-004870,P00286,T06,MJ021,Toko,1,2560000,15.2,
2025-06-23,ORD-2025-004870,P00286,T06,MJ044,Toko,3,6150000,4.9,
2025-06-23,ORD-2025-004870,P00286,T06,PD005,Toko,1,390000,9.8,
2025-06-23,ORD-2025-004902,P02785,T13,PC019,Online,3,1840000,0.0,520000
2025-06-23,ORD-2025-004902,P02785,T13,LM026,Online,1,5250000,12.7,190000
2025-06-23,ORD-2025-004902,P02785,T13,DK020,Online,1,690000,7.1,110000
2025-06-23,ORD-2025-005010,,T04,PC022,Toko,1,3000000,10.4,
2025-06-23,ORD-2025-005010,,T04,DK033,Toko,2,220000,0.0,
2025-06-23,ORD-2025-005043,P00350,T04,DK001,Toko,1,530000,9.4,
2025-06-23,ORD-2025-005049,P02057,T13,KR030,Online,3,3050000,8.4,350000
2025-06-23,ORD-2025-005087,,T07,PD001,Toko,2,1710000,0.0,
2025-06-23,ORD-2025-005087,,T07,DK029,Toko,1,500000,14.7,250000
2025-06-23,ORD-2025-005087,,T07,KR034,Toko,2,2350000,10.6,300000
2025-06-23,ORD-2025-005142,P02860,T13,KR019,Online,1,2530000,0.0,180000
2025-06-23,ORD-2025-005142,P02860,T13,KR046,Online,1,1210000,12.4,550000
2025-06-24,ORD-2025-004875,P01055,T13,DK024,Online,1,930000,11.4,190000
2025-06-24,ORD-2025-004893,P01350,T07,KR010,Marketplace,1,1900000,3.5,430000
2025-06-24,ORD-2025-004893,P01350,T07,DK023,Marketplace,4,770000,8.0,480000
2025-06-24,ORD-2025-004893,P01350,T07,DK012,Marketplace,1,960000,10.0,280000
2025-06-24,ORD-2025-004893,P01350,T07,PC007,Marketplace,1,1510000,7.1,570000
2025-06-24,ORD-2025-004913,P01285,T13,MJ037,Online,1,3320000,7.3,80000
2025-06-24,ORD-2025-004913,P01285,T13,DK026,Online,2,1170000,13.1,90000
2025-06-24,ORD-2025-004974,P00551,T13,KR002,Online,1,1500000,14.8,420000
2025-06-24,ORD-2025-004991,P02248,T07,KS028,Marketplace,1,7780000,7.8,80000
2025-06-24,ORD-2025-005003,P00314,T13,DK034,Online,1,830000,8.6,260000
2025-06-24,ORD-2025-005003,P00314,T13,KR018,Online,3,1090000,15.6,590000
2025-06-24,ORD-2025-005023,P00501,T03,KR023,Toko,1,1270000,11.2,
2025-06-24,ORD-2025-005055,,T03,PC010,Toko,1,1240000,17.7,
2025-06-24,ORD-2025-005092,P00657,T13,DK041,Online,2,2550000,0.0,380000
2025-06-24,ORD-2025-005120,P00751,T13,PD026,Online,1,520000,0.0,200000
2025-06-24,ORD-2025-005120,P00751,T13,DK033,Online,1,220000,11.0,320000
2025-06-24,ORD-2025-005140,P02918,T01,PC031,Marketplace,1,1660000,21.6,240000
2025-06-24,ORD-2025-005140,P02918,T01,PC013,Marketplace,2,1410000,0.0,80000
2025-06-24,ORD-2025-005140,P02918,T01,DK030,Marketplace,3,930000,11.0,480000
2025-06-24,ORD-2025-005151,P02036,T13,KR026,Online,1,2860000,10.4,570000
2025-06-24,ORD-2025-005168,P00416,T08,LM008,Toko,1,5080000,11.7,
2025-06-24,ORD-2025-005168,P00416,T08,LM031,Toko,1,6490000,11.4,
2025-06-25,ORD-2025-004958,P02927,T07,DK001,Toko,1,530000,4.6,
2025-06-25,ORD-2025-004994,P02233,T13,PC023,Online,1,1920000,9.0,120000
2025-06-25,ORD-2025-005033,P02598,T13,DK038,Online,2,530000,9.9,440000
2025-06-25,ORD-2025-005077,P01159,T13,DK036,Online,2,510000,10.9,290000
2025-06-25,ORD-2025-005084,P00882,T07,SF031,Toko,1,3420000,6.0,
2025-06-25,ORD-2025-005096,P00297,T12,LM007,Toko,2,4350000,0.0,
2025-06-25,ORD-2025-005118,P03363,T05,PC013,Toko,1,1410000,9.7,
2025-06-25,ORD-2025-005167,P02818,T02,DK014,Marketplace,2,890000,0.0,460000
2025-06-25,ORD-2025-005167,P02818,T02,KR022,Marketplace,1,2200000,7.6,210000
2025-06-25,ORD-2025-005167,P02818,T02,DK001,Marketplace,1,530000,15.8,520000
2025-06-26,ORD-2025-004931,P00953,T13,MJ041,Online,1,2240000,8.0,480000
2025-06-26,ORD-2025-004931,P00953,T13,DK028,Online,4,730000,0.0,590000
2025-06-26,ORD-2025-004936,P01682,T13,SF024,Online,2,3520000,8.7,120000
2025-06-26,ORD-2025-004965,P01232,T11,SF031,Toko,1,3420000,0.0,
2025-06-26,ORD-2025-004965,P01232,T11,KR023,Toko,1,1270000,10.0,
2025-06-26,ORD-2025-004986,P00680,T13,KR045,Online,3,3000000,8.5,580000
2025-06-26,ORD-2025-004986,P00680,T13,PD023,Online,1,1090000,3.8,420000
2025-06-26,ORD-2025-005046,P01325,T13,MJ010,Online,1,3850000,6.3,540000
2025-06-26,ORD-2025-005046,P01325,T13,DK044,Online,1,1380000,9.4,160000
2025-06-26,ORD-2025-005046,P01325,T13,KR046,Online,1,1210000,5.1,390000
2025-06-26,ORD-2025-005066,P01715,T11,KR018,Marketplace,1,1090000,9.6,460000
2025-06-26,ORD-2025-005113,P03103,T02,SF020,Toko,2,9700000,11.2,
2025-06-26,ORD-2025-005130,P01308,T13,KR045,Online,1,3000000,16.2,460000
2025-06-26,ORD-2025-005149,P01014,T13,MJ022,Online,1,4090000,8.9,370000
2025-06-26,ORD-2025-005149,P01014,T13,PC001,Online,1,1430000,5.3,390000
2025-06-27,ORD-2025-004865,P01458,T02,DK006,Toko,1,2070000,10.7,
2025-06-27,ORD-2025-004868,,T06,DK034,Toko,1,830000,14.9,
2025-06-27,ORD-2025-004868,,T06,KR023,Toko,1,1270000,11.6,
2025-06-27,ORD-2025-004868,,T06,PC013,Toko,1,1410000,12.6,
2025-06-27,ORD-2025-004880,P02496,T13,PD023,Online,1,1090000,10.2,160000
2025-06-27,ORD-2025-004880,P02496,T13,KR017,Online,1,4540000,17.1,440000
2025-06-27,ORD-2025-004907,P01699,T13,KR042,Online,1,1850000,15.0,550000
2025-06-27,ORD-2025-004914,P03081,T13,PD018,Online,1,530000,10.8,420000
2025-06-27,ORD-2025-005025,P02619,T13,DK023,Online,3,770000,7.6,400000
2025-06-27,ORD-2025-005061,P02730,T05,KR039,Marketplace,2,2460000,16.2,350000
2025-06-27,ORD-2025-005100,P02841,T07,KR032,Toko,1,2340000,15.3,
2025-06-27,ORD-2025-005100,P02841,T07,KS031,Toko,2,4390000,8.5,
2025-06-27,ORD-2025-005115,P01941,T13,KS003,Online,4,12030000,7.3,310000
2025-06-27,ORD-2025-005115,P01941,T13,SF021,Online,1,9200000,12.2,160000
2025-06-27,ORD-2025-005115,P01941,T13,MJ013,Online,1,2960000,3.6,560000
2025-06-27,ORD-2025-005145,P02731,T11,PC010,Marketplace,1,1240000,4.0,450000
2025-06-27,ORD-2025-005145,P02731,T11,LM015,Marketplace,1,3180000,7.3,60000
2025-06-28,ORD-2025-004900,P01983,T03,SF004,Marketplace,1,7400000,15.5,270000
2025-06-28,ORD-2025-004919,P01074,T09,DK036,Toko,2,510000,7.5,
2025-06-28,ORD-2025-004928,P00434,T13,SF035,Online,1,5970000,15.8,580000
2025-06-28,ORD-2025-004928,P00434,T13,PD020,Online,1,920000,0.0,530000
2025-06-28,ORD-2025-004937,P00235,T13,SF015,Online,1,6690000,15.9,430000
2025-06-28,ORD-2025-004947,P00911,T13,PC032,Online,3,470000,11.5,440000
2025-06-28,ORD-2025-004961,P00455,T03,MJ017,Toko,3,3280000,6.9,
2025-06-28,ORD-2025-004961,P00455,T03,KR044,Toko,2,2280000,9.1,260000
2025-06-28,ORD-2025-004961,P00455,T03,MJ030,Toko,1,2670000,14.5,120000
2025-06-28,ORD-2025-004969,P00272,T13,DK024,Online,1,930000,9.8,540000
2025-06-28,ORD-2025-004969,P00272,T13,PC017,Online,1,1720000,1.3,90000
2025-06-28,ORD-2025-004979,P00679,T13,DK035,Online,1,400000,8.3,360000
2025-06-28,ORD-2025-004992,P00802,T13,PD023,Online,1,1090000,0.0,100000
2025-06-28,ORD-2025-005008,P00755,T13,DK026,Online,1,1170000,0.0,200000
2025-06-28,ORD-2025-005042,P02822,T09,KR018,Marketplace,1,1090000,9.2,330000
2025-06-28,ORD-2025-005042,P02822,T09,PC013,Marketplace,3,1410000,13.8,50000
2025-06-28,ORD-2025-005042,P02822,T09,MJ037,Marketplace,1,3320000,6.9,300000
2025-06-28,ORD-2025-005088,P00114,T03,LM010,Toko,1,7760000,6.7,
2025-06-28,ORD-2025-005094,P02606,T13,LM031,Online,3,6490000,8.5,540000
2025-06-28,ORD-2025-005136,P01990,T02,MJ046,Toko,2,2600000,0.0,
2025-06-28,ORD-2025-005136,P01990,T02,DK004,Toko,3,1240000,15.7,
2025-06-28,ORD-2025-005136,P01990,T02,DK005,Toko,1,430000,15.7,
2025-06-28,ORD-2025-005158,P01130,T13,MJ004,Online,1,3430000,12.5,140000
2025-06-28,ORD-2025-005173,P02211,T13,KS006,Online,1,8770000,0.0,390000
2025-06-28,ORD-2025-005173,P02211,T13,DK008,Online,1,910000,0.0,300000
2025-06-29,ORD-2025-004878,P01044,T13,LM032,Online,1,4960000,11.6,510000
2025-06-29,ORD-2025-004878,P01044,T13,PD022,Online,1,520000,7.4,170000
2025-06-29,ORD-2025-004878,P01044,T13,PC001,Online,4,1430000,6.3,400000
2025-06-29,ORD-2025-004878,P01044,T13,DK027,Online,1,630000,15.8,560000
2025-06-29,ORD-2025-004950,P02010,T11,DK001,Toko,2,530000,9.4,230000
2025-06-29,ORD-2025-004989,P00884,T06,PD025,Toko,3,1100000,7.6,
2025-06-29,ORD-2025-004989,P00884,T06,LM014,Toko,1,4520000,10.6,
2025-06-29,ORD-2025-004989,P00884,T06,LM001,Toko,2,6680000,2.4,240000
2025-06-29,ORD-2025-004989,P00884,T06,DK003,Toko,3,420000,10.7,
2025-06-29,ORD-2025-005002,P00978,T13,PC009,Online,2,1490000,7.2,530000
2025-06-29,ORD-2025-005004,P02467,T13,SF022,Online,1,7310000,8.6,340000
2025-06-29,ORD-2025-005004,P02467,T13,MJ001,Online,1,2940000,12.2,380000
2025-06-29,ORD-2025-005006,P03218,T11,MJ007,Toko,1,5590000,14.2,
2025-06-29,ORD-2025-005045,P03064,T13,PD008,Online,2,970000,13.5,340000
2025-06-30,ORD-2025-004864,P03181,T07,KR023,Toko,1,1270000,10.0,140000
2025-06-30,ORD-2025-004920,P03371,T10,KS031,Toko,4,4390000,0.0,
2025-06-30,ORD-2025-004946,P01941,T03,MJ045,Toko,1,2740000,0.0,
2025-06-30,ORD-2025-004946,P01941,T03,MJ007,Toko,1,5590000,10.2,
2025-06-30,ORD-2025-004946,P01941,T03,DK017,Toko,1,1740000,18.0,
2025-06-30,ORD-2025-004946,P01941,T03,KR019,Toko,1,2530000,5.0,
2025-06-30,ORD-2025-005014,P01531,T13,PC017,Online,1,1720000,7.0,580000
2025-06-30,ORD-2025-005093,P01967,T06,MJ005,Toko,1,4030000,6.3,170000
2025-06-30,ORD-2025-005143,P02328,T06,LM028,Toko,2,6300000,10.7,
2025-06-30,ORD-2025-005146,P01893,T01,LM007,Toko,1,4350000,3.7,440000
2025-06-30,ORD-2025-005166,P01668,T06,MJ024,Marketplace,2,3010000,6.8,280000
2025-06-30,ORD-2025-005166,P01668,T06,KR029,Marketplace,1,5120000,7.8,140000
2025-07-01,ORD-2025-005229,P02968,T13,PC002,Online,1,1740000,12.4,550000
2025-07-01,ORD-2025-005240,P00235,T03,KR048,Marketplace,1,5130000,13.0,370000
2025-07-01,ORD-2025-005290,P03385,T13,PC026,Online,1,860000,10.4,90000
2025-07-01,ORD-2025-005292,P02567,T02,KR018,Toko,2,1090000,13.3,240000
2025-07-01,ORD-2025-005292,P02567,T02,DK014,Toko,1,890000,13.5,
2025-07-01,ORD-2025-005292,P02567,T02,PC009,Toko,2,1490000,11.1,
2025-07-01,ORD-2025-005293,P01905,T02,KR015,Marketplace,2,2050000,0.0,330000
2025-07-01,ORD-2025-005293,P01905,T02,KR033,Marketplace,1,3030000,6.4,290000
2025-07-01,ORD-2025-005419,P00734,T10,MJ031,Toko,2,7400000,14.3,
2025-07-01,ORD-2025-005460,P02043,T13,KS030,Online,1,3860000,12.1,280000
2025-07-02,ORD-2025-005206,P01449,T13,KR025,Online,1,3670000,16.3,190000
2025-07-02,ORD-2025-005206,P01449,T13,DK042,Online,3,1280000,6.0,50000
2025-07-02,ORD-2025-005206,P01449,T13,LM007,Online,1,4350000,12.3,190000
2025-07-02,ORD-2025-005332,P03111,T13,DK034,Online,2,830000,17.3,530000
2025-07-02,ORD-2025-005343,P02797,T13,DK015,Online,1,1390000,0.0,250000
2025-07-02,ORD-2025-005343,P02797,T13,KR032,Online,1,2340000,9.2,180000
2025-07-02,ORD-2025-005343,P02797,T13,PD009,Online,1,840000,11.9,300000
2025-07-02,ORD-2025-005346,P00090,T13,SF031,Online,1,3420000,7.5,
2025-07-02,ORD-2025-005346,P00090,T13,KR043,Online,1,5270000,7.9,
2025-07-02,ORD-2025-005351,P00432,T05,LM037,Marketplace,1,3800000,13.6,240000
2025-07-02,ORD-2025-005359,P01244,T13,DK039,Online,1,870000,12.6,130000
2025-07-02,ORD-2025-005359,P01244,T13,PD008,Online,1,970000,17.7,70000
2025-07-02,ORD-2025-005368,P02168,T01,DK033,Toko,2,220000,13.0,
2025-07-02,ORD-2025-005369,P02052,T01,PC023,Toko,1,1920000,4.7,
2025-07-02,ORD-2025-005389,P03076,T08,DK037,Toko,1,540000,4.0,
2025-07-02,ORD-2025-005389,P03076,T08,DK004,Toko,1,1240000,15.8,
2025-07-02,ORD-2025-005389,P03076,T08,KR045,Toko,1,3000000,16.0,
2025-07-02,ORD-2025-005389,P03076,T08,KR019,Toko,1,2530000,8.6,
2025-07-02,ORD-2025-005393,P02790,T02,KS015,Toko,1,7280000,9.5,
2025-07-02,ORD-2025-005393,P02790,T02,DK021,Toko,1,1010000,15.1,
2025-07-02,ORD-2025-005393,P02790,T02,PD020,Toko,1,920000,2.7,
2025-07-02,ORD-2025-005393,P02790,T02,PC028,Toko,1,2190000,6.2,
2025-07-02,ORD-2025-005430,P00697,T11,DK002,Marketplace,1,490000,7.2,90000
2025-07-02,ORD-2025-005444,P02415,T05,PC017,Toko,1,1720000,9.1,
2025-07-02,ORD-2025-005444,P02415,T05,KR032,Toko,2,2340000,4.0,
2025-07-02,ORD-2025-005447,P01200,T02,DK029,Toko,1,500000,0.0,
2025-07-03,ORD-2025-005208,P00433,T01,LM010,Toko,2,7760000,11.8,
2025-07-03,ORD-2025-005236,P01643,T13,MJ045,Online,1,2740000,12.7,450000
2025-07-03,ORD-2025-005258,,T04,PC028,Toko,1,2190000,0.0,
2025-07-03,ORD-2025-005258,,T04,SF008,Toko,1,13020000,10.1,
2025-07-03,ORD-2025-005258,,T04,PD015,Toko,1,750000,12.6,
2025-07-03,ORD-2025-005281,P00663,T04,LM028,Marketplace,2,6300000,0.0,460000
2025-07-03,ORD-2025-005294,P01834,T06,PD024,Toko,1,1130000,0.0,
2025-07-03,ORD-2025-005300,P00293,T13,PD026,Online,1,520000,17.0,310000
2025-07-03,ORD-2025-005337,P03125,T01,KR011,Toko,2,1570000,16.6,
2025-07-03,ORD-2025-005337,P03125,T01,DK033,Toko,1,220000,8.8,
2025-07-03,ORD-2025-005337,P03125,T01,PD004,Toko,1,1050000,11.8,330000
2025-07-03,ORD-2025-005361,P02838,T13,PC031,Online,2,1660000,12.5,520000
2025-07-03,ORD-2025-005364,P02194,T11,DK038,Marketplace,2,530000,10.4,540000
2025-07-03,ORD-2025-005365,P03015,T09,KR015,Toko,2,2050000,5.5,
2025-07-03,ORD-2025-005366,P00557,T13,LM026,Online,1,5250000,0.0,120000
2025-07-03,ORD-2025-005366,P00557,T13,KR006,Online,1,3040000,11.5,560000
2025-07-03,ORD-2025-005416,P03262,T13,PD021,Online,2,660000,13.6,360000
2025-07-03,ORD-2025-005417,P01741,T13,KR004,Online,1,1790000,18.1,430000
2025-07-03,ORD-2025-005427,P02607,T13,KR012,Online,4,2460000,6.7,580000
2025-07-03,ORD-2025-005427,P02607,T13,KR001,Online,2,3260000,0.0,500000
2025-07-03,ORD-2025-005427,P02607,T13,DK015,Online,1,1390000,16.6,90000
2025-07-03,ORD-2025-005427,P02607,T13,MJ007,Online,1,5590000,3.8,330000
2025-07-04,ORD-2025-005193,P00816,T01,KR025,Toko,1,3670000,5.9,
2025-07-04,ORD-2025-005199,P00961,T03,DK027,Toko,1,630000,4.7,
2025-07-04,ORD-2025-005199,P00961,T03,PC026,Toko,1,860000,10.2,330000
2025-07-04,ORD-2025-005199,P00961,T03,SF005,Toko,1,13820000,20.9,
2025-07-04,ORD-2025-005202,P00250,T06,DK042,Marketplace,1,1280000,0.0,440000
2025-07-04,ORD-2025-005207,P01213,T10,PC022,Toko,1,3000000,1.6,
2025-07-04,ORD-2025-005212,P02580,T13,KR004,Online,1,1790000,13.1,50000
2025-07-04,ORD-2025-005227,P03244,T12,LM025,Toko,1,9570000,11.6,
2025-07-04,ORD-2025-005228,P00192,T13,KR028,Online,1,1780000,4.8,440000
2025-07-04,ORD-2025-005228,P00192,T13,PD022,Online,1,520000,13.8,130000
2025-07-04,ORD-2025-005261,P00955,T01,DK013,Toko,1,1520000,12.3,
2025-07-04,ORD-2025-005305,P00409,T04,PC026,Toko,1,860000,7.3,
2025-07-04,ORD-2025-005305,P00409,T04,DK001,Toko,2,530000,9.2,
2025-07-04,ORD-2025-005340,P01479,T06,DK014,Marketplace,1,890000,9.0,250000
2025-07-04,ORD-2025-005354,P00988,T13,MJ043,Online,1,4010000,0.0,300000
2025-07-04,ORD-2025-005354,P00988,T13,LM038,Online,2,5010000,5.4,290000
2025-07-04,ORD-2025-005354,P00988,T13,PD004,Online,2,1050000,11.7,310000
2025-07-04,ORD-2025-005410,P01949,T06,DK012,Toko,1,960000,6.4,
2025-07-05,ORD-2025-005213,P02860,T05,SF033,Toko,1,9380000,9.8,
2025-07-05,ORD-2025-005242,P02900,T03,PC004,Marketplace,1,1660000,14.2,540000
2025-07-05,ORD-2025-005242,P02900,T03,PD026,Marketplace,1,520000,0.0,190000
2025-07-05,ORD-2025-005303,P02555,T05,DK017,Marketplace,2,1740000,14.6,540000
2025-07-05,ORD-2025-005307,P03472,T07,DK016,Toko,2,730000,0.0,
2025-07-05,ORD-2025-005358,P02473,T13,LM013,Online,1,3180000,11.5,260000
2025-07-05,ORD-2025-005358,P02473,T13,DK014,Online,1,890000,11.4,450000
2025-07-05,ORD-2025-005375,P00262,T13,DK007,Online,3,900000,0.0,160000
2025-07-05,ORD-2025-005474,P02027,T13,LM040,Online,1,9610000,12.6,260000
2025-07-05,ORD-2025-005474,P02027,T13,SF040,Online,2,5750000,7.3,70000
2025-07-05,ORD-2025-005474,P02027,T13,KR016,Online,2,3780000,7.9,270000
2025-07-06,ORD-2025-005279,P00102,T13,PD003,Online,2,1200000,10.8,560000
2025-07-06,ORD-2025-005296,P00397,T13,KS014,Online,2,6440000,17.5,350000
2025-07-06,ORD-2025-005296,P00397,T13,DK017,Online,1,1740000,7.4,260000
2025-07-06,ORD-2025-005297,P02600,T13,MJ036,Online,1,3410000,8.3,400000
2025-07-06,ORD-2025-005297,P02600,T13,MJ013,Online,1,2960000,11.4,540000
2025-07-06,ORD-2025-005323,P00444,T05,DK002,Toko,2,490000,8.4,
2025-07-06,ORD-2025-005445,P03420,T13,PD011,Online,1,750000,7.1,220000
2025-07-06,ORD-2025-005451,P00807,T13,KS032,Online,1,9280000,9.3,470000
2025-07-06,ORD-2025-005451,P00807,T13,KR034,Online,2,2350000,14.8,50000
2025-07-06,ORD-2025-005455,P02683,T13,MJ013,Online,1,2960000,0.0,470000
2025-07-06,ORD-2025-005455,P02683,T13,PD010,Online,2,450000,9.7,170000
2025-07-07,ORD-2025-005205,P01270,T01,PC020,Toko,4,2530000,4.9,
2025-07-07,ORD-2025-005210,P01754,T13,SF042,Online,2,4260000,13.9,380000
2025-07-07,ORD-2025-005217,P02217,T04,PC031,Toko,3,1660000,12.1,
2025-07-07,ORD-2025-005246,,T04,PC003,Toko,2,1200000,0.0,
2025-07-07,ORD-2025-005284,P00743,T05,DK023,Toko,1,770000,5.0,
2025-07-07,ORD-2025-005285,P01338,T03,SF011,Toko,4,4580000,0.0,
2025-07-07,ORD-2025-005285,P01338,T03,PC012,Toko,1,1870000,11.3,
2025-07-07,ORD-2025-005291,P01624,T13,DK014,Online,1,890000,12.6,330000
2025-07-07,ORD-2025-005317,P01691,T13,KR013,Online,1,3330000,0.0,490000
2025-07-07,ORD-2025-005367,P01678,T13,LM024,Online,4,5790000,3.0,370000
2025-07-07,ORD-2025-005367,P01678,T13,DK037,Online,2,540000,0.0,470000
2025-07-07,ORD-2025-005370,P01126,T13,PD026,Online,1,520000,16.8,490000
2025-07-07,ORD-2025-005370,P01126,T13,LM003,Online,1,5440000,7.9,470000
2025-07-07,ORD-2025-005380,P01570,T12,KR042,Toko,1,1850000,14.1,
2025-07-07,ORD-2025-005380,P01570,T12,DK019,Toko,2,860000,7.7,
2025-07-07,ORD-2025-005408,P02251,T04,DK016,Toko,1,730000,8.6,
2025-07-07,ORD-2025-005408,P02251,T04,KR024,Toko,1,3000000,2.4,
2025-07-07,ORD-2025-005418,P00221,T05,KR015,Marketplace,1,2050000,11.8,570000
2025-07-07,ORD-2025-005452,P00056,T05,KR011,Toko,2,1570000,8.9,
2025-07-08,ORD-2025-005177,P03187,T13,PC030,Online,1,1220000,0.0,
2025-07-08,ORD-2025-005180,P02714,T13,LM012,Online,2,7130000,8.6,110000
2025-07-08,ORD-2025-005180,P02714,T13,KR046,Online,1,1210000,9.3,570000
2025-07-08,ORD-2025-005180,P02714,T13,PD014,Online,2,1590000,4.2,570000
2025-07-08,ORD-2025-005186,P01205,T13,MJ024,Online,1,3010000,6.8,220000
2025-07-08,ORD-2025-005186,P01205,T13,PD007,Online,1,770000,8.5,430000
2025-07-08,ORD-2025-005186,P01205,T13,PD023,Online,1,1090000,0.0,320000
2025-07-08,ORD-2025-005248,P00860,T13,KR042,Online,1,1850000,0.0,260000
2025-07-08,ORD-2025-005276,P02055,T13,SF038,Online,1,6260000,4.7,450000
2025-07-08,ORD-2025-005387,,T03,MJ008,Toko,1,3030000,4.5,
2025-07-09,ORD-2025-005178,P00341,T08,DK009,Toko,1,990000,15.1,
2025-07-09,ORD-2025-005221,P01295,T06,PC018,Toko,2,1420000,0.0,
2025-07-09,ORD-2025-005221,P01295,T06,DK032,Toko,1,340000,10.8,
2025-07-09,ORD-2025-005221,P01295,T06,LM028,Toko,3,6300000,17.5,
2025-07-09,ORD-2025-005225,P02155,T04,LM024,Toko,1,5790000,7.3,
2025-07-09,ORD-2025-005233,P02727,T13,MJ024,Online,2,3010000,21.4,590000
2025-07-09,ORD-2025-005320,P02026,T07,KS004,Toko,1,10560000,7.9,
2025-07-09,ORD-2025-005320,P02026,T07,DK021,Toko,2,1010000,9.3,
2025-07-09,ORD-2025-005327,P02605,T13,KR026,Online,1,2860000,14.9,120000
2025-07-09,ORD-2025-005327,P02605,T13,PC005,Online,1,660000,0.0,200000
2025-07-09,ORD-2025-005379,P02868,T13,KR026,Online,1,2860000,8.4,110000
2025-07-09,ORD-2025-005400,P02102,T10,DK021,Toko,1,1010000,11.2,430000
2025-07-09,ORD-2025-005440,P00772,T01,MJ002,Toko,1,3330000,6.2,
2025-07-09,ORD-2025-005440,P00772,T01,SF015,Toko,1,6690000,10.1,
2025-07-09,ORD-2025-005440,P00772,T01,PD004,Toko,2,1050000,7.0,100000
2025-07-10,ORD-2025-005222,P00795,T13,PC017,Online,1,1720000,11.4,450000
2025-07-10,ORD-2025-005222,P00795,T13,PC023,Online,2,1920000,9.1,80000
2025-07-10,ORD-2025-005222,P00795,T13,PC019,Online,1,1840000,10.4,210000
2025-07-10,ORD-2025-005222,P00795,T13,MJ019,Online,4,6140000,9.4,50000
2025-07-10,ORD-2025-005263,P02771,T09,PD012,Toko,1,1500000,4.2,140000
2025-07-10,ORD-2025-005264,,T02,KR016,Toko,1,3780000,6.3,
2025-07-10,ORD-2025-005270,P00877,T13,PC009,Online,1,1490000,11.9,550000
2025-07-10,ORD-2025-005270,P00877,T13,DK017,Online,2,1740000,13.9,280000
2025-07-10,ORD-2025-005314,P00866,T13,DK023,Online,1,770000,12.0,290000
2025-07-10,ORD-2025-005322,P01611,T08,PC003,Toko,1,1200000,6.6,
2025-07-10,ORD-2025-005335,P01924,T02,PC016,Toko,2,1760000,16.6,
2025-07-10,ORD-2025-005335,P01924,T02,MJ025,Toko,1,5470000,14.2,
2025-07-10,ORD-2025-005424,P03066,T08,KS002,Toko,2,6150000,11.6,
2025-07-10,ORD-2025-005424,P03066,T08,DK004,Toko,1,1240000,5.1,
2025-07-10,ORD-2025-005454,P00247,T13,KR038,Online,3,2240000,14.0,510000
2025-07-10,ORD-2025-005467,P00561,T13,PC015,Online,1,1320000,10.3,450000
2025-07-10,ORD-2025-005467,P00561,T13,DK030,Online,2,930000,5.6,370000
2025-07-11,ORD-2025-005195,P01362,T13,PC009,Online,2,1490000,4.7,320000
2025-07-11,ORD-2025-005195,P01362,T13,MJ001,Online,1,2940000,10.4,
2025-07-11,ORD-2025-005243,P02438,T01,PD021,Toko,2,660000,4.5,
2025-07-11,ORD-2025-005245,P01666,T08,PC012,Toko,1,1870000,0.0,
2025-07-11,ORD-2025-005257,P02061,T01,KR037,Marketplace,1,2790000,9.8,510000
2025-07-11,ORD-2025-005260,P02330,T13,DK019,Online,2,860000,5.6,590000
2025-07-11,ORD-2025-005260,P02330,T13,PD018,Online,1,530000,8.6,280000
2025-07-11,ORD-2025-005260,P02330,T13,KR023,Online,1,1270000,14.9,50000
2025-07-11,ORD-2025-005266,P00814,T05,KR027,Toko,1,1770000,3.5,
2025-07-11,ORD-2025-005266,P00814,T05,LM030,Toko,2,5720000,15.1,
2025-07-11,ORD-2025-005271,P02381,T06,KS016,Marketplace,2,26320000,9.4,580000
2025-07-11,ORD-2025-005288,P00814,T03,PC029,Marketplace,1,1900000,2.7,590000
2025-07-11,ORD-2025-005299,P01604,T09,LM037,Marketplace,1,3800000,0.0,430000
2025-07-11,ORD-2025-005308,P01679,T01,DK025,Toko,2,660000,0.0,
2025-07-11,ORD-2025-005308,P01679,T01,MJ030,Toko,1,2670000,16.6,
2025-07-11,ORD-2025-005388,P01983,T06,PD007,Toko,1,770000,15.2,
2025-07-11,ORD-2025-005388,P01983,T06,MJ009,Toko,3,2670000,4.5,
2025-07-11,ORD-2025-005388,P01983,T06,MJ044,Toko,4,6150000,12.5,
2025-07-11,ORD-2025-005397,P03365,T13,DK007,Online,1,900000,11.5,380000
2025-07-11,ORD-2025-005431,P00080,T09,SF024,Toko,1,3520000,9.9,
2025-07-11,ORD-2025-005457,P03273,T05,PC032,Toko,1,470000,0.0,
2025-07-11,ORD-2025-005469,P02285,T08,MJ045,Toko,1,2740000,13.3,
2025-07-12,ORD-2025-005181,P02600,T08,SF008,Marketplace,2,13020000,4.1,170000
2025-07-12,ORD-2025-005238,P01544,T02,KR036,Toko,3,2360000,14.3,
2025-07-12,ORD-2025-005238,P01544,T02,PD021,Toko,1,660000,4.0,
2025-07-12,ORD-2025-005238,P01544,T02,PC002,Toko,2,1740000,9.1,
2025-07-12,ORD-2025-005238,P01544,T02,DK038,Toko,3,530000,13.2,
2025-07-12,ORD-2025-005244,P01294,T07,PD008,Toko,2,970000,5.4,
2025-07-12,ORD-2025-005244,P01294,T07,MJ031,Toko,1,7400000,10.4,
2025-07-12,ORD-2025-005244,P01294,T07,MJ024,Toko,2,3010000,11.5,
2025-07-12,ORD-2025-005250,P00654,T06,DK024,Marketplace,1,930000,0.7,500000
2025-07-12,ORD-2025-005250,P00654,T06,DK007,Marketplace,1,900000,11.9,220000
2025-07-12,ORD-2025-005250,P00654,T06,LM038,Marketplace,1,5010000,11.1,110000
2025-07-12,ORD-2025-005250,P00654,T06,PD025,Marketplace,1,1100000,13.0,140000
2025-07-12,ORD-2025-005275,P02740,T13,DK036,Online,2,510000,12.6,520000
2025-07-12,ORD-2025-005275,P02740,T13,PD016,Online,1,1080000,0.0,520000
2025-07-12,ORD-2025-005304,P01041,T13,DK028,Online,1,730000,14.8,50000
2025-07-12,ORD-2025-005304,P01041,T13,MJ015,Online,1,2920000,10.9,80000
2025-07-12,ORD-2025-005304,P01041,T13,KR043,Online,1,5270000,6.0,100000
2025-07-12,ORD-2025-005325,P01950,T02,KR010,Toko,1,1900000,3.6,
2025-07-12,ORD-2025-005360,P02291,T02,SF038,Marketplace,2,6260000,6.2,100000
2025-07-12,ORD-2025-005373,,T02,DK002,Toko,1,490000,8.8,
2025-07-12,ORD-2025-005373,,T02,MJ020,Toko,1,4520000,7.4,
2025-07-12,ORD-2025-005406,P01956,T06,DK008,Marketplace,1,910000,11.5,590000
2025-07-12,ORD-2025-005406,P01956,T06,MJ008,Marketplace,1,3030000,0.0,300000
2025-07-13,ORD-2025-005232,P00305,T13,KR011,Online,1,1570000,0.0,380000
2025-07-13,ORD-2025-005232,P00305,T13,MJ025,Online,1,5470000,13.3,420000
2025-07-13,ORD-2025-005232,P00305,T13,DK034,Online,2,830000,2.7,340000
2025-07-13,ORD-2025-005232,P00305,T13,MJ043,Online,1,4010000,11.5,500000
2025-07-13,ORD-2025-005234,P01323,T13,SF042,Online,1,4260000,10.6,450000
2025-07-13,ORD-2025-005234,P01323,T13,PC005,Online,3,660000,0.0,330000
2025-07-13,ORD-2025-005241,P01533,T13,MJ012,Online,1,11220000,0.0,130000
2025-07-13,ORD-2025-005241,P01533,T13,KR020,Online,1,1970000,3.1,200000
2025-07-13,ORD-2025-005268,,T04,DK016,Toko,1,730000,0.0,
2025-07-13,ORD-2025-005391,P03171,T13,SF041,Online,1,7920000,16.5,200000
2025-07-13,ORD-2025-005391,P03171,T13,KS003,Online,2,12030000,8.8,590000
2025-07-14,ORD-2025-005197,P02024,T04,MJ008,Toko,3,3030000,5.7,
2025-07-14,ORD-2025-005215,P00482,T13,LM018,Online,1,22510000,11.2,400000
2025-07-14,ORD-2025-005226,P03293,T08,KR015,Toko,1,2050000,7.9,
2025-07-14,ORD-2025-005226,P03293,T08,KS031,Toko,1,4390000,12.4,
2025-07-14,ORD-2025-005230,P01721,T13,MJ036,Online,1,3410000,12.1,480000
2025-07-14,ORD-2025-005239,P01313,T13,LM007,Online,1,4350000,10.5,580000
2025-07-14,ORD-2025-005239,P01313,T13,DK033,Online,2,220000,9.5,90000
2025-07-14,ORD-2025-005249,P00729,T13,KS032,Online,1,9280000,0.0,530000
2025-07-14,ORD-2025-005249,P00729,T13,PD009,Online,1,840000,11.4,430000
2025-07-14,ORD-2025-005249,P00729,T13,PC020,Online,1,2530000,10.9,500000
2025-07-14,ORD-2025-005249,P00729,T13,KR011,Online,2,1570000,8.3,490000
2025-07-14,ORD-2025-005253,,T11,KR002,Toko,1,1500000,11.1,
2025-07-14,ORD-2025-005253,,T11,KR014,Toko,1,3530000,15.5,
2025-07-14,ORD-2025-005265,P00779,T13,KR013,Online,1,3330000,8.3,520000
2025-07-14,ORD-2025-005272,P00031,T13,MJ030,Online,1,2670000,19.0,240000
2025-07-14,ORD-2025-005280,P02302,T13,PC017,Online,1,1720000,11.2,70000
2025-07-14,ORD-2025-005280,P02302,T13,LM005,Online,2,6890000,6.8,470000
2025-07-14,ORD-2025-005280,P02302,T13,SF024,Online,1,3520000,7.6,90000
2025-07-14,ORD-2025-005341,P00830,T13,PC008,Online,1,1830000,8.9,310000
2025-07-14,ORD-2025-005377,P02259,T11,MJ025,Toko,2,5470000,8.3,
2025-07-14,ORD-2025-005395,P03215,T13,KR047,Online,1,4470000,7.0,
2025-07-14,ORD-2025-005409,P01633,T13,PD012,Online,1,1500000,0.0,310000
2025-07-14,ORD-2025-005425,P03196,T10,SF010,Toko,4,18330000,6.4,
2025-07-14,ORD-2025-005476,P00480,T13,DK003,Online,1,420000,10.5,180000
2025-07-15,ORD-2025-005194,P02200,T13,LM018,Online,1,22510000,9.1,440000
2025-07-15,ORD-2025-005194,P02200,T13,DK015,Online,1,1390000,0.0,290000
2025-07-15,ORD-2025-005223,P00515,T13,LM021,Online,2,7550000,6.5,240000
2025-07-15,ORD-2025-005273,P02793,T13,DK031,Online,3,800000,0.0,410000
2025-07-15,ORD-2025-005273,P02793,T13,DK019,Online,1,860000,0.0,540000
2025-07-15,ORD-2025-005289,P00283,T06,DK005,Toko,1,430000,9.5,
2025-07-15,ORD-2025-005309,P00221,T12,DK035,Marketplace,1,400000,13.7,120000
2025-07-15,ORD-2025-005309,P00221,T12,KR025,Marketplace,2,3670000,13.8,120000
2025-07-15,ORD-2025-005312,P02871,T04,LM024,Toko,1,5790000,2.5,
2025-07-15,ORD-2025-005331,P01874,T10,MJ022,Toko,2,4090000,7.1,
2025-07-15,ORD-2025-005384,P00347,T06,MJ021,Toko,4,2560000,11.7,
2025-07-15,ORD-2025-005421,P00542,T13,LM004,Online,2,4320000,14.4,130000
2025-07-15,ORD-2025-005438,P01290,T13,DK001,Online,1,530000,10.2,130000
2025-07-15,ORD-2025-005442,P02633,T01,PD006,Toko,1,970000,14.6,
2025-07-15,ORD-2025-005442,P02633,T01,PD010,Toko,1,450000,5.0,
2025-07-15,ORD-2025-005470,P02512,T12,DK016,Toko,2,730000,13.7,
2025-07-16,ORD-2025-005184,P01511,T13,DK004,Online,1,1240000,10.9,150000
2025-07-16,ORD-2025-005184,P01511,T13,MJ018,Online,1,3700000,11.5,510000
2025-07-16,ORD-2025-005184,P01511,T13,PD014,Online,1,1590000,4.4,170000
2025-07-16,ORD-2025-005200,P03100,T13,PD007,Online,2,770000,9.2,480000
2025-07-16,ORD-2025-005203,P00240,T06,PC005,Marketplace,3,660000,6.2,230000
2025-07-16,ORD-2025-005209,P02459,T12,DK037,Marketplace,2,540000,4.9,510000
2025-07-16,ORD-2025-005214,P01517,T06,DK036,Toko,1,510000,9.4,
2025-07-16,ORD-2025-005214,P01517,T06,PC023,Toko,1,1920000,5.7,
2025-07-16,ORD-2025-005251,P01870,T13,MJ010,Online,1,3850000,10.9,
2025-07-17,ORD-2025-005196,P00849,T02,KR044,Marketplace,1,2280000,7.9,50000
2025-07-17,ORD-2025-005196,P00849,T02,LM017,Marketplace,1,16390000,5.4,150000
2025-07-17,ORD-2025-005235,P01584,T13,PD017,Online,1,2370000,6.3,160000
2025-07-17,ORD-2025-005274,P00442,T12,PD020,Toko,1,920000,5.0,
2025-07-17,ORD-2025-005274,P00442,T12,PD025,Toko,2,1100000,7.5,
2025-07-17,ORD-2025-005287,P02184,T05,KR004,Toko,3,1790000,11.5,
2025-07-17,ORD-2025-005302,P02483,T11,DK040,Toko,1,1260000,12.3,
2025-07-17,ORD-2025-005302,P02483,T11,MJ018,Toko,1,3700000,11.7,
2025-07-17,ORD-2025-005302,P02483,T11,PC003,Toko,1,1200000,17.3,
2025-07-17,ORD-2025-005302,P02483,T11,KS011,Toko,1,17850000,5.2,
2025-07-17,ORD-2025-005344,P01805,T12,DK014,Toko,2,890000,10.1,170000
2025-07-17,ORD-2025-005344,P01805,T12,DK016,Toko,1,730000,0.0,
2025-07-17,ORD-2025-005428,P02513,T13,SF037,Online,3,10360000,5.6,340000
2025-07-17,ORD-2025-005432,P01607,T06,PC030,Toko,2,1220000,23.0,
2025-07-17,ORD-2025-005432,P01607,T06,SF028,Toko,1,6980000,14.8,
2025-07-17,ORD-2025-005432,P01607,T06,MJ014,Toko,1,4970000,12.7,
2025-07-17,ORD-2025-005461,P00200,T07,PD008,Toko,2,970000,12.1,
2025-07-17,ORD-2025-005464,P02181,T13,LM012,Online,1,7130000,10.0,250000
2025-07-17,ORD-2025-005465,P00603,T09,MJ009,Toko,1,2670000,0.0,
2025-07-17,ORD-2025-005465,P00603,T09,KR011,Toko,1,1570000,12.1,
2025-07-18,ORD-2025-005201,P00975,T10,MJ007,Toko,1,5590000,6.8,
2025-07-18,ORD-2025-005295,P00964,T13,SF017,Online,1,8850000,4.9,160000
2025-07-18,ORD-2025-005295,P00964,T13,MJ038,Online,1,5030000,0.0,490000
2025-07-18,ORD-2025-005295,P00964,T13,DK001,Online,1,530000,10.1,440000
2025-07-18,ORD-2025-005310,P00418,T13,MJ009,Online,1,2670000,2.2,220000
2025-07-18,ORD-2025-005310,P00418,T13,PD020,Online,3,920000,7.2,380000
2025-07-18,ORD-2025-005371,P02605,T05,DK042,Toko,1,1280000,9.0,
2025-07-18,ORD-2025-005385,P03368,T06,KR026,Toko,1,2860000,4.7,
2025-07-18,ORD-2025-005385,P03368,T06,PC007,Toko,1,1510000,10.9,
2025-07-18,ORD-2025-005385,P03368,T06,SF007,Toko,1,10370000,11.0,
2025-07-18,ORD-2025-005413,P03397,T02,SF026,Toko,1,5850000,9.7,
2025-07-18,ORD-2025-005413,P03397,T02,MJ040,Toko,3,4110000,8.6,
2025-07-19,ORD-2025-005176,P00345,T03,LM030,Toko,1,5720000,10.4,
2025-07-19,ORD-2025-005198,P02135,T08,MJ002,Toko,1,3330000,6.5,
2025-07-19,ORD-2025-005198,P02135,T08,DK026,Toko,2,1170000,10.0,150000
2025-07-19,ORD-2025-005348,P01674,T13,KR018,Online,1,1090000,11.3,
2025-07-19,ORD-2025-005353,P00281,T13,PC002,Online,1,1740000,5.5,510000
2025-07-19,ORD-2025-005381,P02145,T12,SF037,Toko,1,10360000,3.3,
2025-07-19,ORD-2025-005381,P02145,T12,MJ031,Toko,1,7400000,10.0,330000
2025-07-19,ORD-2025-005381,P02145,T12,PC032,Toko,1,470000,13.2,
2025-07-19,ORD-2025-005394,P02968,T13,SF035,Online,1,5970000,6.9,450000
2025-07-19,ORD-2025-005449,P03091,T02,KR004,Toko,1,1790000,12.4,
2025-07-19,ORD-2025-005449,P03091,T02,PC029,Toko,1,1900000,7.7,
2025-07-19,ORD-2025-005459,P00246,T05,DK037,Toko,1,540000,8.0,
2025-07-19,ORD-2025-005459,P00246,T05,PC003,Toko,4,1200000,7.8,
2025-07-19,ORD-2025-005459,P00246,T05,KS024,Toko,2,13500000,12.5,
2025-07-19,ORD-2025-005459,P00246,T05,KR011,Toko,1,1570000,9.9,
2025-07-20,ORD-2025-005220,P02943,T04,KS026,Toko,1,6770000,14.3,
2025-07-20,ORD-2025-005220,P02943,T04,KS015,Toko,2,7280000,0.0,
2025-07-20,ORD-2025-005231,P03467,T07,LM009,Toko,1,2210000,6.7,
2025-07-20,ORD-2025-005231,P03467,T07,LM038,Toko,1,5010000,6.8,
2025-07-20,ORD-2025-005237,P01101,T13,PD006,Online,1,970000,14.1,60000
2025-07-20,ORD-2025-005350,P01866,T01,PC006,Toko,1,1850000,5.9,
2025-07-20,ORD-2025-005363,P03401,T02,PC014,Marketplace,1,1800000,14.8,80000
2025-07-20,ORD-2025-005404,P03096,T05,PC027,Toko,2,3210000,21.0,
2025-07-20,ORD-2025-005404,P03096,T05,DK015,Toko,1,1390000,0.0,270000
2025-07-20,ORD-2025-005450,P00021,T13,PC001,Online,2,1430000,14.4,590000
2025-07-20,ORD-2025-005450,P00021,T13,MJ021,Online,1,2560000,6.6,380000
2025-07-20,ORD-2025-005468,,T01,DK026,Toko,1,1170000,0.0,
2025-07-20,ORD-2025-005468,,T01,DK034,Toko,1,830000,2.3,
2025-07-21,ORD-2025-005187,P01067,T13,KR006,Online,1,3040000,10.4,390000
2025-07-21,ORD-2025-005187,P01067,T13,LM033,Online,1,6100000,13.5,160000
2025-07-21,ORD-2025-005187,P01067,T13,MJ027,Online,2,3790000,0.0,200000
2025-07-21,ORD-2025-005187,P01067,T13,KS019,Online,3,7170000,7.1,530000
2025-07-21,ORD-2025-005188,P02384,T13,KR009,Online,1,3260000,10.5,310000
2025-07-21,ORD-2025-005218,P03371,T13,PC029,Online,1,1900000,0.0,320000
2025-07-21,ORD-2025-005256,P02476,T13,DK039,Online,1,870000,11.2,440000
2025-07-21,ORD-2025-005267,P02911,T01,PC022,Marketplace,1,3000000,18.4,140000
2025-07-21,ORD-2025-005267,P02911,T01,KS028,Marketplace,1,7780000,0.0,590000
2025-07-21,ORD-2025-005301,P00893,T09,DK031,Toko,2,800000,0.0,
2025-07-21,ORD-2025-005315,P02063,T13,KR003,Online,1,1440000,0.0,50000
2025-07-21,ORD-2025-005315,P02063,T13,KR009,Online,1,3260000,7.7,590000
2025-07-21,ORD-2025-005319,P02913,T13,KR044,Online,1,2280000,13.8,270000
2025-07-21,ORD-2025-005372,P00677,T13,MJ045,Online,1,2740000,2.9,240000
2025-07-21,ORD-2025-005372,P00677,T13,KS028,Online,1,7780000,4.3,250000
2025-07-21,ORD-2025-005441,P00232,T07,DK008,Toko,1,910000,10.9,
2025-07-21,ORD-2025-005448,P01210,T06,MJ017,Marketplace,2,3280000,11.6,420000
2025-07-21,ORD-2025-005462,P03271,T13,KR008,Online,1,2800000,16.5,140000
2025-07-21,ORD-2025-005462,P03271,T13,KR026,Online,2,2860000,17.6,250000
2025-07-21,ORD-2025-005466,P00015,T05,DK003,Toko,1,420000,11.6,
2025-07-22,ORD-2025-005191,P01344,T13,PC016,Online,2,1760000,10.3,570000
2025-07-22,ORD-2025-005216,P00676,T09,DK005,Toko,1,430000,15.1,
2025-07-22,ORD-2025-005216,P00676,T09,MJ029,Toko,2,2890000,9.4,
2025-07-22,ORD-2025-005216,P00676,T09,MJ025,Toko,2,5470000,6.1,
2025-07-22,ORD-2025-005252,P02863,T13,DK020,Online,1,690000,3.0,420000
2025-07-22,ORD-2025-005252,P02863,T13,KS024,Online,1,13500000,9.7,150000
2025-07-22,ORD-2025-005252,P02863,T13,DK033,Online,1,220000,0.0,390000
2025-07-22,ORD-2025-005252,P02863,T13,KR006,Online,1,3040000,6.1,190000
2025-07-22,ORD-2025-005286,P03107,T13,KR046,Online,4,1210000,0.0,230000
2025-07-22,ORD-2025-005286,P03107,T13,PC005,Online,1,660000,0.0,270000
2025-07-22,ORD-2025-005313,P01494,T04,PC015,Toko,1,1320000,12.6,
2025-07-22,ORD-2025-005313,P01494,T04,MJ029,Toko,1,2890000,10.3,
2025-07-22,ORD-2025-005321,P00498,T13,DK042,Online,1,1280000,4.1,260000
2025-07-22,ORD-2025-005336,P02568,T13,PD007,Online,1,770000,11.7,240000
2025-07-22,ORD-2025-005342,P01419,T13,DK030,Online,1,930000,14.3,160000
2025-07-22,ORD-2025-005403,P00099,T13,LM019,Online,2,5540000,0.0,140000
2025-07-22,ORD-2025-005403,P00099,T13,KR045,Online,1,3000000,0.0,290000
2025-07-22,ORD-2025-005403,P00099,T13,PD007,Online,2,770000,10.7,110000
2025-07-22,ORD-2025-005415,P01295,T13,DK005,Online,2,430000,8.9,210000
2025-07-22,ORD-2025-005415,P01295,T13,KR008,Online,1,2800000,15.8,250000
2025-07-22,ORD-2025-005415,P01295,T13,KS005,Online,1,13120000,11.1,120000
2025-07-22,ORD-2025-005429,P01693,T01,KR024,Toko,1,3000000,12.2,
2025-07-22,ORD-2025-005429,P01693,T01,MJ018,Toko,1,3700000,18.7,
2025-07-22,ORD-2025-005443,P03124,T07,SF029,Toko,1,7520000,14.9,
2025-07-23,ORD-2025-005278,P01792,T05,KR046,Toko,2,1210000,7.6,
2025-07-23,ORD-2025-005278,P01792,T05,MJ043,Toko,1,4010000,14.3,
2025-07-23,ORD-2025-005282,P02228,T02,DK022,Toko,2,550000,0.0,
2025-07-23,ORD-2025-005282,P02228,T02,PD004,Toko,3,1050000,10.0,
2025-07-23,ORD-2025-005316,P01000,T13,SF034,Online,1,13040000,0.0,480000
2025-07-23,ORD-2025-005316,P01000,T13,MJ007,Online,1,5590000,0.0,420000
2025-07-23,ORD-2025-005378,P03272,T09,PC010,Marketplace,4,1240000,9.5,280000
2025-07-23,ORD-2025-005396,P02909,T04,KS003,Toko,1,12030000,14.9,
2025-07-23,ORD-2025-005414,P01958,T13,PD020,Online,3,920000,9.1,430000
2025-07-23,ORD-2025-005423,P02615,T06,DK006,Toko,1,2070000,0.0,
2025-07-23,ORD-2025-005423,P02615,T06,LM034,Toko,1,5930000,14.3,
2025-07-23,ORD-2025-005456,P00835,T06,PD004,Toko,1,1050000,19.7,
2025-07-23,ORD-2025-005456,P00835,T06,PD024,Toko,1,1130000,11.9,
2025-07-23,ORD-2025-005458,P00648,T07,KR003,Toko,1,1440000,10.1,
2025-07-23,ORD-2025-005458,P00648,T07,PD004,Toko,1,1050000,10.2,
2025-07-23,ORD-2025-005458,P00648,T07,PD006,Toko,1,970000,5.3,
2025-07-23,ORD-2025-005473,P00793,T06,PD015,Marketplace,1,750000,4.6,320000
2025-07-23,ORD-2025-005473,P00793,T06,LM010,Marketplace,1,7760000,10.9,240000
2025-07-24,ORD-2025-005185,P03382,T13,MJ041,Online,2,2240000,8.9,510000
2025-07-24,ORD-2025-005185,P03382,T13,SF003,Online,1,12490000,2.6,90000
2025-07-24,ORD-2025-005185,P03382,T13,PD018,Online,1,530000,3.6,560000
2025-07-24,ORD-2025-005185,P03382,T13,DK020,Online,1,690000,13.0,400000
2025-07-24,ORD-2025-005247,P00937,T01,PC010,Toko,1,1240000,0.0,
2025-07-24,ORD-2025-005254,P03054,T13,PC007,Online,1,1510000,7.8,410000
2025-07-24,ORD-2025-005283,P02427,T04,DK028,Toko,1,730000,8.5,
2025-07-24,ORD-2025-005318,P03308,T13,DK021,Online,1,1010000,0.0,170000
2025-07-24,ORD-2025-005318,P03308,T13,KS002,Online,1,6150000,11.2,590000
2025-07-24,ORD-2025-005318,P03308,T13,DK005,Online,1,430000,4.3,560000
2025-07-24,ORD-2025-005318,P03308,T13,SF012,Online,1,7980000,14.3,
2025-07-24,ORD-2025-005326,P02586,T13,LM033,Online,3,6100000,13.7,260000
2025-07-24,ORD-2025-005330,P01992,T06,LM036,Toko,1,4150000,0.0,
2025-07-24,ORD-2025-005355,P01373,T05,KR014,Toko,2,3530000,9.4,
2025-07-25,ORD-2025-005211,P00119,T06,DK032,Marketplace,3,340000,7.0,180000
2025-07-25,ORD-2025-005211,P00119,T06,DK002,Marketplace,1,490000,15.0,210000
2025-07-25,ORD-2025-005211,P00119,T06,DK018,Marketplace,1,1000000,13.8,240000
2025-07-25,ORD-2025-005211,P00119,T06,PC014,Marketplace,1,1800000,10.6,270000
2025-07-25,ORD-2025-005255,P03475,T09,PD022,Toko,1,520000,16.9,
2025-07-25,ORD-2025-005255,P03475,T09,PD020,Toko,1,920000,16.0,
2025-07-25,ORD-2025-005255,P03475,T09,PC016,Toko,1,1760000,12.0,
2025-07-25,ORD-2025-005382,P00326,T10,DK034,Toko,1,830000,16.7,
2025-07-25,ORD-2025-005382,P00326,T10,PD024,Toko,1,1130000,0.0,
2025-07-25,ORD-2025-005383,P01839,T02,PD015,Toko,2,750000,3.8,
2025-07-25,ORD-2025-005399,P03264,T03,PC025,Toko,1,1800000,13.5,
2025-07-25,ORD-2025-005399,P03264,T03,DK037,Toko,1,540000,14.7,
2025-07-25,ORD-2025-005434,P00556,T11,DK016,Toko,2,730000,12.0,
2025-07-25,ORD-2025-005434,P00556,T11,PC013,Toko,2,1410000,19.4,
2025-07-25,ORD-2025-005434,P00556,T11,KR008,Toko,1,2800000,0.0,
2025-07-25,ORD-2025-005472,P01946,T05,DK024,Toko,1,930000,12.2,
2025-07-25,ORD-2025-005472,P01946,T05,PD016,Toko,1,1080000,0.0,
2025-07-25,ORD-2025-005475,P02346,T11,MJ046,Toko,1,2600000,3.3,
2025-07-25,ORD-2025-005475,P02346,T11,MJ024,Toko,1,3010000,10.4,
2025-07-25,ORD-2025-005477,P01375,T03,DK001,Toko,1,530000,8.1,
2025-07-26,ORD-2025-005269,P00064,T13,PC032,Online,1,470000,13.2,270000
2025-07-26,ORD-2025-005269,P00064,T13,DK024,Online,1,930000,10.1,520000
2025-07-26,ORD-2025-005277,P00577,T11,MJ041,Toko,1,2240000,6.0,
2025-07-26,ORD-2025-005328,P00047,T13,DK032,Online,1,340000,3.7,80000
2025-07-26,ORD-2025-005334,P00505,T13,PD006,Online,1,970000,3.9,450000
2025-07-26,ORD-2025-005339,P02631,T03,KS024,Marketplace,2,13500000,11.3,480000
2025-07-26,ORD-2025-005407,P00694,T07,PD002,Toko,1,1150000,15.0,
2025-07-26,ORD-2025-005412,P01664,T07,DK025,Toko,1,660000,5.8,
2025-07-26,ORD-2025-005412,P01664,T07,PD026,Toko,3,520000,11.2,
2025-07-26,ORD-2025-005412,P01664,T07,MJ019,Toko,1,6140000,5.7,
2025-07-26,ORD-2025-005422,P01170,T13,PD020,Online,1,920000,12.1,170000
2025-07-26,ORD-2025-005422,P01170,T13,KR006,Online,3,3040000,15.9,230000
2025-07-26,ORD-2025-005422,P01170,T13,KS034,Online,1,6400000,16.7,440000
2025-07-26,ORD-2025-005426,P02590,T07,LM016,Toko,1,16110000,12.5,
2025-07-26,ORD-2025-005446,P02647,T13,DK004,Online,2,1240000,7.6,50000
2025-07-26,ORD-2025-005446,P02647,T13,PC008,Online,3,1830000,12.8,310000
2025-07-26,ORD-2025-005453,P00206,T09,KR041,Marketplace,1,1620000,15.0,300000
2025-07-26,ORD-2025-005453,P00206,T09,DK012,Marketplace,3,960000,9.8,370000
2025-07-26,ORD-2025-005453,P00206,T09,LM002,Marketplace,1,5960000,11.2,390000
2025-07-27,ORD-2025-005190,P02992,T13,PD017,Online,1,2370000,6.2,250000
2025-07-27,ORD-2025-005190,P02992,T13,DK028,Online,1,730000,13.9,480000
2025-07-27,ORD-2025-005192,P01254,T07,DK039,Toko,1,870000,13.7,
2025-07-27,ORD-2025-005333,P02677,T02,DK027,Toko,1,630000,5.8,
2025-07-27,ORD-2025-005333,P02677,T02,MJ042,Toko,1,10940000,0.0,
2025-07-27,ORD-2025-005333,P02677,T02,PD013,Toko,1,1030000,12.0,
2025-07-27,ORD-2025-005333,P02677,T02,MJ019,Toko,2,6140000,8.6,
2025-07-27,ORD-2025-005376,P00041,T01,MJ006,Toko,1,4050000,10.2,
2025-07-27,ORD-2025-005386,P00609,T01,MJ045,Toko,1,2740000,13.4,
2025-07-27,ORD-2025-005386,P00609,T01,DK014,Toko,1,890000,11.5,
2025-07-27,ORD-2025-005390,P00359,T03,KR045,Toko,2,3000000,13.8,
2025-07-27,ORD-2025-005420,P02053,T13,LM014,Online,1,4520000,7.5,70000
2025-07-27,ORD-2025-005420,P02053,T13,KR022,Online,1,2200000,9.6,410000
2025-07-27,ORD-2025-005420,P02053,T13,DK028,Online,1,730000,0.0,550000
2025-07-27,ORD-2025-005420,P02053,T13,PD018,Online,1,530000,0.0,160000
2025-07-27,ORD-2025-005433,P03172,T13,MJ024,Online,1,3010000,12.5,130000
2025-07-27,ORD-2025-005435,P00976,T13,KS033,Online,1,13600000,5.3,180000
2025-07-27,ORD-2025-005437,P00472,T05,DK029,Toko,1,500000,5.9,210000
2025-07-27,ORD-2025-005463,P02419,T13,KR026,Online,1,2860000,12.6,240000
2025-07-28,ORD-2025-005183,P03131,T09,DK043,Toko,1,760000,9.4,320000
2025-07-28,ORD-2025-005189,,T02,PC006,Toko,1,1850000,21.1,
2025-07-28,ORD-2025-005189,,T02,SF030,Toko,3,5980000,7.4,
2025-07-28,ORD-2025-005306,P02133,T05,MJ022,Toko,1,4090000,10.1,
2025-07-28,ORD-2025-005338,P02983,T06,DK020,Marketplace,3,690000,15.3,110000
2025-07-28,ORD-2025-005338,P02983,T06,LM004,Marketplace,1,4320000,8.6,140000
2025-07-28,ORD-2025-005356,P01642,T11,DK018,Toko,1,1000000,9.2,
2025-07-28,ORD-2025-005356,P01642,T11,KR020,Toko,1,1970000,9.0,
2025-07-28,ORD-2025-005392,P00212,T12,KS007,Marketplace,1,6100000,7.9,50000
2025-07-28,ORD-2025-005471,P01440,T13,LM004,Online,1,4320000,8.9,360000
2025-07-28,ORD-2025-005471,P01440,T13,PC010,Online,1,1240000,6.2,200000
2025-07-28,ORD-2025-005471,P01440,T13,KS015,Online,1,7280000,0.0,140000
2025-07-28,ORD-2025-005471,P01440,T13,KS021,Online,1,8510000,8.1,410000
2025-07-28,ORD-2025-005480,P03279,T10,MJ045,Toko,1,2740000,8.3,
2025-07-28,ORD-2025-005480,P03279,T10,KR015,Toko,2,2050000,2.1,
2025-07-29,ORD-2025-005179,P00739,T11,DK026,Marketplace,1,1170000,13.0,420000
2025-07-29,ORD-2025-005179,P00739,T11,KR008,Marketplace,1,2800000,4.1,350000
2025-07-29,ORD-2025-005204,P02257,T13,DK014,Online,1,890000,11.3,520000
2025-07-29,ORD-2025-005204,P02257,T13,MJ001,Online,1,2940000,10.4,60000
2025-07-29,ORD-2025-005204,P02257,T13,DK041,Online,2,2550000,0.0,240000
2025-07-29,ORD-2025-005219,P02732,T06,MJ024,Toko,1,3010000,16.2,
2025-07-29,ORD-2025-005262,P00602,T13,KR040,Online,1,2380000,9.6,260000
2025-07-29,ORD-2025-005262,P00602,T13,DK016,Online,2,730000,0.5,190000
2025-07-29,ORD-2025-005262,P00602,T13,KS030,Online,1,3860000,9.2,190000
2025-07-29,ORD-2025-005262,P00602,T13,PD009,Online,2,840000,0.0,130000
2025-07-29,ORD-2025-005311,P01260,T05,PC026,Toko,1,860000,5.6,
2025-07-29,ORD-2025-005345,P03374,T12,PC002,Marketplace,2,1740000,1.8,340000
2025-07-29,ORD-2025-005345,P03374,T12,KS011,Marketplace,1,17850000,15.3,570000
2025-07-29,ORD-2025-005357,P00956,T09,MJ020,Toko,1,4520000,11.1,
2025-07-29,ORD-2025-005398,P01086,T02,LM002,Toko,1,5960000,8.5,
2025-07-29,ORD-2025-005398,P01086,T02,MJ026,Toko,1,3480000,7.8,
2025-07-29,ORD-2025-005398,P01086,T02,DK029,Toko,1,500000,13.7,
2025-07-29,ORD-2025-005401,P02636,T07,MJ023,Toko,1,8100000,2.7,
2025-07-29,ORD-2025-005401,P02636,T07,PD026,Toko,2,520000,13.4,
2025-07-29,ORD-2025-005436,P02249,T10,DK004,Marketplace,1,1240000,0.0,510000
2025-07-29,ORD-2025-005478,P01178,T13,PC028,Online,1,2190000,0.0,130000
2025-07-29,ORD-2025-005478,P01178,T13,DK016,Online,1,730000,0.0,320000
2025-07-29,ORD-2025-005478,P01178,T13,DK032,Online,1,340000,9.8,280000
2025-07-30,ORD-2025-005182,P03363,T04,SF033,Toko,1,9380000,17.6,
2025-07-30,ORD-2025-005182,P03363,T04,DK014,Toko,1,890000,7.7,
2025-07-30,ORD-2025-005224,P01098,T07,KR034,Marketplace,1,2350000,24.5,540000
2025-07-30,ORD-2025-005298,P00556,T04,DK003,Toko,1,420000,5.8,
2025-07-30,ORD-2025-005298,P00556,T04,PC014,Toko,1,1800000,7.6,
2025-07-30,ORD-2025-005329,P00493,T05,PC023,Toko,3,1920000,11.0,
2025-07-30,ORD-2025-005329,P00493,T05,MJ012,Toko,2,11220000,9.7,190000
2025-07-30,ORD-2025-005347,P03161,T13,PC010,Online,1,1240000,6.4,200000
2025-07-30,ORD-2025-005352,P01583,T13,PC016,Online,1,1760000,12.4,280000
2025-07-30,ORD-2025-005374,P00089,T05,DK038,Toko,1,530000,10.9,150000
2025-07-30,ORD-2025-005374,P00089,T05,SF009,Toko,1,11780000,0.0,
2025-07-30,ORD-2025-005402,P02855,T10,KS015,Marketplace,2,7280000,10.1,220000
2025-07-30,ORD-2025-005402,P02855,T10,PC018,Marketplace,1,1420000,2.8,580000
2025-07-30,ORD-2025-005402,P02855,T10,PC007,Marketplace,1,1510000,6.0,70000
2025-07-30,ORD-2025-005411,P00009,T09,PD017,Toko,1,2370000,6.9,
2025-07-30,ORD-2025-005479,P02149,T07,PD022,Toko,2,520000,4.5,380000
2025-07-30,ORD-2025-005479,P02149,T07,MJ028,Toko,2,10280000,0.0,
2025-07-31,ORD-2025-005259,P00571,T06,PC032,Marketplace,1,470000,0.0,60000
2025-07-31,ORD-2025-005324,P00473,T09,DK008,Marketplace,2,910000,4.1,220000
2025-07-31,ORD-2025-005349,P00155,T13,LM010,Online,1,7760000,11.0,560000
2025-07-31,ORD-2025-005362,P00090,T09,PD005,Toko,2,390000,9.8,
2025-07-31,ORD-2025-005405,P00409,T09,PC013,Marketplace,1,1410000,11.3,160000
2025-07-31,ORD-2025-005439,P03261,T13,DK030,Online,2,930000,11.4,120000
2025-08-01,ORD-2025-005503,P01654,T13,DK033,Online,1,220000,13.3,
2025-08-01,ORD-2025-005533,P00527,T06,KR003,Marketplace,1,1440000,11.2,160000
2025-08-01,ORD-2025-005636,P03318,T06,KR040,Marketplace,1,2380000,6.7,510000
2025-08-01,ORD-2025-005646,P02209,T13,DK038,Online,1,530000,12.2,250000
2025-08-01,ORD-2025-005659,P01229,T10,PD008,Toko,2,970000,14.4,
2025-08-01,ORD-2025-005711,P02431,T11,SF011,Toko,1,4580000,11.0,200000
2025-08-01,ORD-2025-005739,P00065,T13,SF011,Online,1,4580000,10.0,180000
2025-08-01,ORD-2025-005743,P02225,T13,SF011,Online,1,4580000,0.0,490000
2025-08-02,ORD-2025-005500,P02143,T13,DK020,Online,3,690000,0.0,490000
2025-08-02,ORD-2025-005500,P02143,T13,PD020,Online,1,920000,11.1,390000
2025-08-02,ORD-2025-005649,P03090,T13,DK027,Online,1,630000,13.2,60000
2025-08-02,ORD-2025-005649,P03090,T13,KR026,Online,2,2860000,0.0,430000
2025-08-02,ORD-2025-005653,P02454,T01,MJ016,Toko,2,7350000,19.6,
2025-08-02,ORD-2025-005656,P00906,T13,KR012,Online,1,2460000,0.0,310000
2025-08-02,ORD-2025-005734,P03349,T13,PC027,Online,2,3210000,2.8,270000
2025-08-02,ORD-2025-005734,P03349,T13,DK043,Online,2,760000,9.8,260000
2025-08-02,ORD-2025-005749,P02963,T12,MJ032,Marketplace,2,5400000,0.0,420000
2025-08-03,ORD-2025-005487,P00294,T04,KR033,Toko,1,3030000,17.7,
2025-08-03,ORD-2025-005487,P00294,T04,MJ031,Toko,1,7400000,12.6,
2025-08-03,ORD-2025-005491,P01806,T06,PC031,Toko,1,1660000,11.1,
2025-08-03,ORD-2025-005491,P01806,T06,SF020,Toko,2,9700000,0.0,370000
2025-08-03,ORD-2025-005491,P01806,T06,LM009,Toko,4,2210000,10.6,
2025-08-03,ORD-2025-005491,P01806,T06,LM025,Toko,1,9570000,11.0,380000
2025-08-03,ORD-2025-005494,P01234,T09,KR020,Marketplace,1,1970000,6.3,90000
2025-08-03,ORD-2025-005494,P01234,T09,KR009,Marketplace,1,3260000,12.6,180000
2025-08-03,ORD-2025-005494,P01234,T09,KS026,Marketplace,1,6770000,13.4,200000
2025-08-03,ORD-2025-005494,P01234,T09,KR043,Marketplace,1,5270000,7.4,310000
2025-08-03,ORD-2025-005525,P03028,T05,PD005,Marketplace,1,390000,0.0,
2025-08-03,ORD-2025-005549,P03411,T13,PD010,Online,1,450000,9.7,430000
2025-08-03,ORD-2025-005549,P03411,T13,DK018,Online,2,1000000,18.3,230000
2025-08-03,ORD-2025-005561,P02525,T13,MJ035,Online,1,5190000,7.1,210000
2025-08-03,ORD-2025-005565,P01987,T13,KR015,Online,1,2050000,16.1,300000
2025-08-03,ORD-2025-005584,P02067,T13,SF008,Online,1,13020000,6.5,430000
2025-08-03,ORD-2025-005603,P00849,T13,MJ013,Online,1,2960000,6.4,590000
2025-08-03,ORD-2025-005623,P01982,T02,KS003,Toko,1,12030000,13.7,
2025-08-03,ORD-2025-005628,P02529,T13,LM006,Online,4,13730000,7.4,260000
2025-08-03,ORD-2025-005629,P02744,T10,DK005,Marketplace,1,430000,8.4,550000
2025-08-03,ORD-2025-005629,P02744,T10,MJ029,Marketplace,2,2890000,3.0,200000
2025-08-03,ORD-2025-005634,P00981,T13,SF042,Online,1,4260000,13.6,340000
2025-08-03,ORD-2025-005635,P00915,T05,KS014,Toko,2,6440000,9.2,
2025-08-03,ORD-2025-005635,P00915,T05,DK018,Toko,1,1000000,5.6,
2025-08-03,ORD-2025-005635,P00915,T05,DK023,Toko,1,770000,11.0,
2025-08-03,ORD-2025-005638,P01511,T13,MJ019,Online,1,6140000,3.6,150000
2025-08-03,ORD-2025-005640,P01989,T13,DK035,Online,1,400000,8.5,120000
2025-08-03,ORD-2025-005670,P02207,T05,DK030,Marketplace,1,930000,12.6,580000
2025-08-03,ORD-2025-005670,P02207,T05,DK016,Marketplace,1,730000,5.6,190000
2025-08-03,ORD-2025-005670,P02207,T05,SF012,Marketplace,1,7980000,10.5,50000
2025-08-03,ORD-2025-005680,P02887,T03,DK037,Marketplace,1,540000,16.9,370000
2025-08-03,ORD-2025-005687,P01627,T13,DK040,Online,1,1260000,0.0,250000
2025-08-03,ORD-2025-005695,P00018,T13,PC029,Online,1,1900000,8.7,470000
2025-08-03,ORD-2025-005695,P00018,T13,KR027,Online,2,1770000,3.7,300000
2025-08-03,ORD-2025-005760,P01522,T13,KR015,Online,1,2050000,8.5,210000
2025-08-03,ORD-2025-005760,P01522,T13,LM036,Online,2,4150000,11.0,210000
2025-08-04,ORD-2025-005527,P00055,T13,KR032,Online,2,2340000,10.5,50000
2025-08-04,ORD-2025-005560,P01197,T04,MJ011,Toko,1,6920000,11.1,
2025-08-04,ORD-2025-005617,P02253,T06,MJ040,Marketplace,1,4110000,0.0,300000
2025-08-04,ORD-2025-005648,P02014,T12,PC004,Marketplace,1,1660000,16.3,400000
2025-08-04,ORD-2025-005648,P02014,T12,DK010,Marketplace,1,690000,0.0,80000
2025-08-04,ORD-2025-005673,P02927,T11,DK036,Toko,2,510000,11.9,
2025-08-04,ORD-2025-005673,P02927,T11,KS022,Toko,1,13060000,11.8,
2025-08-04,ORD-2025-005693,P01455,T09,DK007,Toko,1,900000,10.8,
2025-08-04,ORD-2025-005702,P03340,T04,SF013,Toko,1,16570000,2.3,
2025-08-04,ORD-2025-005719,P03347,T13,PC026,Online,1,860000,10.0,100000
2025-08-04,ORD-2025-005719,P03347,T13,PD018,Online,1,530000,9.4,540000
2025-08-04,ORD-2025-005744,P00628,T02,LM004,Toko,1,4320000,0.0,
2025-08-04,ORD-2025-005744,P00628,T02,KR021,Toko,1,2670000,0.0,
2025-08-04,ORD-2025-005753,P02596,T13,KS007,Online,1,6100000,6.9,170000
2025-08-04,ORD-2025-005755,P02451,T13,PC013,Online,1,1410000,9.7,390000
2025-08-05,ORD-2025-005568,P02401,T12,DK006,Toko,3,2070000,2.4,
2025-08-05,ORD-2025-005571,P02300,T05,SF022,Toko,1,7310000,0.0,
2025-08-05,ORD-2025-005571,P02300,T05,MJ039,Toko,1,6590000,12.5,
2025-08-05,ORD-2025-005571,P02300,T05,DK027,Toko,1,630000,9.7,
2025-08-05,ORD-2025-005573,P02013,T13,PD018,Online,2,530000,16.0,130000
2025-08-05,ORD-2025-005573,P02013,T13,DK006,Online,1,2070000,8.2,90000
2025-08-05,ORD-2025-005573,P02013,T13,DK012,Online,1,960000,7.6,130000
2025-08-05,ORD-2025-005587,P00438,T13,SF011,Online,1,4580000,6.9,310000
2025-08-05,ORD-2025-005587,P00438,T13,MJ030,Online,1,2670000,11.5,470000
2025-08-05,ORD-2025-005614,P01724,T13,KS003,Online,1,12030000,9.2,500000
2025-08-05,ORD-2025-005621,P01493,T01,PC003,Marketplace,1,1200000,8.6,140000
2025-08-05,ORD-2025-005621,P01493,T01,DK030,Marketplace,2,930000,11.1,120000
2025-08-05,ORD-2025-005667,P00101,T13,DK033,Online,2,220000,10.8,340000
2025-08-05,ORD-2025-005701,P02046,T08,PC004,Marketplace,2,1660000,0.0,250000
2025-08-05,ORD-2025-005701,P02046,T08,SF032,Marketplace,1,6260000,11.1,240000
2025-08-05,ORD-2025-005701,P02046,T08,MJ016,Marketplace,1,7350000,1.3,240000
2025-08-05,ORD-2025-005726,P01187,T02,MJ040,Toko,1,4110000,16.1,
2025-08-05,ORD-2025-005765,P02457,T09,KR029,Marketplace,1,5120000,0.0,540000
2025-08-05,ORD-2025-005765,P02457,T09,DK032,Marketplace,1,340000,10.6,460000
2025-08-05,ORD-2025-005765,P02457,T09,MJ004,Marketplace,4,3430000,11.5,470000
2025-08-05,ORD-2025-005765,P02457,T09,PC020,Marketplace,1,2530000,16.5,380000
2025-08-05,ORD-2025-005773,P01382,T06,SF008,Toko,1,13020000,0.0,
2025-08-06,ORD-2025-005483,P01044,T13,DK044,Online,4,1380000,14.6,90000
2025-08-06,ORD-2025-005553,P01091,T13,SF018,Online,2,10500000,10.5,460000
2025-08-06,ORD-2025-005576,P01483,T13,LM005,Online,1,6890000,14.3,350000
2025-08-06,ORD-2025-005576,P01483,T13,MJ028,Online,1,10280000,12.0,450000
2025-08-06,ORD-2025-005607,P00194,T07,PC001,Toko,3,1430000,10.6,
2025-08-06,ORD-2025-005615,P01804,T13,LM001,Online,1,6680000,10.5,560000
2025-08-06,ORD-2025-005624,P01340,T13,PC032,Online,1,470000,0.0,380000
2025-08-06,ORD-2025-005698,P00563,T13,SF039,Online,1,6120000,10.9,540000
2025-08-06,ORD-2025-005724,P03364,T13,PC026,Online,3,860000,11.5,540000
2025-08-06,ORD-2025-005724,P03364,T13,PD026,Online,1,520000,0.0,130000
2025-08-06,ORD-2025-005754,P00689,T12,PD016,Toko,1,1080000,11.8,
2025-08-06,ORD-2025-005775,P01284,T12,KR015,Marketplace,3,2050000,14.4,500000
2025-08-07,ORD-2025-005516,P02887,T13,PD003,Online,1,1200000,9.9,120000
2025-08-07,ORD-2025-005545,P03276,T07,KS021,Marketplace,1,8510000,14.2,160000
2025-08-07,ORD-2025-005567,P01329,T04,MJ044,Toko,2,6150000,11.9,
2025-08-07,ORD-2025-005567,P01329,T04,PC024,Toko,1,850000,9.5,
2025-08-07,ORD-2025-005567,P01329,T04,KS024,Toko,1,13500000,14.5,
2025-08-07,ORD-2025-005567,P01329,T04,MJ030,Toko,1,2670000,13.2,
2025-08-07,ORD-2025-005597,P01255,T07,DK012,Toko,1,960000,11.4,
2025-08-07,ORD-2025-005612,P02322,T07,DK024,Toko,1,930000,10.1,180000
2025-08-07,ORD-2025-005689,P00294,T01,SF023,Toko,1,7750000,0.0,330000
2025-08-07,ORD-2025-005689,P00294,T01,MJ016,Toko,1,7350000,11.2,
2025-08-07,ORD-2025-005715,P00537,T01,KR037,Toko,1,2790000,10.6,
2025-08-07,ORD-2025-005776,P03339,T02,MJ020,Marketplace,1,4520000,10.5,300000
2025-08-08,ORD-2025-005502,P03045,T13,DK026,Online,2,1170000,9.3,510000
2025-08-08,ORD-2025-005566,P02807,T06,LM036,Toko,1,4150000,6.8,
2025-08-08,ORD-2025-005566,P02807,T06,LM027,Toko,1,14450000,14.5,
2025-08-08,ORD-2025-005630,P00103,T08,KR005,Toko,1,3610000,4.9,
2025-08-08,ORD-2025-005677,P02750,T07,PD026,Marketplace,3,520000,0.0,530000
2025-08-08,ORD-2025-005692,P01811,T05,DK032,Marketplace,1,340000,5.4,350000
2025-08-08,ORD-2025-005747,P02848,T13,PD021,Online,1,660000,14.7,110000
2025-08-09,ORD-2025-005492,P01985,T08,KS005,Toko,1,13120000,0.0,
2025-08-09,ORD-2025-005492,P01985,T08,DK032,Toko,1,340000,7.1,
2025-08-09,ORD-2025-005509,P00944,T03,PC001,Toko,1,1430000,0.0,
2025-08-09,ORD-2025-005521,P01141,T07,KR004,Toko,2,1790000,20.0,
2025-08-09,ORD-2025-005529,P01168,T13,LM006,Online,1,13730000,2.7,490000
2025-08-09,ORD-2025-005608,P01668,T06,DK041,Toko,2,2550000,10.1,
2025-08-09,ORD-2025-005608,P01668,T06,MJ010,Toko,1,3850000,12.2,
2025-08-09,ORD-2025-005658,P01862,T13,KS009,Online,1,11180000,8.9,340000
2025-08-09,ORD-2025-005658,P01862,T13,LM008,Online,1,5080000,0.0,560000
2025-08-09,ORD-2025-005658,P01862,T13,MJ036,Online,1,3410000,13.7,230000
2025-08-09,ORD-2025-005676,P01958,T06,PD009,Marketplace,2,840000,10.7,350000
2025-08-09,ORD-2025-005676,P01958,T06,KR029,Marketplace,1,5120000,9.9,260000
2025-08-09,ORD-2025-005705,P03057,T13,KS026,Online,4,6770000,20.3,480000
2025-08-09,ORD-2025-005705,P03057,T13,LM030,Online,2,5720000,16.5,510000
2025-08-09,ORD-2025-005732,,T03,KR029,Toko,1,5120000,9.7,
2025-08-09,ORD-2025-005732,,T03,PC004,Toko,1,1660000,12.1,
2025-08-10,ORD-2025-005490,P01053,T06,PD006,Marketplace,1,970000,11.3,330000
2025-08-10,ORD-2025-005497,P00011,T10,DK017,Toko,2,1740000,17.9,
2025-08-10,ORD-2025-005517,P03205,T13,SF012,Online,1,7980000,0.0,
2025-08-10,ORD-2025-005517,P03205,T13,PC004,Online,2,1660000,20.4,570000
2025-08-10,ORD-2025-005540,P00630,T11,KR046,Marketplace,2,1210000,3.8,490000
2025-08-10,ORD-2025-005559,P00585,T13,PC032,Online,4,470000,0.0,590000
2025-08-10,ORD-2025-005559,P00585,T13,PD022,Online,1,520000,12.6,110000
2025-08-10,ORD-2025-005637,P00766,T13,DK018,Online,1,1000000,0.0,120000
2025-08-10,ORD-2025-005637,P00766,T13,PC023,Online,3,1920000,6.7,180000
2025-08-10,ORD-2025-005751,P00777,T13,PD012,Online,1,1500000,12.6,540000
2025-08-11,ORD-2025-005531,P01935,T13,DK006,Online,1,2070000,9.5,220000
2025-08-11,ORD-2025-005544,P00347,T13,MJ017,Online,1,3280000,13.6,300000
2025-08-11,ORD-2025-005546,P03167,T02,LM040,Toko,1,9610000,10.8,
2025-08-11,ORD-2025-005580,P01928,T13,SF015,Online,1,6690000,7.7,320000
2025-08-11,ORD-2025-005598,P02924,T02,DK013,Marketplace,1,1520000,9.4,590000
2025-08-11,ORD-2025-005598,P02924,T02,PD002,Marketplace,1,1150000,1.6,140000
2025-08-11,ORD-2025-005609,P02274,T04,KS012,Toko,3,11030000,6.4,
2025-08-11,ORD-2025-005633,P01672,T13,SF011,Online,1,4580000,0.0,70000
2025-08-11,ORD-2025-005647,P02907,T05,DK009,Toko,1,990000,4.5,
2025-08-11,ORD-2025-005651,P02521,T09,LM039,Toko,1,7740000,8.1,
2025-08-11,ORD-2025-005678,P02838,T13,PD003,Online,2,1200000,3.8,440000
2025-08-11,ORD-2025-005678,P02838,T13,PD018,Online,2,530000,15.0,230000
2025-08-11,ORD-2025-005707,P03336,T08,DK021,Toko,1,1010000,8.5,
2025-08-11,ORD-2025-005708,P02040,T07,DK028,Marketplace,1,730000,4.2,450000
2025-08-12,ORD-2025-005481,P03470,T06,DK044,Toko,2,1380000,8.8,
2025-08-12,ORD-2025-005515,P02121,T13,MJ018,Online,1,3700000,0.0,80000
2025-08-12,ORD-2025-005515,P02121,T13,DK025,Online,2,660000,20.1,360000
2025-08-12,ORD-2025-005539,,T02,KS012,Toko,1,11030000,12.5,
2025-08-12,ORD-2025-005539,,T02,DK015,Toko,1,1390000,2.3,
2025-08-12,ORD-2025-005579,P03434,T13,KR001,Online,1,3260000,16.2,250000
2025-08-12,ORD-2025-005579,P03434,T13,DK013,Online,1,1520000,7.8,410000
2025-08-12,ORD-2025-005660,P01088,T09,PC014,Toko,1,1800000,17.3,
2025-08-12,ORD-2025-005660,P01088,T09,PC008,Toko,2,1830000,0.0,170000
2025-08-12,ORD-2025-005660,P01088,T09,DK014,Toko,1,890000,6.6,
2025-08-12,ORD-2025-005660,P01088,T09,KS034,Toko,2,6400000,7.7,310000
2025-08-12,ORD-2025-005663,P01987,T10,SF032,Toko,1,6260000,13.2,
2025-08-12,ORD-2025-005665,P00367,T13,MJ041,Online,2,2240000,9.5,430000
2025-08-12,ORD-2025-005685,P01331,T13,KR041,Online,2,1620000,11.1,70000
2025-08-12,ORD-2025-005688,P01499,T13,PC029,Online,1,1900000,8.0,440000
2025-08-12,ORD-2025-005688,P01499,T13,DK016,Online,1,730000,9.6,310000
2025-08-12,ORD-2025-005688,P01499,T13,LM006,Online,1,13730000,9.5,570000
2025-08-12,ORD-2025-005696,P01926,T05,LM021,Toko,1,7550000,9.4,
2025-08-12,ORD-2025-005696,P01926,T05,DK028,Toko,1,730000,12.7,
2025-08-12,ORD-2025-005704,P02666,T06,DK028,Marketplace,1,730000,9.3,390000
2025-08-12,ORD-2025-005704,P02666,T06,SF018,Marketplace,3,10500000,15.0,290000
2025-08-12,ORD-2025-005704,P02666,T06,DK019,Marketplace,1,860000,13.7,90000
2025-08-12,ORD-2025-005725,P03024,T13,KR032,Online,1,2340000,10.1,520000
2025-08-12,ORD-2025-005764,P03082,T13,PC012,Online,2,1870000,15.3,590000
2025-08-13,ORD-2025-005550,P00025,T13,DK001,Online,1,530000,6.3,180000
2025-08-13,ORD-2025-005588,P02369,T13,DK020,Online,1,690000,7.9,210000
2025-08-13,ORD-2025-005686,P03057,T13,KR017,Online,1,4540000,16.4,
2025-08-13,ORD-2025-005686,P03057,T13,LM012,Online,1,7130000,0.0,400000
2025-08-13,ORD-2025-005709,P01233,T13,MJ005,Online,1,4030000,11.7,320000
2025-08-13,ORD-2025-005721,P01645,T12,LM009,Toko,2,2210000,7.5,
2025-08-13,ORD-2025-005742,P01714,T05,PC021,Marketplace,3,4550000,12.1,140000
2025-08-13,ORD-2025-005746,P03226,T11,PC024,Toko,2,850000,0.0,
2025-08-13,ORD-2025-005746,P03226,T11,MJ029,Toko,2,2890000,5.5,
2025-08-14,ORD-2025-005499,P01086,T13,KR039,Online,2,2460000,6.6,270000
2025-08-14,ORD-2025-005541,P01987,T06,PD004,Toko,1,1050000,7.4,
2025-08-14,ORD-2025-005541,P01987,T06,DK034,Toko,2,830000,14.3,
2025-08-14,ORD-2025-005541,P01987,T06,LM029,Toko,1,8480000,12.1,
2025-08-14,ORD-2025-005541,P01987,T06,DK004,Toko,1,1240000,13.0,
2025-08-14,ORD-2025-005547,P01241,T13,DK007,Online,4,900000,7.6,290000
2025-08-14,ORD-2025-005547,P01241,T13,KR041,Online,1,1620000,10.7,300000
2025-08-14,ORD-2025-005572,P02410,T13,PD023,Online,1,1090000,8.6,490000
2025-08-14,ORD-2025-005572,P02410,T13,PC010,Online,1,1240000,17.3,500000
2025-08-14,ORD-2025-005572,P02410,T13,PC014,Online,1,1800000,15.3,470000
2025-08-14,ORD-2025-005585,P00313,T13,MJ035,Online,1,5190000,18.5,440000
2025-08-14,ORD-2025-005585,P00313,T13,KR001,Online,1,3260000,11.8,110000
2025-08-14,ORD-2025-005616,P00628,T13,SF023,Online,1,7750000,12.8,430000
2025-08-14,ORD-2025-005616,P00628,T13,MJ021,Online,1,2560000,11.6,400000
2025-08-14,ORD-2025-005619,P00736,T02,PD026,Toko,3,520000,11.2,
2025-08-14,ORD-2025-005627,P02839,T13,PC021,Online,1,4550000,0.0,360000
2025-08-14,ORD-2025-005661,P00572,T13,PD004,Online,1,1050000,9.8,300000
2025-08-14,ORD-2025-005661,P00572,T13,DK022,Online,3,550000,9.1,100000
2025-08-14,ORD-2025-005669,P03272,T13,LM007,Online,1,4350000,8.1,
2025-08-14,ORD-2025-005669,P03272,T13,DK031,Online,2,800000,12.9,280000
2025-08-14,ORD-2025-005684,P01253,T01,DK010,Toko,1,690000,9.7,
2025-08-14,ORD-2025-005684,P01253,T01,SF021,Toko,3,9200000,0.0,
2025-08-14,ORD-2025-005684,P01253,T01,PD006,Toko,1,970000,12.4,320000
2025-08-14,ORD-2025-005684,P01253,T01,SF042,Toko,3,4260000,15.3,
2025-08-14,ORD-2025-005700,P01075,T10,DK028,Toko,1,730000,0.0,
2025-08-14,ORD-2025-005700,P01075,T10,SF026,Toko,2,5850000,11.2,
2025-08-14,ORD-2025-005729,P03201,T01,KR039,Toko,2,2460000,3.9,
2025-08-14,ORD-2025-005729,P03201,T01,PD010,Toko,1,450000,9.2,
2025-08-14,ORD-2025-005733,P00664,T13,DK022,Online,1,550000,7.6,170000
2025-08-14,ORD-2025-005733,P00664,T13,LM009,Online,1,2210000,5.0,230000
2025-08-14,ORD-2025-005733,P00664,T13,PC022,Online,1,3000000,0.0,280000
2025-08-14,ORD-2025-005738,P00936,T13,KS013,Online,1,10990000,8.8,370000
2025-08-14,ORD-2025-005738,P00936,T13,PD010,Online,2,450000,0.0,570000
2025-08-14,ORD-2025-005738,P00936,T13,MJ003,Online,1,2060000,3.9,320000
2025-08-14,ORD-2025-005752,,T07,MJ026,Toko,1,3480000,10.9,
2025-08-14,ORD-2025-005759,P01670,T13,DK021,Online,1,1010000,8.7,400000
2025-08-14,ORD-2025-005772,P01042,T12,PD019,Marketplace,1,1260000,0.4,160000
2025-08-14,ORD-2025-005772,P01042,T12,DK037,Marketplace,1,540000,12.2,290000
2025-08-15,ORD-2025-005496,P02964,T04,PD019,Marketplace,1,1260000,3.9,390000
2025-08-15,ORD-2025-005496,P02964,T04,MJ029,Marketplace,4,2890000,8.1,430000
2025-08-15,ORD-2025-005496,P02964,T04,DK009,Marketplace,4,990000,0.0,570000
2025-08-15,ORD-2025-005510,P02330,T05,DK013,Toko,1,1520000,6.4,
2025-08-15,ORD-2025-005558,P02018,T03,MJ031,Toko,2,7400000,7.8,
2025-08-15,ORD-2025-005622,P02456,T12,DK022,Toko,1,550000,12.0,
2025-08-15,ORD-2025-005622,P02456,T12,KR011,Toko,1,1570000,15.8,
2025-08-15,ORD-2025-005622,P02456,T12,PD024,Toko,1,1130000,1.7,
2025-08-15,ORD-2025-005622,P02456,T12,DK025,Toko,1,660000,4.1,
2025-08-15,ORD-2025-005674,P01274,T13,PD009,Online,1,840000,6.8,270000
2025-08-15,ORD-2025-005682,P01875,T13,DK030,Online,1,930000,8.8,480000
2025-08-15,ORD-2025-005683,P00962,T13,MJ015,Online,1,2920000,9.3,330000
2025-08-15,ORD-2025-005703,P01665,T13,MJ012,Online,1,11220000,10.3,150000
2025-08-15,ORD-2025-005703,P01665,T13,PD016,Online,1,1080000,11.4,360000
2025-08-15,ORD-2025-005703,P01665,T13,DK011,Online,1,2070000,13.1,510000
2025-08-16,ORD-2025-005582,P01215,T13,DK011,Online,1,2070000,13.5,350000
2025-08-16,ORD-2025-005591,P01401,T02,SF037,Toko,1,10360000,3.5,
2025-08-16,ORD-2025-005652,P01217,T13,LM007,Online,1,4350000,19.2,210000
2025-08-16,ORD-2025-005652,P01217,T13,KS020,Online,1,17920000,11.0,310000
2025-08-16,ORD-2025-005652,P01217,T13,DK001,Online,1,530000,3.7,540000
2025-08-16,ORD-2025-005694,P02287,T03,DK010,Marketplace,1,690000,9.0,130000
2025-08-16,ORD-2025-005694,P02287,T03,MJ024,Marketplace,1,3010000,13.1,90000
2025-08-16,ORD-2025-005694,P02287,T03,KS013,Marketplace,1,10990000,18.8,570000
2025-08-16,ORD-2025-005694,P02287,T03,KR035,Marketplace,2,1760000,0.0,480000
2025-08-16,ORD-2025-005712,P01825,T13,PC003,Online,2,1200000,10.8,470000
2025-08-16,ORD-2025-005712,P01825,T13,MJ014,Online,1,4970000,9.5,340000
2025-08-17,ORD-2025-005488,P02930,T02,SF032,Toko,1,6260000,7.8,
2025-08-17,ORD-2025-005488,P02930,T02,PC024,Toko,1,850000,10.4,
2025-08-17,ORD-2025-005488,P02930,T02,KR002,Toko,2,1500000,7.2,
2025-08-17,ORD-2025-005488,P02930,T02,DK036,Toko,1,510000,2.7,
2025-08-17,ORD-2025-005563,P02345,T03,KR011,Toko,1,1570000,17.0,
2025-08-17,ORD-2025-005563,P02345,T03,PC006,Toko,1,1850000,16.7,
2025-08-17,ORD-2025-005610,P00058,T13,PC011,Online,1,4490000,10.8,60000
2025-08-17,ORD-2025-005610,P00058,T13,MJ030,Online,1,2670000,17.0,360000
2025-08-17,ORD-2025-005626,P00150,T10,KR044,Toko,1,2280000,8.1,
2025-08-17,ORD-2025-005671,,T04,MJ029,Toko,1,2890000,8.2,
2025-08-17,ORD-2025-005717,P01940,T13,SF035,Online,1,5970000,0.0,180000
2025-08-17,ORD-2025-005723,P03338,T13,PD005,Online,1,390000,12.4,470000
2025-08-17,ORD-2025-005731,P01324,T13,LM015,Online,1,3180000,13.0,310000
2025-08-17,ORD-2025-005731,P01324,T13,LM034,Online,1,5930000,7.1,490000
2025-08-17,ORD-2025-005735,P01649,T13,PD005,Online,1,390000,9.8,90000
2025-08-17,ORD-2025-005758,,T01,DK022,Toko,1,550000,11.3,
2025-08-17,ORD-2025-005758,,T01,DK036,Toko,1,510000,8.6,
2025-08-18,ORD-2025-005484,P02544,T13,KR048,Online,1,5130000,3.8,80000
2025-08-18,ORD-2025-005484,P02544,T13,MJ010,Online,2,3850000,16.3,180000
2025-08-18,ORD-2025-005484,P02544,T13,SF029,Online,1,7520000,18.9,490000
2025-08-18,ORD-2025-005530,P03205,T13,PD012,Online,2,1500000,0.0,480000
2025-08-18,ORD-2025-005551,P00769,T13,PC010,Online,1,1240000,17.4,250000
2025-08-18,ORD-2025-005551,P00769,T13,PD022,Online,1,520000,10.5,420000
2025-08-18,ORD-2025-005586,P00666,T01,LM032,Toko,1,4960000,14.5,
2025-08-18,ORD-2025-005586,P00666,T01,PC025,Toko,2,1800000,9.1,
2025-08-18,ORD-2025-005586,P00666,T01,KS034,Toko,1,6400000,0.0,
2025-08-18,ORD-2025-005594,,T08,PD026,Toko,2,520000,13.4,
2025-08-18,ORD-2025-005644,P01145,T04,PD021,Toko,2,660000,3.9,
2025-08-18,ORD-2025-005644,P01145,T04,KS027,Toko,1,6560000,2.6,
2025-08-18,ORD-2025-005675,P01408,T09,MJ040,Marketplace,1,4110000,10.6,270000
2025-08-18,ORD-2025-005675,P01408,T09,DK026,Marketplace,2,1170000,10.2,310000
2025-08-18,ORD-2025-005714,P00510,T07,DK009,Toko,1,990000,5.9,
2025-08-18,ORD-2025-005745,P03356,T13,PC018,Online,1,1420000,12.9,110000
2025-08-18,ORD-2025-005745,P03356,T13,PD010,Online,1,450000,18.0,170000
2025-08-18,ORD-2025-005748,P01416,T13,KR023,Online,1,1270000,1.5,480000
2025-08-18,ORD-2025-005748,P01416,T13,DK008,Online,1,910000,9.1,590000
2025-08-18,ORD-2025-005748,P01416,T13,KR022,Online,1,2200000,0.0,
2025-08-18,ORD-2025-005748,P01416,T13,DK005,Online,1,430000,7.5,530000
2025-08-19,ORD-2025-005506,P01610,T11,DK021,Toko,1,1010000,0.0,
2025-08-19,ORD-2025-005506,P01610,T11,PD023,Toko,1,1090000,13.5,
2025-08-19,ORD-2025-005506,P01610,T11,MJ035,Toko,1,5190000,8.6,
2025-08-19,ORD-2025-005590,P02764,T09,DK022,Toko,1,550000,17.3,
2025-08-19,ORD-2025-005590,P02764,T09,KR007,Toko,1,1690000,8.8,
2025-08-19,ORD-2025-005590,P02764,T09,KR023,Toko,2,1270000,13.5,
2025-08-19,ORD-2025-005590,P02764,T09,KR008,Toko,1,2800000,13.7,
2025-08-19,ORD-2025-005593,P01607,T09,DK032,Marketplace,1,340000,0.0,450000
2025-08-19,ORD-2025-005601,P02839,T13,DK021,Online,1,1010000,0.0,320000
2025-08-19,ORD-2025-005601,P02839,T13,PD013,Online,1,1030000,11.9,270000
2025-08-19,ORD-2025-005756,P03372,T13,MJ044,Online,1,6150000,8.0,390000
2025-08-19,ORD-2025-005756,P03372,T13,DK029,Online,1,500000,16.7,300000
2025-08-19,ORD-2025-005761,P01639,T06,DK003,Toko,1,420000,15.2,
2025-08-19,ORD-2025-005774,P01681,T01,PD007,Marketplace,1,770000,0.0,80000
2025-08-19,ORD-2025-005774,P01681,T01,SF021,Marketplace,3,9200000,3.2,350000
2025-08-20,ORD-2025-005552,P00682,T13,PC012,Online,1,1870000,9.7,320000
2025-08-20,ORD-2025-005552,P00682,T13,PC015,Online,1,1320000,11.2,530000
2025-08-20,ORD-2025-005557,P00985,T13,LM028,Online,1,6300000,11.5,390000
2025-08-20,ORD-2025-005557,P00985,T13,KR044,Online,1,2280000,5.7,60000
2025-08-20,ORD-2025-005557,P00985,T13,KS004,Online,2,10560000,8.4,420000
2025-08-20,ORD-2025-005672,P01386,T05,PD002,Toko,1,1150000,15.8,
2025-08-20,ORD-2025-005770,P01132,T04,PC005,Toko,1,660000,9.8,
2025-08-20,ORD-2025-005770,P01132,T04,DK009,Toko,1,990000,15.9,160000
2025-08-20,ORD-2025-005770,P01132,T04,KR023,Toko,1,1270000,0.0,
2025-08-21,ORD-2025-005501,P03334,T13,PC007,Online,1,1510000,13.5,230000
2025-08-21,ORD-2025-005501,P03334,T13,PC026,Online,1,860000,12.6,180000
2025-08-21,ORD-2025-005508,P03176,T09,KR026,Marketplace,1,2860000,0.0,50000
2025-08-21,ORD-2025-005522,P01372,T06,DK031,Toko,1,800000,0.0,
2025-08-21,ORD-2025-005564,P03164,T09,LM036,Toko,1,4150000,10.4,
2025-08-21,ORD-2025-005642,P02077,T13,PD009,Online,2,840000,3.4,560000
2025-08-21,ORD-2025-005642,P02077,T13,DK040,Online,1,1260000,13.8,490000
2025-08-22,ORD-2025-005498,P02726,T01,DK037,Toko,3,540000,0.0,
2025-08-22,ORD-2025-005498,P02726,T01,PC015,Toko,1,1320000,0.0,
2025-08-22,ORD-2025-005526,P02340,T13,PD022,Online,1,520000,12.2,200000
2025-08-22,ORD-2025-005526,P02340,T13,KS017,Online,2,15120000,0.0,380000
2025-08-22,ORD-2025-005526,P02340,T13,MJ022,Online,3,4090000,12.4,350000
2025-08-22,ORD-2025-005589,P00289,T06,MJ026,Marketplace,2,3480000,8.1,260000
2025-08-22,ORD-2025-005589,P00289,T06,DK003,Marketplace,1,420000,6.1,260000
2025-08-22,ORD-2025-005596,P03236,T13,DK017,Online,1,1740000,0.0,420000
2025-08-22,ORD-2025-005611,P01522,T13,MJ042,Online,1,10940000,12.7,290000
2025-08-22,ORD-2025-005618,P00420,T12,PC030,Toko,2,1220000,7.6,
2025-08-22,ORD-2025-005657,P01982,T13,PD024,Online,1,1130000,0.0,90000
2025-08-22,ORD-2025-005657,P01982,T13,PC028,Online,1,2190000,12.7,80000
2025-08-22,ORD-2025-005657,P01982,T13,DK028,Online,1,730000,12.1,440000
2025-08-22,ORD-2025-005664,P01818,T01,DK011,Marketplace,2,2070000,11.4,70000
2025-08-22,ORD-2025-005697,P02333,T01,SF041,Toko,1,7920000,4.1,230000
2025-08-22,ORD-2025-005757,P00171,T08,PD016,Marketplace,1,1080000,0.0,340000
2025-08-23,ORD-2025-005512,P03352,T09,KR037,Toko,2,2790000,0.0,
2025-08-23,ORD-2025-005538,P02492,T12,PD022,Marketplace,1,520000,11.8,310000
2025-08-23,ORD-2025-005600,P02828,T05,KS001,Toko,2,9740000,8.5,
2025-08-23,ORD-2025-005625,P01319,T08,KR018,Toko,2,1090000,10.9,
2025-08-23,ORD-2025-005763,P02905,T12,PC030,Toko,1,1220000,11.3,
2025-08-24,ORD-2025-005519,P01537,T13,KS008,Online,1,5690000,6.9,210000
2025-08-24,ORD-2025-005532,P03298,T13,PD023,Online,1,1090000,13.0,480000
2025-08-24,ORD-2025-005554,P02922,T13,KR006,Online,3,3040000,12.5,170000
2025-08-24,ORD-2025-005554,P02922,T13,KR035,Online,1,1760000,10.5,580000
2025-08-24,ORD-2025-005554,P02922,T13,KS029,Online,1,8960000,14.9,300000
2025-08-24,ORD-2025-005569,P02475,T04,DK013,Toko,2,1520000,16.1,
2025-08-24,ORD-2025-005592,P01255,T13,PC032,Online,1,470000,8.8,
2025-08-24,ORD-2025-005613,P02332,T03,PD016,Toko,2,1080000,6.7,
2025-08-24,ORD-2025-005643,P00974,T13,MJ022,Online,1,4090000,0.0,100000
2025-08-24,ORD-2025-005662,P01501,T13,DK003,Online,4,420000,14.7,180000
2025-08-24,ORD-2025-005740,P00544,T09,LM004,Toko,1,4320000,14.7,
2025-08-25,ORD-2025-005505,P02576,T09,DK040,Toko,1,1260000,0.0,
2025-08-25,ORD-2025-005505,P02576,T09,PC024,Toko,1,850000,0.0,
2025-08-25,ORD-2025-005507,P00778,T09,PC028,Toko,1,2190000,0.0,
2025-08-25,ORD-2025-005507,P00778,T09,PD002,Toko,3,1150000,0.0,
2025-08-25,ORD-2025-005507,P00778,T09,DK034,Toko,1,830000,16.6,
2025-08-25,ORD-2025-005507,P00778,T09,DK006,Toko,2,2070000,13.6,
2025-08-25,ORD-2025-005534,P02737,T02,MJ039,Toko,1,6590000,17.8,
2025-08-25,ORD-2025-005534,P02737,T02,PC011,Toko,1,4490000,16.0,
2025-08-25,ORD-2025-005556,P00193,T12,DK009,Toko,3,990000,4.8,370000
2025-08-25,ORD-2025-005631,P02392,T05,PD005,Toko,1,390000,14.1,
2025-08-25,ORD-2025-005631,P02392,T05,PC027,Toko,2,3210000,12.5,
2025-08-25,ORD-2025-005681,P00939,T05,DK007,Marketplace,2,900000,6.6,90000
2025-08-25,ORD-2025-005690,P00701,T04,DK038,Toko,1,530000,0.0,
2025-08-25,ORD-2025-005699,P02572,T13,PD022,Online,1,520000,12.9,170000
2025-08-25,ORD-2025-005699,P02572,T13,LM019,Online,1,5540000,8.1,220000
2025-08-25,ORD-2025-005706,P01643,T13,DK002,Online,3,490000,9.7,460000
2025-08-25,ORD-2025-005706,P01643,T13,PC032,Online,2,470000,0.0,150000
2025-08-26,ORD-2025-005514,P01020,T13,DK021,Online,1,1010000,7.8,330000
2025-08-26,ORD-2025-005514,P01020,T13,PD006,Online,1,970000,12.9,130000
2025-08-26,ORD-2025-005514,P01020,T13,PD026,Online,1,520000,6.3,130000
2025-08-26,ORD-2025-005514,P01020,T13,LM021,Online,2,7550000,20.5,320000
2025-08-26,ORD-2025-005520,P01899,T13,KR014,Online,2,3530000,11.6,270000
2025-08-26,ORD-2025-005528,P03284,T08,DK036,Marketplace,1,510000,13.9,530000
2025-08-26,ORD-2025-005528,P03284,T08,SF031,Marketplace,1,3420000,0.0,240000
2025-08-26,ORD-2025-005548,P03019,T13,KS034,Online,1,6400000,0.0,270000
2025-08-26,ORD-2025-005555,P02362,T13,PD014,Online,1,1590000,8.4,440000
2025-08-26,ORD-2025-005555,P02362,T13,PC021,Online,2,4550000,9.4,140000
2025-08-26,ORD-2025-005555,P02362,T13,PD001,Online,1,1710000,1.8,60000
2025-08-26,ORD-2025-005602,P00774,T06,PD018,Toko,1,530000,5.0,
2025-08-26,ORD-2025-005605,P00504,T13,KS034,Online,1,6400000,13.6,510000
2025-08-26,ORD-2025-005605,P00504,T13,PC001,Online,1,1430000,14.0,570000
2025-08-26,ORD-2025-005639,P03447,T12,DK038,Marketplace,2,530000,11.7,50000
2025-08-26,ORD-2025-005718,P01516,T08,DK006,Toko,1,2070000,13.2,
2025-08-26,ORD-2025-005720,P02662,T13,KR021,Online,1,2670000,12.3,490000
2025-08-26,ORD-2025-005720,P02662,T13,KR042,Online,1,1850000,7.2,90000
2025-08-26,ORD-2025-005720,P02662,T13,MJ001,Online,1,2940000,11.8,430000
2025-08-26,ORD-2025-005741,P02420,T13,PC014,Online,1,1800000,7.7,80000
2025-08-27,ORD-2025-005482,P02824,T02,PD011,Toko,1,750000,8.9,
2025-08-27,ORD-2025-005485,P00138,T13,KR005,Online,2,3610000,0.0,210000
2025-08-27,ORD-2025-005485,P00138,T13,KR019,Online,1,2530000,8.4,150000
2025-08-27,ORD-2025-005493,P00006,T04,KR030,Marketplace,1,3050000,11.3,520000
2025-08-27,ORD-2025-005493,P00006,T04,SF004,Marketplace,3,7400000,2.9,350000
2025-08-27,ORD-2025-005493,P00006,T04,SF007,Marketplace,4,10370000,0.0,270000
2025-08-27,ORD-2025-005511,P02458,T13,MJ013,Online,1,2960000,1.5,130000
2025-08-27,ORD-2025-005511,P02458,T13,PD021,Online,1,660000,0.4,300000
2025-08-27,ORD-2025-005511,P02458,T13,KS032,Online,1,9280000,0.0,130000
2025-08-27,ORD-2025-005511,P02458,T13,LM021,Online,1,7550000,14.9,190000
2025-08-27,ORD-2025-005535,P02635,T13,DK033,Online,1,220000,12.2,560000
2025-08-27,ORD-2025-005535,P02635,T13,PD020,Online,2,920000,13.4,540000
2025-08-27,ORD-2025-005535,P02635,T13,DK001,Online,2,530000,4.6,150000
2025-08-27,ORD-2025-005578,P01555,T03,PD013,Marketplace,4,1030000,9.8,390000
2025-08-27,ORD-2025-005599,P00483,T05,KR036,Marketplace,1,2360000,0.0,440000
2025-08-27,ORD-2025-005599,P00483,T05,PD025,Marketplace,1,1100000,10.8,510000
2025-08-27,ORD-2025-005599,P00483,T05,KR033,Marketplace,1,3030000,13.3,290000
2025-08-27,ORD-2025-005645,P00666,T13,DK042,Online,1,1280000,15.4,110000
2025-08-27,ORD-2025-005650,P02291,T11,PC003,Toko,1,1200000,12.2,
2025-08-27,ORD-2025-005650,P02291,T11,PC026,Toko,2,860000,11.4,
2025-08-27,ORD-2025-005655,P01007,T05,PC028,Toko,1,2190000,12.7,
2025-08-27,ORD-2025-005655,P01007,T05,KR028,Toko,1,1780000,5.0,
2025-08-27,ORD-2025-005655,P01007,T05,DK035,Toko,1,400000,8.8,
2025-08-27,ORD-2025-005655,P01007,T05,DK010,Toko,4,690000,0.0,
2025-08-27,ORD-2025-005668,P00754,T08,DK007,Toko,1,900000,12.9,
2025-08-27,ORD-2025-005691,P03306,T12,KS014,Toko,1,6440000,10.8,
2025-08-27,ORD-2025-005722,P00774,T11,PC012,Toko,1,1870000,3.9,
2025-08-27,ORD-2025-005750,P00786,T13,DK038,Online,2,530000,11.6,120000
2025-08-27,ORD-2025-005750,P00786,T13,PD009,Online,2,840000,10.0,460000
2025-08-27,ORD-2025-005750,P00786,T13,DK028,Online,1,730000,0.0,210000
2025-08-27,ORD-2025-005768,P03260,T13,DK030,Online,1,930000,5.8,390000
2025-08-27,ORD-2025-005769,P02256,T13,KR001,Online,3,3260000,14.8,100000
2025-08-28,ORD-2025-005489,P00718,T06,LM038,Toko,1,5010000,10.0,
2025-08-28,ORD-2025-005513,P03059,T13,KS008,Online,1,5690000,10.0,90000
2025-08-28,ORD-2025-005523,P00119,T12,KS031,Toko,1,4390000,8.1,
2025-08-28,ORD-2025-005523,P00119,T12,DK008,Toko,1,910000,10.8,
2025-08-28,ORD-2025-005583,P00369,T13,PD001,Online,1,1710000,10.1,330000
2025-08-28,ORD-2025-005583,P00369,T13,LM040,Online,2,9610000,6.5,70000
2025-08-28,ORD-2025-005583,P00369,T13,DK009,Online,2,990000,17.2,340000
2025-08-28,ORD-2025-005606,P01908,T13,PD008,Online,1,970000,8.4,490000
2025-08-28,ORD-2025-005654,P03257,T13,DK020,Online,2,690000,0.0,
2025-08-28,ORD-2025-005666,P02107,T11,MJ044,Toko,1,6150000,12.1,
2025-08-28,ORD-2025-005666,P02107,T11,SF024,Toko,1,3520000,4.9,
2025-08-28,ORD-2025-005713,P01992,T13,DK036,Online,1,510000,5.9,390000
2025-08-29,ORD-2025-005524,P02245,T04,DK041,Marketplace,1,2550000,2.1,90000
2025-08-29,ORD-2025-005524,P02245,T04,MJ003,Marketplace,1,2060000,10.6,160000
2025-08-29,ORD-2025-005537,P02778,T13,MJ030,Online,1,2670000,9.2,330000
2025-08-29,ORD-2025-005543,P00909,T13,MJ002,Online,3,3330000,8.0,360000
2025-08-29,ORD-2025-005575,P01785,T13,DK022,Online,4,550000,13.3,410000
2025-08-29,ORD-2025-005575,P01785,T13,KR012,Online,1,2460000,16.4,220000
2025-08-29,ORD-2025-005577,P02887,T13,DK025,Online,1,660000,11.7,240000
2025-08-29,ORD-2025-005604,P00297,T03,DK017,Toko,1,1740000,16.9,
2025-08-29,ORD-2025-005604,P00297,T03,MJ037,Toko,1,3320000,10.4,
2025-08-29,ORD-2025-005641,P02734,T11,KS008,Toko,1,5690000,7.9,
2025-08-29,ORD-2025-005730,P02138,T04,KS002,Toko,1,6150000,10.4,
2025-08-29,ORD-2025-005730,P02138,T04,KR006,Toko,2,3040000,11.2,
2025-08-29,ORD-2025-005767,P01831,T11,DK030,Toko,1,930000,10.3,
2025-08-29,ORD-2025-005767,P01831,T11,DK002,Toko,1,490000,3.2,
2025-08-30,ORD-2025-005486,P01013,T13,DK018,Online,2,1000000,8.7,200000
2025-08-30,ORD-2025-005495,P01967,T09,KR034,Toko,1,2350000,5.2,
2025-08-30,ORD-2025-005495,P01967,T09,DK014,Toko,1,890000,8.7,
2025-08-30,ORD-2025-005542,P00886,T13,MJ024,Online,1,3010000,8.3,590000
2025-08-30,ORD-2025-005542,P00886,T13,LM009,Online,2,2210000,12.9,150000
2025-08-30,ORD-2025-005632,P02434,T11,DK025,Toko,1,660000,4.8,
2025-08-30,ORD-2025-005679,P00390,T04,DK006,Toko,1,2070000,14.4,
2025-08-30,ORD-2025-005710,P02887,T13,MJ021,Online,1,2560000,9.1,520000
2025-08-30,ORD-2025-005727,P01525,T13,PD003,Online,1,1200000,7.0,330000
2025-08-30,ORD-2025-005728,P01695,T13,KS032,Online,1,9280000,5.0,90000
2025-08-30,ORD-2025-005737,P02123,T05,PD024,Toko,1,1130000,7.9,
2025-08-30,ORD-2025-005737,P02123,T05,MJ045,Toko,2,2740000,9.1,
2025-08-30,ORD-2025-005737,P02123,T05,KR047,Toko,1,4470000,11.0,430000
2025-08-30,ORD-2025-005766,P02512,T05,KR004,Toko,1,1790000,0.0,
2025-08-30,ORD-2025-005766,P02512,T05,DK030,Toko,1,930000,9.0,
2025-08-30,ORD-2025-005766,P02512,T05,DK024,Toko,1,930000,2.8,
2025-08-31,ORD-2025-005504,P00508,T01,DK038,Toko,1,530000,6.0,
2025-08-31,ORD-2025-005504,P00508,T01,SF029,Toko,4,7520000,10.1,
2025-08-31,ORD-2025-005518,P03124,T04,LM033,Marketplace,1,6100000,12.6,500000
2025-08-31,ORD-2025-005518,P03124,T04,KS026,Marketplace,1,6770000,13.8,270000
2025-08-31,ORD-2025-005536,P00081,T13,PD011,Online,1,750000,17.2,270000
2025-08-31,ORD-2025-005562,P01282,T13,PD026,Online,1,520000,0.0,210000
2025-08-31,ORD-2025-005562,P01282,T13,PD006,Online,1,970000,0.0,250000
2025-08-31,ORD-2025-005570,P03039,T02,KS030,Toko,2,3860000,12.6,
2025-08-31,ORD-2025-005570,P03039,T02,KR042,Toko,1,1850000,12.5,
2025-08-31,ORD-2025-005574,P03439,T09,MJ009,Marketplace,1,2670000,11.1,60000
2025-08-31,ORD-2025-005581,P01428,T11,PD013,Toko,1,1030000,10.8,
2025-08-31,ORD-2025-005581,P01428,T11,DK021,Toko,2,1010000,14.8,
2025-08-31,ORD-2025-005581,P01428,T11,KR023,Toko,1,1270000,9.7,
2025-08-31,ORD-2025-005595,P00546,T05,KR042,Toko,2,1850000,11.5,390000
2025-08-31,ORD-2025-005595,P00546,T05,KS007,Toko,1,6100000,0.0,
2025-08-31,ORD-2025-005620,P03141,T01,DK018,Marketplace,1,1000000,10.6,110000
2025-08-31,ORD-2025-005620,P03141,T01,PD019,Marketplace,1,1260000,4.8,140000
2025-08-31,ORD-2025-005620,P03141,T01,DK026,Marketplace,2,1170000,0.2,470000
2025-08-31,ORD-2025-005716,P02465,T13,PD017,Online,3,2370000,6.2,540000
2025-08-31,ORD-2025-005736,P00106,T05,DK029,Toko,1,500000,5.8,
2025-08-31,ORD-2025-005762,P01252,T13,MJ010,Online,1,3850000,12.7,230000
2025-08-31,ORD-2025-005771,P02930,T09,KR013,Marketplace,3,3330000,9.0,110000
2025-09-01,ORD-2025-005844,P02735,T06,KR046,Marketplace,1,1210000,16.9,260000
2025-09-01,ORD-2025-005868,P03185,T11,LM007,Toko,1,4350000,14.1,
2025-09-01,ORD-2025-005925,P01247,T02,KS006,Marketplace,1,8770000,0.0,580000
2025-09-01,ORD-2025-005966,P01371,T13,DK022,Online,1,550000,11.1,290000
2025-09-01,ORD-2025-005966,P01371,T13,SF039,Online,2,6120000,2.6,360000
2025-09-01,ORD-2025-005966,P01371,T13,PC009,Online,3,1490000,6.7,140000
2025-09-01,ORD-2025-006008,P00388,T04,SF042,Toko,1,4260000,12.5,
2025-09-01,ORD-2025-006008,P00388,T04,SF039,Toko,1,6120000,6.1,
2025-09-01,ORD-2025-006077,P03040,T13,DK030,Online,4,930000,8.4,340000
2025-09-01,ORD-2025-006077,P03040,T13,DK032,Online,1,340000,7.7,460000
2025-09-02,ORD-2025-005787,P02649,T03,KS019,Toko,1,7170000,10.6,
2025-09-02,ORD-2025-005787,P02649,T03,SF009,Toko,1,11780000,16.5,
2025-09-02,ORD-2025-005787,P02649,T03,KR023,Toko,1,1270000,11.0,
2025-09-02,ORD-2025-005801,P02111,T02,PD011,Toko,1,750000,0.0,
2025-09-02,ORD-2025-005801,P02111,T02,LM002,Toko,4,5960000,11.3,270000
2025-09-02,ORD-2025-005801,P02111,T02,MJ041,Toko,1,2240000,9.0,
2025-09-02,ORD-2025-005801,P02111,T02,PC007,Toko,1,1510000,12.5,
2025-09-02,ORD-2025-005934,P01185,T02,DK005,Toko,1,430000,0.0,
2025-09-02,ORD-2025-005934,P01185,T02,PC027,Toko,1,3210000,0.0,
2025-09-02,ORD-2025-005936,P01176,T13,PC010,Online,1,1240000,16.1,360000
2025-09-02,ORD-2025-005936,P01176,T13,LM017,Online,1,16390000,6.5,320000
2025-09-02,ORD-2025-005936,P01176,T13,DK021,Online,3,1010000,0.0,130000
2025-09-02,ORD-2025-005937,P03396,T13,DK010,Online,2,690000,9.2,240000
2025-09-02,ORD-2025-005937,P03396,T13,PD010,Online,1,450000,9.3,400000
2025-09-02,ORD-2025-005957,P01876,T13,MJ019,Online,2,6140000,12.0,50000
2025-09-02,ORD-2025-005957,P01876,T13,LM021,Online,1,7550000,0.0,120000
2025-09-02,ORD-2025-006000,P00536,T12,DK005,Toko,1,430000,7.3,
2025-09-02,ORD-2025-006000,P00536,T12,MJ009,Toko,1,2670000,11.6,
2025-09-02,ORD-2025-006000,P00536,T12,PD024,Toko,1,1130000,0.0,
2025-09-02,ORD-2025-006040,P00799,T05,KR040,Toko,2,2380000,11.0,
2025-09-02,ORD-2025-006058,P01680,T13,MJ008,Online,1,3030000,0.0,510000
2025-09-02,ORD-2025-006058,P01680,T13,DK023,Online,1,770000,0.0,
2025-09-02,ORD-2025-006058,P01680,T13,DK030,Online,1,930000,0.0,420000
2025-09-02,ORD-2025-006059,P02412,T13,LM034,Online,1,5930000,11.3,190000
2025-09-03,ORD-2025-005792,P00842,T13,PD017,Online,1,2370000,6.9,470000
2025-09-03,ORD-2025-005792,P00842,T13,KS030,Online,1,3860000,11.9,230000
2025-09-03,ORD-2025-005803,P00026,T13,DK007,Online,1,900000,18.5,60000
2025-09-03,ORD-2025-005803,P00026,T13,MJ024,Online,4,3010000,13.7,60000
2025-09-03,ORD-2025-005860,P00588,T13,SF025,Online,1,5340000,10.3,220000
2025-09-03,ORD-2025-005860,P00588,T13,PC022,Online,1,3000000,7.7,370000
2025-09-03,ORD-2025-005884,P02086,T01,KR020,Marketplace,2,1970000,6.6,400000
2025-09-03,ORD-2025-005884,P02086,T01,PD005,Marketplace,1,390000,0.0,100000
2025-09-03,ORD-2025-005917,P03335,T13,DK043,Online,1,760000,5.1,210000
2025-09-03,ORD-2025-005920,P01403,T13,LM007,Online,2,4350000,5.4,560000
2025-09-03,ORD-2025-005927,P01980,T04,MJ003,Toko,2,2060000,15.8,
2025-09-03,ORD-2025-005950,P02739,T13,LM002,Online,1,5960000,17.6,390000
2025-09-03,ORD-2025-005977,P00092,T13,KR028,Online,2,1780000,19.8,210000
2025-09-03,ORD-2025-005996,P02033,T01,PC030,Marketplace,1,1220000,19.6,120000
2025-09-03,ORD-2025-006053,P00223,T11,MJ027,Toko,1,3790000,8.6,
2025-09-03,ORD-2025-006053,P00223,T11,KR020,Toko,1,1970000,4.9,
2025-09-03,ORD-2025-006053,P00223,T11,PC027,Toko,1,3210000,8.2,
2025-09-03,ORD-2025-006071,P02201,T13,KR025,Online,1,3670000,10.6,50000
2025-09-03,ORD-2025-006071,P02201,T13,LM010,Online,1,7760000,14.4,330000
2025-09-04,ORD-2025-005814,P03041,T04,PD002,Marketplace,1,1150000,11.5,120000
2025-09-04,ORD-2025-005841,P02013,T11,KS034,Toko,1,6400000,7.9,
2025-09-04,ORD-2025-005855,P03323,T06,PD011,Toko,1,750000,4.7,
2025-09-04,ORD-2025-005855,P03323,T06,SF026,Toko,2,5850000,0.0,
2025-09-04,ORD-2025-005861,P02484,T13,KR029,Online,1,5120000,10.0,490000
2025-09-04,ORD-2025-005883,P01357,T11,PC015,Toko,2,1320000,0.8,
2025-09-04,ORD-2025-005901,P02914,T10,DK041,Toko,1,2550000,9.3,
2025-09-04,ORD-2025-005902,P01144,T13,PC028,Online,1,2190000,11.6,520000
2025-09-04,ORD-2025-005902,P01144,T13,PC009,Online,1,1490000,18.9,390000
2025-09-04,ORD-2025-005949,P02426,T13,MJ037,Online,1,3320000,16.9,270000
2025-09-04,ORD-2025-005954,P00617,T09,PD005,Marketplace,3,390000,2.0,560000
2025-09-04,ORD-2025-005954,P00617,T09,LM034,Marketplace,3,5930000,16.4,530000
2025-09-04,ORD-2025-005954,P00617,T09,PD012,Marketplace,2,1500000,6.7,150000
2025-09-04,ORD-2025-005954,P00617,T09,KS021,Marketplace,1,8510000,13.7,340000
2025-09-04,ORD-2025-006017,P00855,T11,KR019,Toko,2,2530000,8.2,340000
2025-09-05,ORD-2025-005789,P02313,T09,PC009,Toko,1,1490000,11.2,
2025-09-05,ORD-2025-005800,P01399,T05,DK021,Toko,1,1010000,11.1,
2025-09-05,ORD-2025-005885,P03066,T13,KS013,Online,2,10990000,11.8,290000
2025-09-05,ORD-2025-005885,P03066,T13,MJ001,Online,3,2940000,0.0,200000
2025-09-05,ORD-2025-005933,,T11,SF011,Toko,1,4580000,11.2,
2025-09-05,ORD-2025-005933,,T11,MJ037,Toko,2,3320000,7.8,
2025-09-05,ORD-2025-005953,P01778,T13,KR011,Online,1,1570000,11.3,390000
2025-09-05,ORD-2025-005971,P01947,T10,PC006,Toko,3,1850000,10.2,
2025-09-05,ORD-2025-005972,P00548,T13,DK016,Online,1,730000,4.6,
2025-09-05,ORD-2025-005972,P00548,T13,KS025,Online,2,7830000,8.5,550000
2025-09-05,ORD-2025-006035,P01677,T13,KR047,Online,1,4470000,11.5,420000
2025-09-05,ORD-2025-006035,P01677,T13,SF012,Online,1,7980000,0.0,270000
2025-09-05,ORD-2025-006035,P01677,T13,MJ044,Online,4,6150000,17.6,500000
2025-09-05,ORD-2025-006065,P03006,T06,SF001,Toko,2,7750000,9.7,
2025-09-05,ORD-2025-006065,P03006,T06,SF039,Toko,1,6120000,9.3,
2025-09-05,ORD-2025-006065,P03006,T06,SF030,Toko,1,5980000,19.2,
2025-09-05,ORD-2025-006065,P03006,T06,PC024,Toko,1,850000,10.2,
2025-09-05,ORD-2025-006070,P01894,T04,SF030,Toko,3,5980000,0.0,
2025-09-06,ORD-2025-005829,P00879,T02,MJ038,Toko,2,5030000,14.8,340000
2025-09-06,ORD-2025-005829,P00879,T02,PC011,Toko,1,4490000,6.9,
2025-09-06,ORD-2025-005843,P01358,T03,DK014,Toko,1,890000,4.9,
2025-09-06,ORD-2025-005843,P01358,T03,PD026,Toko,4,520000,12.5,
2025-09-06,ORD-2025-005976,P02646,T11,DK034,Marketplace,4,830000,8.6,50000
2025-09-06,ORD-2025-005998,P01666,T13,PC032,Online,1,470000,16.0,410000
2025-09-06,ORD-2025-006003,P03047,T05,PC005,Marketplace,1,660000,8.6,350000
2025-09-06,ORD-2025-006021,P02341,T13,DK007,Online,1,900000,0.0,240000
2025-09-06,ORD-2025-006021,P02341,T13,KR040,Online,1,2380000,21.3,450000
2025-09-06,ORD-2025-006023,P00932,T13,KS015,Online,4,7280000,13.1,380000
2025-09-06,ORD-2025-006023,P00932,T13,SF015,Online,4,6690000,14.5,360000
2025-09-06,ORD-2025-006034,P00881,T13,DK011,Online,1,2070000,6.9,110000
2025-09-06,ORD-2025-006037,P03250,T12,PD024,Toko,2,1130000,12.0,
2025-09-07,ORD-2025-005786,P02715,T06,MJ002,Marketplace,1,3330000,13.4,580000
2025-09-07,ORD-2025-005790,P02464,T13,KR020,Online,1,1970000,0.0,130000
2025-09-07,ORD-2025-005796,P01720,T04,DK005,Toko,2,430000,4.9,
2025-09-07,ORD-2025-005796,P01720,T04,DK029,Toko,1,500000,17.0,
2025-09-07,ORD-2025-005796,P01720,T04,DK043,Toko,1,760000,13.2,
2025-09-07,ORD-2025-005824,P00286,T04,KR019,Marketplace,2,2530000,0.0,500000
2025-09-07,ORD-2025-005824,P00286,T04,PC032,Marketplace,1,470000,5.9,130000
2025-09-07,ORD-2025-005851,P01442,T01,DK043,Marketplace,1,760000,0.0,240000
2025-09-07,ORD-2025-005864,P00798,T04,DK002,Toko,2,490000,13.9,
2025-09-07,ORD-2025-005869,P01305,T05,KR020,Toko,1,1970000,3.3,
2025-09-07,ORD-2025-005869,P01305,T05,KS034,Toko,1,6400000,13.1,
2025-09-07,ORD-2025-005915,P00183,T13,SF031,Online,1,3420000,7.8,590000
2025-09-07,ORD-2025-005923,P00516,T12,PD004,Toko,1,1050000,9.9,
2025-09-07,ORD-2025-005923,P00516,T12,LM034,Toko,1,5930000,14.0,
2025-09-07,ORD-2025-005923,P00516,T12,PD010,Toko,2,450000,14.5,
2025-09-07,ORD-2025-005947,P03233,T12,KR018,Toko,1,1090000,7.1,370000
2025-09-07,ORD-2025-005947,P03233,T12,KS015,Toko,1,7280000,0.0,
2025-09-07,ORD-2025-005947,P03233,T12,DK001,Toko,1,530000,0.0,
2025-09-07,ORD-2025-005962,P01205,T11,DK034,Marketplace,1,830000,6.0,470000
2025-09-07,ORD-2025-005964,P01237,T04,LM015,Toko,1,3180000,11.2,
2025-09-07,ORD-2025-005975,P02761,T12,DK012,Marketplace,1,960000,18.7,100000
2025-09-07,ORD-2025-005975,P02761,T12,MJ036,Marketplace,2,3410000,10.3,310000
2025-09-07,ORD-2025-005979,P01062,T13,DK037,Online,1,540000,10.4,430000
2025-09-07,ORD-2025-005987,P01688,T13,LM014,Online,3,4520000,3.4,100000
2025-09-07,ORD-2025-005991,P00402,T11,DK036,Toko,1,510000,6.2,
2025-09-07,ORD-2025-005991,P00402,T11,KR002,Toko,1,1500000,4.8,
2025-09-08,ORD-2025-005782,P01167,T13,PD004,Online,1,1050000,11.6,260000
2025-09-08,ORD-2025-005806,P01339,T03,SF007,Toko,3,10370000,17.5,
2025-09-08,ORD-2025-005808,P02041,T06,PD022,Toko,1,520000,0.0,
2025-09-08,ORD-2025-005906,P01538,T02,DK009,Marketplace,1,990000,11.4,220000
2025-09-08,ORD-2025-005906,P01538,T02,PC002,Marketplace,2,1740000,12.0,560000
2025-09-08,ORD-2025-005928,,T03,LM026,Toko,2,5250000,5.4,
2025-09-08,ORD-2025-005944,P00123,T09,LM007,Toko,2,4350000,5.5,400000
2025-09-08,ORD-2025-005944,P00123,T09,DK013,Toko,1,1520000,13.0,
2025-09-08,ORD-2025-005944,P00123,T09,PD016,Toko,1,1080000,12.0,
2025-09-08,ORD-2025-005958,P00423,T09,PD017,Toko,1,2370000,3.0,
2025-09-08,ORD-2025-006042,P01034,T13,LM039,Online,1,7740000,8.2,360000
2025-09-08,ORD-2025-006042,P01034,T13,PD009,Online,2,840000,13.0,50000
2025-09-08,ORD-2025-006042,P01034,T13,PD005,Online,1,390000,5.7,460000
2025-09-09,ORD-2025-005798,P00139,T02,KS012,Toko,1,11030000,11.5,
2025-09-09,ORD-2025-005798,P00139,T02,KR007,Toko,1,1690000,14.1,
2025-09-09,ORD-2025-005798,P00139,T02,LM028,Toko,1,6300000,8.6,
2025-09-09,ORD-2025-005816,P01176,T11,KR016,Toko,1,3780000,9.6,
2025-09-09,ORD-2025-005833,P00857,T05,LM026,Toko,1,5250000,7.4,
2025-09-09,ORD-2025-005890,P00240,T13,PD004,Online,3,1050000,4.6,140000
2025-09-09,ORD-2025-005903,P02943,T09,KR002,Toko,4,1500000,12.0,
2025-09-09,ORD-2025-005905,P00510,T13,DK025,Online,1,660000,7.2,70000
2025-09-09,ORD-2025-005911,P00229,T13,PD003,Online,1,1200000,17.4,510000
2025-09-09,ORD-2025-005940,P01679,T09,KS023,Toko,1,13410000,10.9,
2025-09-09,ORD-2025-006016,P00346,T13,KR027,Online,1,1770000,0.0,460000
2025-09-09,ORD-2025-006016,P00346,T13,PD006,Online,1,970000,5.6,570000
2025-09-09,ORD-2025-006016,P00346,T13,DK031,Online,1,800000,15.4,310000
2025-09-09,ORD-2025-006016,P00346,T13,KS012,Online,1,11030000,2.1,150000
2025-09-09,ORD-2025-006039,P00954,T05,PC020,Marketplace,1,2530000,11.2,300000
2025-09-09,ORD-2025-006039,P00954,T05,DK002,Marketplace,1,490000,9.6,60000
2025-09-09,ORD-2025-006047,P03089,T13,PD010,Online,1,450000,10.8,370000
2025-09-09,ORD-2025-006056,P00768,T13,PC027,Online,1,3210000,7.5,110000
2025-09-10,ORD-2025-005780,P01866,T13,PC003,Online,1,1200000,0.0,240000
2025-09-10,ORD-2025-005795,P02853,T13,KS014,Online,1,6440000,9.6,340000
2025-09-10,ORD-2025-005797,P03215,T03,PD026,Marketplace,1,520000,11.9,280000
2025-09-10,ORD-2025-005797,P03215,T03,SF042,Marketplace,1,4260000,7.9,310000
2025-09-10,ORD-2025-005797,P03215,T03,DK024,Marketplace,2,930000,5.2,200000
2025-09-10,ORD-2025-005822,P03426,T07,KR015,Marketplace,1,2050000,11.2,130000
2025-09-10,ORD-2025-005822,P03426,T07,MJ036,Marketplace,2,3410000,9.4,530000
2025-09-10,ORD-2025-005859,P01244,T13,MJ029,Online,1,2890000,14.2,70000
2025-09-10,ORD-2025-005859,P01244,T13,SF010,Online,1,18330000,12.8,580000
2025-09-10,ORD-2025-005866,P03312,T10,KR040,Toko,1,2380000,10.7,
2025-09-10,ORD-2025-005935,P00232,T13,KR041,Online,1,1620000,6.1,130000
2025-09-10,ORD-2025-005948,P02803,T12,MJ015,Toko,1,2920000,9.0,
2025-09-10,ORD-2025-006014,P00096,T02,SF017,Marketplace,4,8850000,10.5,110000
2025-09-11,ORD-2025-005835,P00610,T13,KR036,Online,1,2360000,8.4,230000
2025-09-11,ORD-2025-005835,P00610,T13,DK014,Online,2,890000,11.5,460000
2025-09-11,ORD-2025-005835,P00610,T13,DK004,Online,2,1240000,8.3,
2025-09-11,ORD-2025-005837,P00594,T13,MJ032,Online,1,5400000,16.0,420000
2025-09-11,ORD-2025-005895,P00450,T13,LM002,Online,1,5960000,14.4,170000
2025-09-11,ORD-2025-005895,P00450,T13,PC010,Online,4,1240000,16.1,130000
2025-09-11,ORD-2025-005942,P03105,T11,MJ015,Toko,1,2920000,0.0,
2025-09-11,ORD-2025-005942,P03105,T11,SF006,Toko,1,4230000,8.8,
2025-09-11,ORD-2025-005945,P02356,T10,DK032,Toko,1,340000,10.0,
2025-09-11,ORD-2025-005945,P02356,T10,SF029,Toko,2,7520000,17.7,
2025-09-11,ORD-2025-005969,P00252,T11,DK025,Toko,1,660000,0.0,
2025-09-11,ORD-2025-005985,P00795,T05,MJ021,Marketplace,1,2560000,0.0,70000
2025-09-11,ORD-2025-005985,P00795,T05,PD009,Marketplace,1,840000,0.0,130000
2025-09-11,ORD-2025-005985,P00795,T05,DK027,Marketplace,2,630000,14.3,380000
2025-09-11,ORD-2025-006010,P00006,T13,KS001,Online,1,9740000,15.4,290000
2025-09-11,ORD-2025-006029,P00050,T13,MJ037,Online,1,3320000,11.3,400000
2025-09-11,ORD-2025-006029,P00050,T13,KR038,Online,1,2240000,9.8,230000
2025-09-11,ORD-2025-006066,P03232,T09,DK013,Toko,1,1520000,0.0,240000
2025-09-11,ORD-2025-006074,P00394,T07,KR031,Toko,1,2350000,10.6,180000
2025-09-11,ORD-2025-006074,P00394,T07,PC027,Toko,3,3210000,10.2,
2025-09-11,ORD-2025-006074,P00394,T07,PC012,Toko,2,1870000,13.4,
2025-09-12,ORD-2025-005799,P02840,T03,MJ001,Toko,3,2940000,5.2,
2025-09-12,ORD-2025-005886,P01540,T05,PD019,Toko,1,1260000,16.3,
2025-09-12,ORD-2025-005916,P01569,T01,KR027,Toko,3,1770000,6.7,
2025-09-12,ORD-2025-005938,P02267,T03,KS005,Toko,1,13120000,11.9,
2025-09-12,ORD-2025-005938,P02267,T03,DK044,Toko,4,1380000,2.5,
2025-09-12,ORD-2025-005938,P02267,T03,MJ021,Toko,3,2560000,12.7,
2025-09-12,ORD-2025-005943,,T09,DK017,Toko,1,1740000,22.1,
2025-09-12,ORD-2025-005951,P02068,T11,KR043,Toko,2,5270000,8.3,
2025-09-12,ORD-2025-005997,P02850,T04,DK019,Marketplace,1,860000,10.3,520000
2025-09-12,ORD-2025-005997,P02850,T04,PC011,Marketplace,1,4490000,12.6,210000
2025-09-12,ORD-2025-006001,P00884,T07,PD013,Toko,1,1030000,12.0,
2025-09-12,ORD-2025-006006,P01256,T04,SF028,Toko,1,6980000,6.0,
2025-09-12,ORD-2025-006015,P00872,T06,DK009,Toko,1,990000,0.0,
2025-09-12,ORD-2025-006015,P00872,T06,DK018,Toko,1,1000000,5.9,
2025-09-12,ORD-2025-006048,P02477,T13,PC029,Online,2,1900000,13.3,450000
2025-09-12,ORD-2025-006050,P02569,T02,PC032,Toko,1,470000,0.0,
2025-09-12,ORD-2025-006050,P02569,T02,KS019,Toko,1,7170000,11.2,
2025-09-12,ORD-2025-006078,P02197,T13,LM006,Online,2,13730000,9.3,270000
2025-09-13,ORD-2025-005785,P03101,T13,LM027,Online,1,14450000,6.6,130000
2025-09-13,ORD-2025-005785,P03101,T13,MJ027,Online,1,3790000,8.1,
2025-09-13,ORD-2025-005804,P01752,T13,LM008,Online,1,5080000,12.0,500000
2025-09-13,ORD-2025-005809,P01272,T09,DK033,Toko,1,220000,13.4,
2025-09-13,ORD-2025-005825,P01031,T13,PC023,Online,1,1920000,14.8,210000
2025-09-13,ORD-2025-005867,P02488,T13,PD002,Online,1,1150000,13.2,560000
2025-09-13,ORD-2025-005896,P02192,T11,LM023,Toko,1,8770000,7.7,
2025-09-13,ORD-2025-005956,P02916,T05,PC006,Toko,2,1850000,11.4,
2025-09-13,ORD-2025-005984,P00681,T13,KS022,Online,1,13060000,9.9,100000
2025-09-13,ORD-2025-005994,P01303,T13,DK009,Online,1,990000,0.0,440000
2025-09-13,ORD-2025-006030,P00144,T06,MJ006,Toko,2,4050000,4.2,
2025-09-13,ORD-2025-006044,P00534,T13,SF034,Online,2,13040000,13.1,80000
2025-09-13,ORD-2025-006044,P00534,T13,DK038,Online,1,530000,8.0,520000
2025-09-13,ORD-2025-006044,P00534,T13,DK037,Online,1,540000,6.2,270000
2025-09-14,ORD-2025-005805,P00716,T13,MJ030,Online,1,2670000,8.5,280000
2025-09-14,ORD-2025-005805,P00716,T13,MJ029,Online,1,2890000,9.2,240000
2025-09-14,ORD-2025-005818,P01468,T05,KR005,Toko,1,3610000,13.8,
2025-09-14,ORD-2025-005818,P01468,T05,DK018,Toko,2,1000000,13.0,
2025-09-14,ORD-2025-005838,P01874,T02,PD011,Toko,1,750000,10.8,
2025-09-14,ORD-2025-005848,P03296,T01,DK002,Marketplace,1,490000,8.7,530000
2025-09-14,ORD-2025-005854,P01972,T04,DK029,Toko,1,500000,0.0,
2025-09-14,ORD-2025-005872,P00894,T13,PD010,Online,2,450000,7.9,470000
2025-09-14,ORD-2025-005877,P01073,T13,PD004,Online,1,1050000,8.6,80000
2025-09-14,ORD-2025-005877,P01073,T13,SF021,Online,1,9200000,21.7,140000
2025-09-14,ORD-2025-005877,P01073,T13,KR034,Online,1,2350000,16.3,200000
2025-09-14,ORD-2025-005909,P02891,T13,KR017,Online,2,4540000,7.5,520000
2025-09-14,ORD-2025-005919,P02581,T03,PC007,Toko,1,1510000,17.5,
2025-09-14,ORD-2025-005919,P02581,T03,DK008,Toko,1,910000,12.3,
2025-09-14,ORD-2025-005970,P02677,T13,MJ046,Online,2,2600000,12.1,170000
2025-09-14,ORD-2025-005970,P02677,T13,SF018,Online,1,10500000,11.4,400000
2025-09-14,ORD-2025-005978,P02228,T13,DK012,Online,1,960000,13.0,
2025-09-14,ORD-2025-005992,,T10,KR025,Toko,1,3670000,0.0,
2025-09-14,ORD-2025-005992,,T10,PD017,Toko,1,2370000,12.2,
2025-09-14,ORD-2025-006007,P02142,T13,PD006,Online,1,970000,0.0,60000
2025-09-14,ORD-2025-006049,P03129,T03,DK008,Toko,1,910000,12.0,
2025-09-14,ORD-2025-006049,P03129,T03,PD003,Toko,1,1200000,0.0,
2025-09-14,ORD-2025-006057,P03281,T13,LM014,Online,3,4520000,7.3,470000
2025-09-15,ORD-2025-005788,P03476,T01,MJ043,Toko,1,4010000,7.3,
2025-09-15,ORD-2025-005788,P03476,T01,KR020,Toko,1,1970000,6.4,
2025-09-15,ORD-2025-005788,P03476,T01,KR028,Toko,1,1780000,10.7,280000
2025-09-15,ORD-2025-005788,P03476,T01,SF033,Toko,1,9380000,9.7,
2025-09-15,ORD-2025-005807,P00684,T13,SF001,Online,1,7750000,13.3,270000
2025-09-15,ORD-2025-005823,P02067,T06,SF007,Toko,1,10370000,5.6,230000
2025-09-15,ORD-2025-005823,P02067,T06,DK033,Toko,1,220000,9.9,
2025-09-15,ORD-2025-005823,P02067,T06,SF014,Toko,1,11630000,0.0,
2025-09-15,ORD-2025-005823,P02067,T06,PD010,Toko,1,450000,10.4,
2025-09-15,ORD-2025-005850,P00645,T13,MJ014,Online,2,4970000,15.1,150000
2025-09-15,ORD-2025-005850,P00645,T13,DK002,Online,2,490000,8.4,120000
2025-09-15,ORD-2025-005865,P02335,T09,DK024,Marketplace,2,930000,10.3,210000
2025-09-15,ORD-2025-005865,P02335,T09,SF033,Marketplace,1,9380000,8.9,360000
2025-09-15,ORD-2025-005865,P02335,T09,PC028,Marketplace,1,2190000,0.0,530000
2025-09-15,ORD-2025-005910,P00191,T06,DK032,Toko,1,340000,13.2,
2025-09-15,ORD-2025-005910,P00191,T06,DK033,Toko,1,220000,0.0,
2025-09-15,ORD-2025-005952,P02937,T01,MJ010,Toko,1,3850000,10.7,
2025-09-15,ORD-2025-005959,P01782,T10,LM001,Marketplace,1,6680000,11.8,50000
2025-09-15,ORD-2025-006013,P02962,T05,PD005,Toko,1,390000,9.9,
2025-09-15,ORD-2025-006013,P02962,T05,DK030,Toko,4,930000,0.0,
2025-09-15,ORD-2025-006019,P03204,T13,SF025,Online,2,5340000,7.6,290000
2025-09-15,ORD-2025-006019,P03204,T13,PD024,Online,1,1130000,8.9,450000
2025-09-15,ORD-2025-006019,P03204,T13,MJ020,Online,1,4520000,9.7,170000
2025-09-15,ORD-2025-006036,P02412,T02,DK029,Toko,1,500000,7.4,
2025-09-15,ORD-2025-006036,P02412,T02,KR045,Toko,1,3000000,0.0,
2025-09-15,ORD-2025-006036,P02412,T02,PC030,Toko,1,1220000,12.2,
2025-09-15,ORD-2025-006043,P00860,T05,SF009,Toko,1,11780000,12.2,
2025-09-15,ORD-2025-006073,P01077,T01,DK042,Toko,1,1280000,0.0,
2025-09-15,ORD-2025-006073,P01077,T01,DK024,Toko,1,930000,11.4,
2025-09-16,ORD-2025-005793,P01250,T13,PD022,Online,1,520000,9.8,230000
2025-09-16,ORD-2025-005793,P01250,T13,PC001,Online,2,1430000,9.6,500000
2025-09-16,ORD-2025-005881,P03322,T02,KR026,Toko,1,2860000,5.2,
2025-09-16,ORD-2025-005882,P00966,T13,MJ042,Online,1,10940000,6.9,290000
2025-09-16,ORD-2025-005888,P00276,T01,PC031,Marketplace,1,1660000,0.0,370000
2025-09-16,ORD-2025-005939,P00963,T12,KR048,Marketplace,1,5130000,12.1,380000
2025-09-16,ORD-2025-005939,P00963,T12,MJ037,Marketplace,1,3320000,5.5,180000
2025-09-16,ORD-2025-005939,P00963,T12,DK016,Marketplace,1,730000,7.1,110000
2025-09-16,ORD-2025-005995,P00970,T13,DK034,Online,2,830000,11.1,340000
2025-09-16,ORD-2025-005995,P00970,T13,MJ014,Online,2,4970000,18.1,310000
2025-09-16,ORD-2025-006033,P00351,T01,KR013,Marketplace,1,3330000,15.6,250000
2025-09-16,ORD-2025-006033,P00351,T01,DK023,Marketplace,1,770000,12.8,560000
2025-09-16,ORD-2025-006055,P02849,T03,MJ021,Marketplace,1,2560000,18.2,240000
2025-09-16,ORD-2025-006055,P02849,T03,KR012,Marketplace,1,2460000,0.0,590000
2025-09-16,ORD-2025-006063,P00415,T06,DK020,Toko,2,690000,0.0,
2025-09-17,ORD-2025-005815,P00908,T13,SF017,Online,1,8850000,11.2,440000
2025-09-17,ORD-2025-005839,P03340,T09,PC026,Toko,1,860000,19.0,
2025-09-17,ORD-2025-005839,P03340,T09,MJ020,Toko,1,4520000,13.8,
2025-09-17,ORD-2025-005858,P01193,T11,PC026,Marketplace,2,860000,0.0,520000
2025-09-17,ORD-2025-005921,P02866,T11,PC030,Toko,3,1220000,10.0,
2025-09-17,ORD-2025-005930,P00446,T04,DK016,Marketplace,1,730000,13.1,190000
2025-09-17,ORD-2025-005930,P00446,T04,DK020,Marketplace,1,690000,0.0,300000
2025-09-17,ORD-2025-005982,P00032,T13,DK044,Online,1,1380000,16.1,330000
2025-09-18,ORD-2025-005830,P02330,T03,LM010,Toko,1,7760000,0.0,
2025-09-18,ORD-2025-005875,P02352,T13,DK032,Online,1,340000,15.1,450000
2025-09-18,ORD-2025-005880,P03148,T07,SF003,Toko,1,12490000,16.3,
2025-09-18,ORD-2025-005880,P03148,T07,PD020,Toko,1,920000,8.8,
2025-09-18,ORD-2025-005914,P02399,T09,KS020,Marketplace,1,17920000,8.5,210000
2025-09-18,ORD-2025-005965,P01471,T09,DK008,Toko,2,910000,6.2,
2025-09-18,ORD-2025-005968,P02879,T13,DK031,Online,1,800000,3.7,330000
2025-09-18,ORD-2025-005980,P01396,T13,PD004,Online,1,1050000,0.0,70000
2025-09-18,ORD-2025-006052,P01401,T06,LM036,Marketplace,1,4150000,15.7,80000
2025-09-18,ORD-2025-006052,P01401,T06,DK020,Marketplace,1,690000,13.5,380000
2025-09-18,ORD-2025-006067,P01874,T05,PD019,Toko,1,1260000,7.0,220000
2025-09-18,ORD-2025-006067,P01874,T05,MJ021,Toko,1,2560000,13.1,
2025-09-18,ORD-2025-006072,P00506,T06,LM036,Toko,1,4150000,9.3,
2025-09-18,ORD-2025-006072,P00506,T06,PC015,Toko,2,1320000,0.0,
2025-09-18,ORD-2025-006072,P00506,T06,KR037,Toko,1,2790000,3.1,
2025-09-18,ORD-2025-006072,P00506,T06,DK044,Toko,1,1380000,11.0,
2025-09-19,ORD-2025-005777,P03163,T13,MJ011,Online,1,6920000,11.1,400000
2025-09-19,ORD-2025-005777,P03163,T13,KR033,Online,1,3030000,5.0,410000
2025-09-19,ORD-2025-005832,P02958,T13,PC030,Online,1,1220000,17.0,580000
2025-09-19,ORD-2025-005832,P02958,T13,LM009,Online,1,2210000,14.2,130000
2025-09-19,ORD-2025-005871,P01920,T02,DK006,Toko,1,2070000,9.8,
2025-09-19,ORD-2025-005871,P01920,T02,PD024,Toko,3,1130000,12.2,
2025-09-19,ORD-2025-005876,P02676,T03,MJ031,Toko,1,7400000,14.1,180000
2025-09-19,ORD-2025-005876,P02676,T03,SF030,Toko,1,5980000,12.2,
2025-09-19,ORD-2025-005922,P01121,T13,KR046,Online,1,1210000,21.8,230000
2025-09-19,ORD-2025-005922,P01121,T13,PC001,Online,4,1430000,0.0,70000
2025-09-19,ORD-2025-005973,P02634,T01,KS030,Toko,1,3860000,8.5,
2025-09-19,ORD-2025-005973,P02634,T01,LM030,Toko,1,5720000,2.7,220000
2025-09-19,ORD-2025-006068,P03134,T05,PD015,Marketplace,1,750000,22.3,320000
2025-09-20,ORD-2025-005781,P02989,T05,PC009,Toko,1,1490000,9.5,
2025-09-20,ORD-2025-005784,P02589,T11,KR041,Toko,1,1620000,7.7,
2025-09-20,ORD-2025-005842,,T09,DK022,Toko,1,550000,8.6,
2025-09-20,ORD-2025-005842,,T09,DK027,Toko,1,630000,6.3,
2025-09-20,ORD-2025-005847,P02390,T01,KR037,Toko,2,2790000,17.9,
2025-09-20,ORD-2025-005847,P02390,T01,KR034,Toko,2,2350000,6.6,
2025-09-20,ORD-2025-005853,P01064,T06,SF042,Toko,1,4260000,0.0,
2025-09-20,ORD-2025-005856,P00519,T13,SF037,Online,3,10360000,15.4,420000
2025-09-20,ORD-2025-005894,P02044,T13,KR002,Online,2,1500000,9.3,180000
2025-09-20,ORD-2025-005908,P01994,T05,PD015,Marketplace,3,750000,0.0,350000
2025-09-20,ORD-2025-005926,P01481,T13,DK033,Online,1,220000,9.4,70000
2025-09-20,ORD-2025-005926,P01481,T13,KR031,Online,1,2350000,6.4,570000
2025-09-20,ORD-2025-005941,P02375,T03,MJ038,Toko,1,5030000,13.2,
2025-09-20,ORD-2025-006012,P01594,T13,MJ026,Online,1,3480000,18.1,540000
2025-09-20,ORD-2025-006027,P00544,T13,LM021,Online,1,7550000,6.8,550000
2025-09-20,ORD-2025-006027,P00544,T13,DK025,Online,1,660000,11.0,130000
2025-09-20,ORD-2025-006062,P00578,T13,SF025,Online,1,5340000,11.4,170000
2025-09-21,ORD-2025-005834,P00400,T13,PD016,Online,1,1080000,17.8,390000
2025-09-21,ORD-2025-005834,P00400,T13,DK033,Online,4,220000,13.8,450000
2025-09-21,ORD-2025-005846,P01762,T06,PD011,Toko,2,750000,2.8,
2025-09-21,ORD-2025-005846,P01762,T06,KS019,Toko,1,7170000,3.9,
2025-09-21,ORD-2025-005849,P01917,T03,KR019,Toko,1,2530000,9.1,
2025-09-21,ORD-2025-005878,P02843,T05,DK014,Marketplace,1,890000,12.0,520000
2025-09-21,ORD-2025-005899,P00356,T12,DK025,Toko,2,660000,9.0,
2025-09-21,ORD-2025-005912,P01926,T10,PC012,Toko,1,1870000,7.1,
2025-09-21,ORD-2025-005929,P01729,T13,LM021,Online,1,7550000,5.6,170000
2025-09-21,ORD-2025-005946,P01287,T02,KR016,Toko,1,3780000,12.8,
2025-09-21,ORD-2025-005946,P01287,T02,PC009,Toko,1,1490000,6.9,
2025-09-21,ORD-2025-006018,P00174,T01,SF005,Toko,1,13820000,6.5,410000
2025-09-21,ORD-2025-006025,P00878,T01,MJ027,Toko,1,3790000,5.0,
2025-09-21,ORD-2025-006025,P00878,T01,PD014,Toko,1,1590000,0.0,
2025-09-21,ORD-2025-006064,P01835,T09,PD025,Toko,1,1100000,15.3,
2025-09-21,ORD-2025-006064,P01835,T09,SF041,Toko,1,7920000,16.6,
2025-09-22,ORD-2025-005779,P00382,T01,DK035,Marketplace,2,400000,10.2,130000
2025-09-22,ORD-2025-005918,P02451,T13,SF021,Online,1,9200000,17.4,480000
2025-09-22,ORD-2025-005963,P01163,T10,DK012,Toko,1,960000,11.8,
2025-09-22,ORD-2025-005983,P02075,T13,MJ013,Online,1,2960000,13.0,350000
2025-09-22,ORD-2025-005999,P03310,T13,KR003,Online,1,1440000,3.4,410000
2025-09-22,ORD-2025-006011,P00991,T13,SF019,Online,1,8050000,0.0,190000
2025-09-22,ORD-2025-006011,P00991,T13,KR033,Online,1,3030000,13.6,150000
2025-09-22,ORD-2025-006011,P00991,T13,SF011,Online,2,4580000,14.1,340000
2025-09-22,ORD-2025-006011,P00991,T13,SF012,Online,1,7980000,19.8,230000
2025-09-22,ORD-2025-006022,P02524,T11,PC023,Toko,2,1920000,10.3,
2025-09-22,ORD-2025-006022,P02524,T11,PD007,Toko,1,770000,6.2,
2025-09-22,ORD-2025-006022,P02524,T11,MJ031,Toko,1,7400000,6.3,
2025-09-22,ORD-2025-006022,P02524,T11,DK037,Toko,4,540000,5.7,410000
2025-09-22,ORD-2025-006038,P01268,T13,DK038,Online,1,530000,11.4,80000
2025-09-22,ORD-2025-006076,P02386,T07,PC014,Toko,2,1800000,0.0,
2025-09-23,ORD-2025-005812,P01449,T03,KR036,Toko,1,2360000,14.3,400000
2025-09-23,ORD-2025-005817,P02577,T05,MJ031,Toko,1,7400000,12.3,
2025-09-23,ORD-2025-005821,P02347,T02,KR028,Toko,2,1780000,0.0,
2025-09-23,ORD-2025-005821,P02347,T02,LM004,Toko,1,4320000,16.4,
2025-09-23,ORD-2025-005826,P03470,T07,DK043,Toko,1,760000,3.6,
2025-09-23,ORD-2025-005826,P03470,T07,KS022,Toko,1,13060000,7.8,
2025-09-23,ORD-2025-005826,P03470,T07,DK044,Toko,1,1380000,11.8,
2025-09-23,ORD-2025-005862,P00684,T13,KR033,Online,1,3030000,14.5,160000
2025-09-23,ORD-2025-005862,P00684,T13,KR007,Online,2,1690000,10.0,460000
2025-09-23,ORD-2025-005863,P01990,T13,LM001,Online,1,6680000,5.9,540000
2025-09-23,ORD-2025-005863,P01990,T13,SF030,Online,2,5980000,6.2,540000
2025-09-23,ORD-2025-005874,P03139,T05,KR042,Marketplace,1,1850000,15.2,370000
2025-09-23,ORD-2025-005887,P00152,T13,PC030,Online,1,1220000,1.6,430000
2025-09-23,ORD-2025-005889,P02835,T04,SF016,Toko,1,10420000,11.7,
2025-09-23,ORD-2025-005955,P03097,T13,KR039,Online,2,2460000,9.7,450000
2025-09-23,ORD-2025-006002,P03418,T03,MJ033,Toko,1,4180000,9.7,
2025-09-24,ORD-2025-005810,P03441,T07,PC026,Toko,1,860000,10.7,
2025-09-24,ORD-2025-005810,P03441,T07,DK018,Toko,2,1000000,20.5,
2025-09-24,ORD-2025-005819,P01509,T13,MJ002,Online,1,3330000,11.2,480000
2025-09-24,ORD-2025-005819,P01509,T13,DK040,Online,1,1260000,12.8,550000
2025-09-24,ORD-2025-005857,P01734,T13,SF011,Online,2,4580000,7.4,400000
2025-09-24,ORD-2025-005873,P03165,T10,DK012,Toko,1,960000,0.0,
2025-09-24,ORD-2025-005961,P00166,T03,MJ030,Toko,1,2670000,15.4,
2025-09-24,ORD-2025-005988,P00449,T13,KR042,Online,2,1850000,10.2,330000
2025-09-24,ORD-2025-005990,P02044,T13,DK003,Online,1,420000,0.0,250000
2025-09-24,ORD-2025-006046,P01497,T06,MJ009,Toko,1,2670000,15.2,
2025-09-24,ORD-2025-006069,P02755,T13,DK038,Online,1,530000,16.1,100000
2025-09-25,ORD-2025-005802,P01763,T04,KR045,Toko,4,3000000,11.2,
2025-09-25,ORD-2025-005932,P02505,T05,DK038,Toko,1,530000,0.0,
2025-09-25,ORD-2025-005989,P00038,T13,KR047,Online,1,4470000,9.7,400000
2025-09-25,ORD-2025-006004,P02623,T05,SF008,Toko,1,13020000,0.0,
2025-09-25,ORD-2025-006004,P02623,T05,DK002,Toko,1,490000,11.6,
2025-09-26,ORD-2025-005845,P01259,T13,MJ021,Online,4,2560000,9.1,440000
2025-09-26,ORD-2025-005870,P03386,T01,PD021,Toko,1,660000,0.0,
2025-09-26,ORD-2025-005870,P03386,T01,DK018,Toko,1,1000000,8.3,
2025-09-26,ORD-2025-005879,P00519,T03,DK014,Toko,1,890000,12.0,
2025-09-26,ORD-2025-005897,P00641,T13,PD019,Online,1,1260000,8.2,360000
2025-09-26,ORD-2025-005898,P00890,T01,DK037,Toko,1,540000,3.9,
2025-09-26,ORD-2025-005898,P00890,T01,KR005,Toko,1,3610000,0.0,
2025-09-26,ORD-2025-005907,P02053,T07,PC003,Toko,1,1200000,8.9,
2025-09-26,ORD-2025-005907,P02053,T07,DK007,Toko,3,900000,7.6,
2025-09-26,ORD-2025-005907,P02053,T07,DK026,Toko,1,1170000,6.7,
2025-09-26,ORD-2025-005913,P01206,T07,PD019,Toko,1,1260000,11.5,
2025-09-26,ORD-2025-005924,P00748,T01,KR034,Toko,1,2350000,7.6,
2025-09-26,ORD-2025-006032,P03040,T13,PD019,Online,2,1260000,8.8,500000
2025-09-27,ORD-2025-005778,P01061,T13,KS018,Online,1,7410000,6.8,370000
2025-09-27,ORD-2025-005778,P01061,T13,MJ025,Online,1,5470000,13.0,390000
2025-09-27,ORD-2025-005778,P01061,T13,PD010,Online,1,450000,1.4,330000
2025-09-27,ORD-2025-005778,P01061,T13,PC002,Online,1,1740000,18.0,320000
2025-09-27,ORD-2025-005794,P00154,T07,KR048,Toko,1,5130000,13.7,
2025-09-27,ORD-2025-005813,P00929,T11,PD004,Toko,1,1050000,5.2,
2025-09-27,ORD-2025-005813,P00929,T11,KR046,Toko,2,1210000,2.6,80000
2025-09-27,ORD-2025-005820,P00681,T09,LM003,Toko,2,5440000,0.0,
2025-09-27,ORD-2025-005828,P03344,T05,KR044,Toko,2,2280000,12.0,
2025-09-27,ORD-2025-005892,P00807,T05,DK031,Toko,2,800000,0.0,
2025-09-27,ORD-2025-005900,,T06,PC008,Toko,3,1830000,12.3,
2025-09-27,ORD-2025-005931,P00466,T13,DK011,Online,1,2070000,11.8,240000
2025-09-27,ORD-2025-005967,P02635,T13,DK035,Online,1,400000,12.0,370000
2025-09-27,ORD-2025-005967,P02635,T13,KR023,Online,3,1270000,4.4,510000
2025-09-27,ORD-2025-005967,P02635,T13,KR004,Online,1,1790000,9.8,190000
2025-09-27,ORD-2025-005993,P01141,T13,KR003,Online,1,1440000,11.4,150000
2025-09-27,ORD-2025-006045,P01055,T13,DK034,Online,1,830000,17.6,230000
2025-09-27,ORD-2025-006075,P02516,T11,KR011,Toko,1,1570000,7.4,
2025-09-28,ORD-2025-005791,P01146,T05,PD007,Toko,1,770000,11.8,
2025-09-28,ORD-2025-005791,P01146,T05,PC012,Toko,2,1870000,14.4,
2025-09-28,ORD-2025-005811,P01174,T02,DK026,Marketplace,1,1170000,5.4,90000
2025-09-28,ORD-2025-005827,P00442,T13,KR017,Online,1,4540000,7.3,500000
2025-09-28,ORD-2025-005852,P03456,T06,PD020,Toko,1,920000,0.0,
2025-09-28,ORD-2025-005852,P03456,T06,LM027,Toko,1,14450000,15.1,
2025-09-28,ORD-2025-005891,P00588,T06,MJ041,Marketplace,1,2240000,8.1,510000
2025-09-28,ORD-2025-005891,P00588,T06,DK018,Marketplace,1,1000000,9.9,330000
2025-09-28,ORD-2025-005891,P00588,T06,PD014,Marketplace,1,1590000,0.0,130000
2025-09-28,ORD-2025-005891,P00588,T06,DK004,Marketplace,3,1240000,0.0,390000
2025-09-28,ORD-2025-005893,P03155,T13,SF035,Online,1,5970000,5.4,50000
2025-09-28,ORD-2025-005893,P03155,T13,KR002,Online,1,1500000,16.8,130000
2025-09-28,ORD-2025-005960,P02893,T13,KS028,Online,2,7780000,16.2,400000
2025-09-28,ORD-2025-005974,P00392,T13,SF013,Online,2,16570000,18.9,90000
2025-09-28,ORD-2025-006020,P02808,T13,DK033,Online,1,220000,0.1,110000
2025-09-28,ORD-2025-006020,P02808,T13,SF024,Online,1,3520000,14.7,480000
2025-09-28,ORD-2025-006020,P02808,T13,PD011,Online,1,750000,12.5,70000
2025-09-28,ORD-2025-006041,P00566,T06,LM039,Toko,1,7740000,8.7,
2025-09-28,ORD-2025-006051,P00215,T03,DK032,Toko,3,340000,9.0,
2025-09-28,ORD-2025-006051,P00215,T03,PC003,Toko,1,1200000,9.3,320000
2025-09-28,ORD-2025-006051,P00215,T03,DK009,Toko,1,990000,0.0,
2025-09-28,ORD-2025-006051,P00215,T03,KR019,Toko,1,2530000,16.0,
2025-09-28,ORD-2025-006054,P00023,T13,KR004,Online,1,1790000,14.9,230000
2025-09-28,ORD-2025-006061,P03329,T09,PC004,Toko,1,1660000,15.1,
2025-09-29,ORD-2025-005783,P00977,T13,PC024,Online,2,850000,11.1,130000
2025-09-29,ORD-2025-005783,P00977,T13,LM002,Online,1,5960000,0.0,440000
2025-09-29,ORD-2025-005783,P00977,T13,DK030,Online,1,930000,16.8,210000
2025-09-29,ORD-2025-005904,P01636,T01,PD018,Toko,1,530000,18.2,
2025-09-29,ORD-2025-005904,P01636,T01,LM035,Toko,2,11500000,11.8,
2025-09-29,ORD-2025-005904,P01636,T01,PD011,Toko,1,750000,6.3,
2025-09-29,ORD-2025-006005,P00311,T01,PC009,Toko,2,1490000,0.0,
2025-09-29,ORD-2025-006005,P00311,T01,PC003,Toko,1,1200000,20.9,
2025-09-29,ORD-2025-006009,,T02,LM009,Toko,1,2210000,8.3,
2025-09-29,ORD-2025-006024,P01874,T13,LM030,Online,2,5720000,8.6,480000
2025-09-29,ORD-2025-006024,P01874,T13,DK014,Online,1,890000,10.5,60000
2025-09-29,ORD-2025-006024,P01874,T13,LM013,Online,1,3180000,4.7,400000
2025-09-29,ORD-2025-006026,P00721,T01,PD021,Toko,2,660000,15.6,
2025-09-29,ORD-2025-006028,P00583,T13,PD021,Online,1,660000,17.1,370000
2025-09-29,ORD-2025-006028,P00583,T13,PC005,Online,1,660000,9.1,420000
2025-09-29,ORD-2025-006028,P00583,T13,LM010,Online,4,7760000,12.4,450000
2025-09-29,ORD-2025-006028,P00583,T13,DK021,Online,1,1010000,19.1,140000
2025-09-30,ORD-2025-005831,P00589,T13,KS025,Online,2,7830000,7.5,160000
2025-09-30,ORD-2025-005831,P00589,T13,KR016,Online,1,3780000,16.5,520000
2025-09-30,ORD-2025-005836,P01572,T13,PD007,Online,1,770000,8.0,70000
2025-09-30,ORD-2025-005840,P02605,T06,MJ024,Toko,1,3010000,0.0,
2025-09-30,ORD-2025-005981,P00308,T13,DK016,Online,3,730000,5.1,90000
2025-09-30,ORD-2025-005986,P03112,T13,KS015,Online,1,7280000,0.1,140000
2025-09-30,ORD-2025-005986,P03112,T13,KR023,Online,1,1270000,9.9,500000
2025-09-30,ORD-2025-006031,P02317,T02,PD010,Marketplace,1,450000,18.1,430000
2025-09-30,ORD-2025-006060,P00195,T01,DK032,Toko,2,340000,19.9,
2025-10-01,ORD-2025-006104,P01326,T01,KR038,Toko,1,2240000,19.1,
2025-10-01,ORD-2025-006105,P01257,T08,MJ007,Marketplace,1,5590000,20.9,510000
2025-10-01,ORD-2025-006137,P00544,T04,KS020,Marketplace,1,17920000,8.1,520000
2025-10-01,ORD-2025-006194,P02873,T06,DK029,Toko,1,500000,11.8,
2025-10-01,ORD-2025-006265,P00307,T13,KR007,Online,1,1690000,16.2,80000
2025-10-01,ORD-2025-006305,P03275,T10,PD007,Toko,2,770000,0.0,
2025-10-01,ORD-2025-006305,P03275,T10,LM035,Toko,3,11500000,17.8,120000
2025-10-01,ORD-2025-006341,P00108,T05,SF002,Toko,1,5950000,18.7,
2025-10-01,ORD-2025-006357,P02959,T13,PC006,Online,3,1850000,20.0,400000
2025-10-01,ORD-2025-006357,P02959,T13,LM022,Online,2,8900000,14.6,90000
2025-10-01,ORD-2025-006357,P02959,T13,KR002,Online,1,1500000,14.9,230000
2025-10-01,ORD-2025-006357,P02959,T13,PC003,Online,1,1200000,21.2,270000
2025-10-01,ORD-2025-006367,P03427,T10,DK015,Toko,1,1390000,21.0,
2025-10-01,ORD-2025-006367,P03427,T10,KR036,Toko,2,2360000,21.6,
2025-10-01,ORD-2025-006367,P03427,T10,DK011,Toko,1,2070000,20.1,
2025-10-01,ORD-2025-006420,,T05,MJ030,Toko,1,2670000,0.0,
2025-10-02,ORD-2025-006080,P00790,T13,DK029,Online,1,500000,20.6,430000
2025-10-02,ORD-2025-006080,P00790,T13,SF014,Online,1,11630000,20.1,400000
2025-10-02,ORD-2025-006099,P02300,T13,PD021,Online,2,660000,15.4,210000
2025-10-02,ORD-2025-006099,P02300,T13,PC029,Online,1,1900000,18.7,230000
2025-10-02,ORD-2025-006110,P01122,T08,PD018,Marketplace,3,530000,19.1,240000
2025-10-02,ORD-2025-006244,P01453,T13,PD010,Online,1,450000,14.0,100000
2025-10-02,ORD-2025-006280,P01864,T12,DK028,Toko,1,730000,17.8,
2025-10-02,ORD-2025-006280,P01864,T12,KS002,Toko,1,6150000,17.5,
2025-10-02,ORD-2025-006302,P02080,T08,DK031,Toko,1,800000,0.0,
2025-10-02,ORD-2025-006405,P01967,T13,PD012,Online,1,1500000,0.0,300000
2025-10-02,ORD-2025-006405,P01967,T13,SF002,Online,1,5950000,13.0,120000
2025-10-02,ORD-2025-006415,P01679,T01,PD026,Toko,1,520000,15.9,
2025-10-02,ORD-2025-006418,P03058,T10,DK024,Toko,1,930000,18.7,
2025-10-02,ORD-2025-006447,P01333,T04,DK011,Toko,1,2070000,18.6,
2025-10-02,ORD-2025-006447,P01333,T04,MJ006,Toko,1,4050000,19.4,
2025-10-02,ORD-2025-006447,P01333,T04,PC020,Toko,1,2530000,0.0,
2025-10-02,ORD-2025-006447,P01333,T04,DK034,Toko,2,830000,13.1,
2025-10-03,ORD-2025-006157,P01226,T05,PD009,Toko,1,840000,18.2,
2025-10-03,ORD-2025-006157,P01226,T05,PD011,Toko,1,750000,9.3,
2025-10-03,ORD-2025-006166,P00772,T09,MJ029,Toko,1,2890000,15.9,
2025-10-03,ORD-2025-006166,P00772,T09,KS027,Toko,1,6560000,19.2,
2025-10-03,ORD-2025-006200,P03320,T07,MJ005,Toko,1,4030000,18.8,
2025-10-03,ORD-2025-006236,P00556,T03,DK029,Marketplace,1,500000,21.0,570000
2025-10-03,ORD-2025-006236,P00556,T03,KR023,Marketplace,1,1270000,13.7,390000
2025-10-03,ORD-2025-006247,P01094,T06,SF037,Toko,1,10360000,14.2,
2025-10-03,ORD-2025-006250,P02910,T03,MJ036,Toko,1,3410000,0.0,
2025-10-03,ORD-2025-006250,P02910,T03,SF025,Toko,1,5340000,23.3,
2025-10-03,ORD-2025-006261,P01506,T13,PC005,Online,2,660000,23.2,440000
2025-10-03,ORD-2025-006261,P01506,T13,PD022,Online,2,520000,15.9,570000
2025-10-03,ORD-2025-006261,P01506,T13,PD016,Online,1,1080000,16.0,590000
2025-10-03,ORD-2025-006262,P03072,T13,DK002,Online,1,490000,20.4,560000
2025-10-03,ORD-2025-006262,P03072,T13,SF001,Online,2,7750000,22.9,420000
2025-10-03,ORD-2025-006262,P03072,T13,KS005,Online,1,13120000,11.1,520000
2025-10-03,ORD-2025-006277,P00642,T13,PD006,Online,1,970000,12.0,590000
2025-10-03,ORD-2025-006277,P00642,T13,DK015,Online,1,1390000,15.8,390000
2025-10-03,ORD-2025-006277,P00642,T13,DK036,Online,2,510000,20.8,500000
2025-10-03,ORD-2025-006292,P00124,T13,DK043,Online,2,760000,13.0,530000
2025-10-03,ORD-2025-006324,P02285,T13,MJ020,Online,2,4520000,18.5,370000
2025-10-03,ORD-2025-006390,P01386,T13,LM026,Online,1,5250000,19.7,290000
2025-10-03,ORD-2025-006390,P01386,T13,DK018,Online,1,1000000,24.8,80000
2025-10-03,ORD-2025-006402,P01936,T01,KR039,Marketplace,1,2460000,19.6,400000
2025-10-03,ORD-2025-006402,P01936,T01,DK006,Marketplace,1,2070000,16.7,150000
2025-10-03,ORD-2025-006452,,T01,KR014,Toko,1,3530000,0.0,
2025-10-03,ORD-2025-006452,,T01,KR021,Toko,1,2670000,13.4,
2025-10-04,ORD-2025-006119,P00689,T07,DK019,Toko,1,860000,20.2,
2025-10-04,ORD-2025-006119,P00689,T07,DK006,Toko,1,2070000,22.1,
2025-10-04,ORD-2025-006127,P01136,T11,PD011,Toko,1,750000,15.5,
2025-10-04,ORD-2025-006205,P03164,T13,SF029,Online,1,7520000,13.8,90000
2025-10-04,ORD-2025-006224,P00270,T07,DK029,Toko,1,500000,20.8,
2025-10-04,ORD-2025-006249,P00002,T06,KR025,Toko,1,3670000,21.5,
2025-10-04,ORD-2025-006249,P00002,T06,SF037,Toko,1,10360000,0.0,
2025-10-04,ORD-2025-006272,P03418,T01,PC005,Marketplace,2,660000,20.2,580000
2025-10-04,ORD-2025-006272,P03418,T01,KR042,Marketplace,1,1850000,12.6,520000
2025-10-04,ORD-2025-006272,P03418,T01,PD023,Marketplace,1,1090000,11.1,460000
2025-10-04,ORD-2025-006272,P03418,T01,DK006,Marketplace,1,2070000,17.8,180000
2025-10-04,ORD-2025-006283,P02577,T04,MJ017,Toko,1,3280000,18.0,
2025-10-04,ORD-2025-006283,P02577,T04,PC031,Toko,2,1660000,10.4,
2025-10-04,ORD-2025-006343,P00906,T13,PC022,Online,2,3000000,16.9,170000
2025-10-04,ORD-2025-006343,P00906,T13,DK025,Online,1,660000,0.0,560000
2025-10-04,ORD-2025-006360,P02041,T13,PC026,Online,1,860000,11.7,230000
2025-10-04,ORD-2025-006360,P02041,T13,KR002,Online,1,1500000,15.8,280000
2025-10-04,ORD-2025-006454,P02036,T08,DK027,Toko,1,630000,18.0,
2025-10-04,ORD-2025-006454,P02036,T08,KR040,Toko,1,2380000,17.4,
2025-10-04,ORD-2025-006455,P02446,T13,MJ008,Online,1,3030000,28.8,200000
2025-10-04,ORD-2025-006462,P02332,T10,MJ010,Marketplace,1,3850000,18.0,
2025-10-05,ORD-2025-006098,P00635,T04,SF018,Toko,1,10500000,14.7,
2025-10-05,ORD-2025-006098,P00635,T04,DK029,Toko,1,500000,0.0,
2025-10-05,ORD-2025-006106,P00005,T02,KR047,Toko,1,4470000,17.0,
2025-10-05,ORD-2025-006128,P03321,T13,DK040,Online,1,1260000,18.1,430000
2025-10-05,ORD-2025-006128,P03321,T13,DK039,Online,1,870000,18.9,440000
2025-10-05,ORD-2025-006168,P00428,T05,DK007,Toko,1,900000,19.6,
2025-10-05,ORD-2025-006191,P02772,T13,PD003,Online,1,1200000,18.7,420000
2025-10-05,ORD-2025-006253,P00496,T12,MJ017,Marketplace,1,3280000,24.3,530000
2025-10-05,ORD-2025-006279,P02010,T13,DK019,Online,1,860000,16.2,360000
2025-10-05,ORD-2025-006287,,T12,PD015,Toko,2,750000,18.1,
2025-10-05,ORD-2025-006371,P01183,T02,MJ040,Toko,1,4110000,19.6,
2025-10-05,ORD-2025-006371,P01183,T02,LM014,Toko,1,4520000,15.7,
2025-10-05,ORD-2025-006433,P01843,T13,MJ001,Online,2,2940000,20.6,220000
2025-10-05,ORD-2025-006433,P01843,T13,KR015,Online,1,2050000,23.4,300000
2025-10-05,ORD-2025-006433,P01843,T13,DK012,Online,1,960000,16.4,380000
2025-10-05,ORD-2025-006433,P01843,T13,KR033,Online,1,3030000,18.7,410000
2025-10-05,ORD-2025-006438,P01056,T03,DK023,Toko,3,770000,0.0,
2025-10-06,ORD-2025-006081,P01999,T05,DK037,Toko,3,540000,11.5,
2025-10-06,ORD-2025-006118,P03220,T03,PC013,Toko,1,1410000,17.4,
2025-10-06,ORD-2025-006132,P03077,T09,SF019,Toko,1,8050000,0.0,
2025-10-06,ORD-2025-006132,P03077,T09,PD006,Toko,2,970000,18.6,
2025-10-06,ORD-2025-006171,P01182,T13,DK022,Online,1,550000,20.3,560000
2025-10-06,ORD-2025-006219,P01407,T02,PC030,Toko,1,1220000,0.0,320000
2025-10-06,ORD-2025-006219,P01407,T02,KR003,Toko,1,1440000,0.0,
2025-10-06,ORD-2025-006230,P01621,T13,MJ019,Online,2,6140000,21.4,260000
2025-10-06,ORD-2025-006300,P00511,T13,KR028,Online,1,1780000,19.4,70000
2025-10-06,ORD-2025-006342,P02023,T13,PD017,Online,2,2370000,24.2,290000
2025-10-06,ORD-2025-006342,P02023,T13,MJ009,Online,2,2670000,12.7,410000
2025-10-06,ORD-2025-006342,P02023,T13,PC028,Online,1,2190000,22.7,440000
2025-10-06,ORD-2025-006401,P00324,T01,PD023,Toko,2,1090000,16.9,
2025-10-07,ORD-2025-006079,P02648,T13,PC022,Online,1,3000000,11.6,180000
2025-10-07,ORD-2025-006079,P02648,T13,KR015,Online,1,2050000,16.1,320000
2025-10-07,ORD-2025-006162,P00784,T02,DK023,Toko,1,770000,19.8,
2025-10-07,ORD-2025-006162,P00784,T02,PC012,Toko,1,1870000,24.0,
2025-10-07,ORD-2025-006207,P03310,T01,PC012,Toko,1,1870000,25.3,
2025-10-07,ORD-2025-006212,P02141,T13,LM011,Online,1,12480000,15.7,530000
2025-10-07,ORD-2025-006220,P01750,T10,PD020,Marketplace,1,920000,20.8,310000
2025-10-07,ORD-2025-006241,P02048,T03,SF035,Toko,2,5970000,12.3,
2025-10-07,ORD-2025-006241,P02048,T03,PC024,Toko,2,850000,17.7,
2025-10-07,ORD-2025-006241,P02048,T03,KR021,Toko,1,2670000,23.2,
2025-10-07,ORD-2025-006264,P01578,T13,LM008,Online,2,5080000,12.6,220000
2025-10-07,ORD-2025-006264,P01578,T13,PD010,Online,1,450000,8.2,
2025-10-07,ORD-2025-006296,P01412,T03,MJ021,Toko,1,2560000,23.7,
2025-10-07,ORD-2025-006296,P01412,T03,LM011,Toko,1,12480000,23.9,
2025-10-07,ORD-2025-006296,P01412,T03,DK036,Toko,1,510000,14.4,
2025-10-07,ORD-2025-006333,,T05,SF020,Toko,1,9700000,0.0,
2025-10-07,ORD-2025-006333,,T05,DK015,Toko,4,1390000,0.0,
2025-10-07,ORD-2025-006354,P00292,T13,PC001,Online,1,1430000,16.0,510000
2025-10-07,ORD-2025-006354,P00292,T13,PC013,Online,1,1410000,18.6,410000
2025-10-07,ORD-2025-006370,P03361,T03,KR033,Toko,1,3030000,12.3,
2025-10-07,ORD-2025-006435,P02310,T10,KR047,Toko,1,4470000,13.9,
2025-10-07,ORD-2025-006444,P03475,T13,PC005,Online,2,660000,21.3,310000
2025-10-08,ORD-2025-006101,P03405,T02,PC031,Marketplace,1,1660000,13.4,50000
2025-10-08,ORD-2025-006163,P03246,T13,DK019,Online,2,860000,20.8,200000
2025-10-08,ORD-2025-006179,,T02,LM018,Toko,1,22510000,15.4,
2025-10-08,ORD-2025-006179,,T02,KR011,Toko,1,1570000,17.3,
2025-10-08,ORD-2025-006235,P02755,T04,DK024,Toko,2,930000,18.7,
2025-10-08,ORD-2025-006352,P01125,T13,PD019,Online,1,1260000,25.8,460000
2025-10-08,ORD-2025-006358,P01660,T13,DK043,Online,1,760000,0.0,360000
2025-10-08,ORD-2025-006376,P01508,T13,KS005,Online,2,13120000,15.5,
2025-10-08,ORD-2025-006397,P01959,T12,DK026,Toko,1,1170000,15.8,
2025-10-08,ORD-2025-006400,P02617,T13,KS029,Online,1,8960000,23.9,400000
2025-10-08,ORD-2025-006416,P01336,T05,MJ038,Toko,1,5030000,15.3,
2025-10-08,ORD-2025-006425,P02374,T12,KR047,Toko,1,4470000,16.3,
2025-10-08,ORD-2025-006425,P02374,T12,KR021,Toko,1,2670000,0.0,
2025-10-08,ORD-2025-006463,P03140,T13,MJ001,Online,1,2940000,18.7,190000
2025-10-09,ORD-2025-006109,P00963,T13,DK013,Online,2,1520000,15.6,530000
2025-10-09,ORD-2025-006115,P01414,T06,DK037,Toko,1,540000,22.7,
2025-10-09,ORD-2025-006120,P02597,T13,PD010,Online,1,450000,14.2,570000
2025-10-09,ORD-2025-006130,P02497,T01,DK010,Toko,2,690000,19.3,
2025-10-09,ORD-2025-006187,P00586,T12,PC006,Toko,1,1850000,24.5,
2025-10-09,ORD-2025-006206,P03222,T08,PD024,Toko,1,1130000,0.0,
2025-10-09,ORD-2025-006206,P03222,T08,DK003,Toko,1,420000,20.1,
2025-10-09,ORD-2025-006214,P00486,T01,KS001,Marketplace,1,9740000,23.8,250000
2025-10-09,ORD-2025-006214,P00486,T01,DK022,Marketplace,1,550000,17.9,590000
2025-10-09,ORD-2025-006214,P00486,T01,KS018,Marketplace,4,7410000,19.1,
2025-10-09,ORD-2025-006223,P02842,T08,SF012,Toko,1,7980000,17.4,
2025-10-09,ORD-2025-006251,P02284,T06,SF031,Toko,2,3420000,21.9,
2025-10-09,ORD-2025-006268,P02382,T05,PC025,Marketplace,1,1800000,9.6,210000
2025-10-09,ORD-2025-006379,P02506,T13,DK009,Online,1,990000,25.3,60000
2025-10-09,ORD-2025-006379,P02506,T13,KS025,Online,1,7830000,22.6,360000
2025-10-09,ORD-2025-006410,P02784,T13,DK002,Online,1,490000,9.6,140000
2025-10-09,ORD-2025-006410,P02784,T13,DK032,Online,1,340000,27.3,340000
2025-10-09,ORD-2025-006412,P02485,T06,MJ033,Toko,1,4180000,15.8,
2025-10-09,ORD-2025-006412,P02485,T06,KR041,Toko,2,1620000,22.0,
2025-10-09,ORD-2025-006412,P02485,T06,PD021,Toko,1,660000,26.6,
2025-10-09,ORD-2025-006412,P02485,T06,LM030,Toko,1,5720000,13.5,
2025-10-10,ORD-2025-006125,P00702,T13,LM016,Online,1,16110000,0.0,300000
2025-10-10,ORD-2025-006148,P00175,T13,PD018,Online,2,530000,16.9,450000
2025-10-10,ORD-2025-006175,P01198,T01,KR034,Marketplace,2,2350000,20.3,70000
2025-10-10,ORD-2025-006175,P01198,T01,DK010,Marketplace,3,690000,7.7,270000
2025-10-10,ORD-2025-006263,P00762,T13,KR041,Online,1,1620000,0.0,280000
2025-10-10,ORD-2025-006263,P00762,T13,MJ042,Online,2,10940000,0.0,390000
2025-10-10,ORD-2025-006270,P02269,T07,PD003,Marketplace,3,1200000,18.5,200000
2025-10-10,ORD-2025-006270,P02269,T07,KR003,Marketplace,1,1440000,15.9,320000
2025-10-10,ORD-2025-006270,P02269,T07,PD020,Marketplace,1,920000,16.0,420000
2025-10-10,ORD-2025-006270,P02269,T07,DK012,Marketplace,2,960000,14.3,150000
2025-10-10,ORD-2025-006273,P02684,T10,SF010,Marketplace,1,18330000,17.3,470000
2025-10-10,ORD-2025-006273,P02684,T10,KR012,Marketplace,1,2460000,14.8,230000
2025-10-10,ORD-2025-006273,P02684,T10,DK027,Marketplace,1,630000,17.8,340000
2025-10-10,ORD-2025-006281,P01896,T13,PD001,Online,2,1710000,23.6,480000
2025-10-10,ORD-2025-006325,P02376,T10,KS015,Toko,2,7280000,16.2,
2025-10-10,ORD-2025-006362,P00520,T13,DK044,Online,1,1380000,0.0,220000
2025-10-10,ORD-2025-006424,P00496,T13,DK025,Online,2,660000,17.2,
2025-10-10,ORD-2025-006424,P00496,T13,KS004,Online,1,10560000,28.2,500000
2025-10-10,ORD-2025-006424,P00496,T13,DK032,Online,2,340000,21.4,320000
2025-10-10,ORD-2025-006442,,T09,KR031,Toko,1,2350000,14.5,
2025-10-10,ORD-2025-006442,,T09,KS024,Toko,1,13500000,14.5,
2025-10-11,ORD-2025-006140,P00414,T03,MJ046,Toko,1,2600000,17.2,
2025-10-11,ORD-2025-006140,P00414,T03,PD018,Toko,1,530000,19.5,
2025-10-11,ORD-2025-006140,P00414,T03,PD016,Toko,1,1080000,16.1,160000
2025-10-11,ORD-2025-006159,P02072,T13,DK028,Online,3,730000,30.4,160000
2025-10-11,ORD-2025-006332,P01788,T09,PC013,Marketplace,2,1410000,0.0,350000
2025-10-11,ORD-2025-006332,P01788,T09,MJ046,Marketplace,1,2600000,12.9,390000
2025-10-11,ORD-2025-006345,P03019,T13,SF014,Online,1,11630000,19.3,160000
2025-10-11,ORD-2025-006394,P03126,T05,DK015,Toko,1,1390000,12.3,
2025-10-11,ORD-2025-006461,P00030,T09,DK032,Toko,2,340000,21.5,
2025-10-11,ORD-2025-006466,P00450,T01,KR009,Toko,1,3260000,19.0,
2025-10-11,ORD-2025-006466,P00450,T01,KR023,Toko,1,1270000,15.5,
2025-10-11,ORD-2025-006466,P00450,T01,DK036,Toko,3,510000,20.6,
2025-10-11,ORD-2025-006466,P00450,T01,KR026,Toko,1,2860000,12.2,280000
2025-10-12,ORD-2025-006093,P02080,T13,DK044,Online,1,1380000,19.5,390000
2025-10-12,ORD-2025-006142,P02511,T03,LM009,Toko,1,2210000,15.7,
2025-10-12,ORD-2025-006142,P02511,T03,KR040,Toko,1,2380000,15.1,
2025-10-12,ORD-2025-006145,P02724,T02,SF025,Toko,1,5340000,17.4,
2025-10-12,ORD-2025-006172,P00944,T02,DK031,Toko,1,800000,25.1,
2025-10-12,ORD-2025-006174,P01576,T13,DK043,Online,1,760000,17.0,270000
2025-10-12,ORD-2025-006174,P01576,T13,DK016,Online,1,730000,20.7,210000
2025-10-12,ORD-2025-006174,P01576,T13,DK021,Online,1,1010000,20.5,80000
2025-10-12,ORD-2025-006255,P01842,T13,SF008,Online,1,13020000,18.1,120000
2025-10-12,ORD-2025-006274,P00020,T03,SF016,Toko,1,10420000,11.2,
2025-10-12,ORD-2025-006315,P01267,T13,PC031,Online,1,1660000,23.5,310000
2025-10-12,ORD-2025-006336,P02747,T13,DK037,Online,1,540000,20.6,360000
2025-10-12,ORD-2025-006336,P02747,T13,LM014,Online,1,4520000,15.5,560000
2025-10-12,ORD-2025-006456,P03476,T06,DK027,Toko,1,630000,12.1,
2025-10-13,ORD-2025-006154,P03454,T13,KS022,Online,1,13060000,20.4,450000
2025-10-13,ORD-2025-006155,P00011,T11,SF011,Toko,1,4580000,18.7,
2025-10-13,ORD-2025-006155,P00011,T11,KR019,Toko,1,2530000,23.2,
2025-10-13,ORD-2025-006167,P00650,T13,KR002,Online,2,1500000,0.0,190000
2025-10-13,ORD-2025-006167,P00650,T13,PD022,Online,2,520000,18.4,170000
2025-10-13,ORD-2025-006182,P02462,T13,PC010,Online,1,1240000,14.2,440000
2025-10-13,ORD-2025-006216,P01410,T12,PC019,Toko,1,1840000,11.9,400000
2025-10-13,ORD-2025-006216,P01410,T12,PC011,Toko,4,4490000,0.0,420000
2025-10-13,ORD-2025-006216,P01410,T12,DK002,Toko,2,490000,0.0,
2025-10-13,ORD-2025-006229,P01595,T01,DK035,Toko,1,400000,19.8,
2025-10-13,ORD-2025-006229,P01595,T01,PC029,Toko,2,1900000,11.3,
2025-10-13,ORD-2025-006229,P01595,T01,SF002,Toko,1,5950000,20.1,
2025-10-13,ORD-2025-006252,P00276,T04,KS012,Marketplace,1,11030000,24.7,270000
2025-10-13,ORD-2025-006306,P00029,T13,MJ031,Online,1,7400000,10.5,390000
2025-10-13,ORD-2025-006326,P00321,T13,PC006,Online,2,1850000,16.4,410000
2025-10-13,ORD-2025-006386,P01878,T13,MJ011,Online,2,6920000,0.0,530000
2025-10-13,ORD-2025-006386,P01878,T13,DK011,Online,1,2070000,19.7,360000
2025-10-13,ORD-2025-006451,P01905,T05,KR042,Toko,1,1850000,11.3,
2025-10-14,ORD-2025-006108,,T11,SF006,Toko,1,4230000,22.0,
2025-10-14,ORD-2025-006149,P01043,T03,MJ004,Marketplace,1,3430000,15.7,520000
2025-10-14,ORD-2025-006149,P01043,T03,KR030,Marketplace,2,3050000,21.1,310000
2025-10-14,ORD-2025-006181,P02252,T06,PD015,Marketplace,1,750000,17.6,470000
2025-10-14,ORD-2025-006181,P02252,T06,KS001,Marketplace,3,9740000,11.9,180000
2025-10-14,ORD-2025-006181,P02252,T06,PD018,Marketplace,1,530000,20.8,520000
2025-10-14,ORD-2025-006185,P02206,T13,KR046,Online,3,1210000,11.8,520000
2025-10-14,ORD-2025-006186,P03407,T01,DK034,Toko,1,830000,22.6,
2025-10-14,ORD-2025-006186,P03407,T01,DK036,Toko,2,510000,11.7,
2025-10-14,ORD-2025-006237,P01913,T13,DK037,Online,1,540000,16.5,250000
2025-10-14,ORD-2025-006242,P00975,T13,MJ008,Online,1,3030000,0.0,380000
2025-10-14,ORD-2025-006245,P02947,T02,DK032,Toko,1,340000,17.0,
2025-10-14,ORD-2025-006259,P01426,T12,KS019,Toko,2,7170000,12.5,
2025-10-14,ORD-2025-006259,P01426,T12,DK017,Toko,2,1740000,22.4,
2025-10-14,ORD-2025-006288,P02977,T06,MJ002,Toko,1,3330000,13.9,
2025-10-14,ORD-2025-006318,P02471,T13,SF024,Online,1,3520000,21.2,500000
2025-10-14,ORD-2025-006423,P02373,T01,MJ014,Toko,4,4970000,0.0,
2025-10-14,ORD-2025-006426,P01003,T13,MJ022,Online,4,4090000,19.0,440000
2025-10-14,ORD-2025-006426,P01003,T13,KR011,Online,1,1570000,17.2,280000
2025-10-14,ORD-2025-006431,P02552,T01,KR046,Toko,1,1210000,21.5,
2025-10-14,ORD-2025-006450,P02309,T13,LM008,Online,2,5080000,24.1,100000
2025-10-14,ORD-2025-006458,P03418,T09,PD008,Marketplace,1,970000,15.0,350000
2025-10-14,ORD-2025-006458,P03418,T09,KR027,Marketplace,2,1770000,15.1,190000
2025-10-14,ORD-2025-006458,P03418,T09,DK004,Marketplace,4,1240000,21.0,280000
2025-10-15,ORD-2025-006121,P02564,T08,LM022,Toko,1,8900000,20.8,
2025-10-15,ORD-2025-006123,P00493,T10,DK024,Toko,2,930000,19.0,
2025-10-15,ORD-2025-006164,P01859,T12,LM018,Toko,1,22510000,21.3,
2025-10-15,ORD-2025-006243,P02460,T13,DK030,Online,1,930000,17.1,320000
2025-10-15,ORD-2025-006291,P01988,T12,DK037,Toko,1,540000,23.4,
2025-10-15,ORD-2025-006316,P01923,T13,LM015,Online,1,3180000,19.5,140000
2025-10-15,ORD-2025-006323,P02617,T08,SF023,Toko,1,7750000,25.6,
2025-10-15,ORD-2025-006392,P00403,T13,DK005,Online,2,430000,16.2,480000
2025-10-15,ORD-2025-006404,P00064,T04,KR011,Toko,1,1570000,19.3,
2025-10-15,ORD-2025-006434,P01852,T10,PD006,Toko,1,970000,20.6,
2025-10-15,ORD-2025-006436,P03401,T13,DK010,Online,1,690000,19.7,350000
2025-10-16,ORD-2025-006107,P01984,T08,LM011,Toko,1,12480000,19.8,
2025-10-16,ORD-2025-006107,P01984,T08,LM004,Toko,1,4320000,19.0,
2025-10-16,ORD-2025-006124,P03085,T07,PD005,Toko,1,390000,0.0,
2025-10-16,ORD-2025-006233,P01167,T04,DK034,Marketplace,1,830000,0.0,310000
2025-10-16,ORD-2025-006257,,T06,PD014,Toko,1,1590000,18.8,
2025-10-16,ORD-2025-006257,,T06,KR009,Toko,1,3260000,9.8,
2025-10-16,ORD-2025-006294,P02481,T05,DK001,Marketplace,4,530000,17.7,590000
2025-10-16,ORD-2025-006294,P02481,T05,SF013,Marketplace,1,16570000,18.6,350000
2025-10-16,ORD-2025-006294,P02481,T05,DK033,Marketplace,1,220000,9.6,570000
2025-10-16,ORD-2025-006294,P02481,T05,MJ016,Marketplace,1,7350000,14.4,550000
2025-10-16,ORD-2025-006307,P03388,T01,LM036,Marketplace,2,4150000,20.9,410000
2025-10-16,ORD-2025-006307,P03388,T01,KR031,Marketplace,2,2350000,18.9,490000
2025-10-16,ORD-2025-006374,P01687,T13,PC020,Online,1,2530000,13.2,100000
2025-10-16,ORD-2025-006382,P01095,T13,LM020,Online,1,8740000,0.0,430000
2025-10-16,ORD-2025-006391,P02082,T13,MJ031,Online,1,7400000,0.0,500000
2025-10-16,ORD-2025-006391,P02082,T13,KR028,Online,1,1780000,17.0,470000
2025-10-16,ORD-2025-006460,P02002,T13,PD002,Online,1,1150000,0.0,210000
2025-10-17,ORD-2025-006095,P02812,T13,PC016,Online,1,1760000,16.2,200000
2025-10-17,ORD-2025-006095,P02812,T13,PC003,Online,1,1200000,7.8,580000
2025-10-17,ORD-2025-006113,P00751,T05,DK035,Marketplace,2,400000,18.6,430000
2025-10-17,ORD-2025-006117,P00443,T13,MJ038,Online,1,5030000,17.7,590000
2025-10-17,ORD-2025-006117,P00443,T13,SF001,Online,2,7750000,20.9,590000
2025-10-17,ORD-2025-006122,P01787,T05,LM040,Toko,1,9610000,14.7,
2025-10-17,ORD-2025-006134,P01554,T09,DK020,Toko,1,690000,20.7,120000
2025-10-17,ORD-2025-006151,,T08,DK025,Toko,1,660000,9.1,310000
2025-10-17,ORD-2025-006151,,T08,MJ005,Toko,1,4030000,15.9,
2025-10-17,ORD-2025-006151,,T08,PD016,Toko,4,1080000,18.7,120000
2025-10-17,ORD-2025-006177,P00210,T13,PC005,Online,1,660000,18.7,410000
2025-10-17,ORD-2025-006177,P00210,T13,PC017,Online,2,1720000,23.9,390000
2025-10-17,ORD-2025-006192,P01301,T12,MJ041,Toko,4,2240000,14.4,
2025-10-17,ORD-2025-006195,P00487,T01,LM019,Toko,1,5540000,0.0,
2025-10-17,ORD-2025-006195,P00487,T01,DK027,Toko,1,630000,16.2,
2025-10-17,ORD-2025-006215,P03177,T13,KR018,Online,1,1090000,0.0,170000
2025-10-17,ORD-2025-006298,P02499,T05,KS016,Marketplace,1,26320000,22.4,400000
2025-10-17,ORD-2025-006321,P01632,T13,KR014,Online,1,3530000,17.3,390000
2025-10-17,ORD-2025-006321,P01632,T13,MJ013,Online,1,2960000,15.2,350000
2025-10-17,ORD-2025-006322,P02792,T13,MJ034,Online,1,6280000,15.3,590000
2025-10-17,ORD-2025-006322,P02792,T13,KR044,Online,1,2280000,13.5,570000
2025-10-17,ORD-2025-006322,P02792,T13,KR006,Online,1,3040000,15.0,530000
2025-10-17,ORD-2025-006361,P01208,T13,DK014,Online,1,890000,20.4,160000
2025-10-17,ORD-2025-006407,P02628,T11,DK002,Toko,1,490000,7.6,
2025-10-17,ORD-2025-006411,P01388,T13,PD021,Online,1,660000,15.8,480000
2025-10-17,ORD-2025-006411,P01388,T13,PC026,Online,1,860000,15.6,580000
2025-10-17,ORD-2025-006439,P03179,T13,MJ006,Online,1,4050000,18.2,70000
2025-10-18,ORD-2025-006133,P03262,T07,DK012,Marketplace,1,960000,20.1,110000
2025-10-18,ORD-2025-006139,P01045,T13,KS032,Online,2,9280000,0.0,440000
2025-10-18,ORD-2025-006141,P00874,T13,PD014,Online,2,1590000,20.5,140000
2025-10-18,ORD-2025-006173,,T10,LM007,Toko,1,4350000,17.8,
2025-10-18,ORD-2025-006173,,T10,PD012,Toko,3,1500000,14.4,
2025-10-18,ORD-2025-006188,P03189,T07,PC006,Toko,1,1850000,17.1,
2025-10-18,ORD-2025-006202,P00895,T13,LM004,Online,2,4320000,0.0,570000
2025-10-18,ORD-2025-006282,P01387,T13,DK037,Online,1,540000,14.7,60000
2025-10-18,ORD-2025-006289,P02392,T03,SF004,Toko,1,7400000,16.1,170000
2025-10-18,ORD-2025-006312,P03015,T02,PC003,Toko,1,1200000,22.5,
2025-10-18,ORD-2025-006334,P02337,T06,PD002,Marketplace,1,1150000,20.8,370000
2025-10-18,ORD-2025-006334,P02337,T06,PD001,Marketplace,2,1710000,17.3,320000
2025-10-18,ORD-2025-006385,P03213,T05,MJ044,Toko,1,6150000,17.8,
2025-10-18,ORD-2025-006387,P00133,T11,PC021,Toko,1,4550000,18.6,
2025-10-18,ORD-2025-006409,P01761,T06,DK037,Toko,1,540000,20.8,
2025-10-18,ORD-2025-006440,P02928,T10,MJ017,Toko,1,3280000,21.3,
2025-10-19,ORD-2025-006082,P00840,T13,SF041,Online,1,7920000,13.4,230000
2025-10-19,ORD-2025-006089,P02180,T04,KR028,Toko,1,1780000,15.3,
2025-10-19,ORD-2025-006131,P02118,T13,KR031,Online,1,2350000,25.8,120000
2025-10-19,ORD-2025-006131,P02118,T13,DK024,Online,1,930000,23.4,420000
2025-10-19,ORD-2025-006136,P02654,T02,PD015,Toko,1,750000,22.7,
2025-10-19,ORD-2025-006136,P02654,T02,PC017,Toko,2,1720000,0.0,
2025-10-19,ORD-2025-006197,P00352,T09,PD003,Toko,1,1200000,17.2,
2025-10-19,ORD-2025-006197,P00352,T09,PC031,Toko,1,1660000,23.9,
2025-10-19,ORD-2025-006199,P02161,T09,DK016,Toko,1,730000,0.0,
2025-10-19,ORD-2025-006217,P02982,T13,PC018,Online,1,1420000,22.8,420000
2025-10-19,ORD-2025-006275,P01747,T01,PC029,Marketplace,2,1900000,17.3,250000
2025-10-19,ORD-2025-006290,P02844,T13,KS009,Online,1,11180000,0.0,530000
2025-10-19,ORD-2025-006304,P01963,T08,PD010,Toko,1,450000,0.0,
2025-10-19,ORD-2025-006304,P01963,T08,DK008,Toko,1,910000,19.6,
2025-10-19,ORD-2025-006304,P01963,T08,KR033,Toko,2,3030000,13.2,
2025-10-19,ORD-2025-006338,P00087,T04,DK034,Toko,1,830000,16.3,
2025-10-19,ORD-2025-006338,P00087,T04,KR025,Toko,2,3670000,18.5,
2025-10-19,ORD-2025-006338,P00087,T04,PC030,Toko,1,1220000,20.0,
2025-10-19,ORD-2025-006368,P02090,T06,SF013,Toko,1,16570000,12.5,
2025-10-19,ORD-2025-006368,P02090,T06,PC022,Toko,1,3000000,19.8,
2025-10-19,ORD-2025-006437,P01585,T03,PD008,Toko,1,970000,24.9,
2025-10-19,ORD-2025-006437,P01585,T03,DK036,Toko,1,510000,19.2,
2025-10-20,ORD-2025-006088,P02784,T13,DK027,Online,2,630000,11.9,240000
2025-10-20,ORD-2025-006102,P01349,T03,PD020,Marketplace,4,920000,8.8,120000
2025-10-20,ORD-2025-006102,P01349,T03,KR018,Marketplace,1,1090000,17.7,570000
2025-10-20,ORD-2025-006103,P02510,T12,LM020,Toko,1,8740000,18.9,
2025-10-20,ORD-2025-006103,P02510,T12,PC024,Toko,1,850000,18.7,
2025-10-20,ORD-2025-006103,P02510,T12,SF030,Toko,1,5980000,11.4,
2025-10-20,ORD-2025-006112,P02852,T05,KS024,Marketplace,1,13500000,19.2,580000
2025-10-20,ORD-2025-006158,P02051,T10,DK018,Marketplace,1,1000000,19.8,220000
2025-10-20,ORD-2025-006210,P01060,T13,PD005,Online,1,390000,17.2,190000
2025-10-20,ORD-2025-006239,P01054,T01,SF040,Toko,1,5750000,17.0,
2025-10-20,ORD-2025-006266,P02280,T12,DK042,Marketplace,2,1280000,27.4,160000
2025-10-20,ORD-2025-006276,P01383,T08,DK043,Toko,2,760000,28.8,
2025-10-20,ORD-2025-006331,P02354,T13,DK012,Online,1,960000,18.9,150000
2025-10-20,ORD-2025-006344,P03289,T13,LM021,Online,1,7550000,15.7,330000
2025-10-20,ORD-2025-006395,P02582,T13,PC007,Online,1,1510000,14.4,340000
2025-10-20,ORD-2025-006417,P00250,T12,KR016,Toko,1,3780000,14.7,100000
2025-10-20,ORD-2025-006432,P03063,T04,PD024,Marketplace,1,1130000,17.2,350000
2025-10-20,ORD-2025-006432,P03063,T04,SF020,Marketplace,2,9700000,17.3,360000
2025-10-20,ORD-2025-006453,P01634,T13,DK003,Online,1,420000,19.2,160000
2025-10-20,ORD-2025-006453,P01634,T13,KS018,Online,1,7410000,14.2,320000
2025-10-20,ORD-2025-006453,P01634,T13,MJ011,Online,1,6920000,21.0,90000
2025-10-20,ORD-2025-006453,P01634,T13,PC006,Online,1,1850000,13.0,70000
2025-10-20,ORD-2025-006459,P01390,T06,PD005,Toko,1,390000,19.5,
2025-10-20,ORD-2025-006459,P01390,T06,DK030,Toko,2,930000,21.8,
2025-10-21,ORD-2025-006169,P02174,T04,PD001,Marketplace,3,1710000,15.9,180000
2025-10-21,ORD-2025-006184,P01994,T06,PD002,Toko,1,1150000,15.7,
2025-10-21,ORD-2025-006196,P03372,T13,KS002,Online,1,6150000,19.8,
2025-10-21,ORD-2025-006208,P00474,T08,KR021,Toko,1,2670000,19.6,
2025-10-21,ORD-2025-006231,P01729,T12,MJ026,Toko,2,3480000,18.0,
2025-10-21,ORD-2025-006240,P02917,T09,MJ031,Toko,1,7400000,20.2,360000
2025-10-21,ORD-2025-006254,P00924,T13,DK025,Online,1,660000,22.3,430000
2025-10-21,ORD-2025-006319,P01971,T13,KR005,Online,1,3610000,17.1,180000
2025-10-21,ORD-2025-006319,P01971,T13,PC009,Online,1,1490000,19.2,90000
2025-10-21,ORD-2025-006319,P01971,T13,KS003,Online,1,12030000,0.0,330000
2025-10-21,ORD-2025-006335,P00793,T06,DK037,Toko,4,540000,21.5,
2025-10-21,ORD-2025-006389,P02225,T13,MJ010,Online,1,3850000,0.0,430000
2025-10-21,ORD-2025-006389,P02225,T13,LM036,Online,3,4150000,20.4,400000
2025-10-21,ORD-2025-006389,P02225,T13,DK024,Online,1,930000,15.7,210000
2025-10-21,ORD-2025-006448,P03020,T13,KS010,Online,2,14650000,20.2,110000
2025-10-22,ORD-2025-006091,P00457,T03,MJ040,Marketplace,2,4110000,17.8,50000
2025-10-22,ORD-2025-006091,P00457,T03,SF022,Marketplace,2,7310000,27.1,
2025-10-22,ORD-2025-006091,P00457,T03,PD023,Marketplace,1,1090000,13.5,350000
2025-10-22,ORD-2025-006100,,T05,KR015,Toko,1,2050000,19.3,
2025-10-22,ORD-2025-006147,P02881,T13,PD005,Online,1,390000,12.3,520000
2025-10-22,ORD-2025-006147,P02881,T13,KR023,Online,3,1270000,26.0,290000
2025-10-22,ORD-2025-006201,P00913,T13,PC028,Online,2,2190000,25.9,300000
2025-10-22,ORD-2025-006211,P00196,T13,KR001,Online,2,3260000,0.0,590000
2025-10-22,ORD-2025-006355,P03419,T12,SF038,Marketplace,1,6260000,18.5,590000
2025-10-22,ORD-2025-006355,P03419,T12,DK019,Marketplace,1,860000,18.5,460000
2025-10-22,ORD-2025-006355,P03419,T12,KS021,Marketplace,1,8510000,16.8,250000
2025-10-22,ORD-2025-006359,P00659,T05,DK016,Toko,1,730000,23.9,
2025-10-22,ORD-2025-006369,P01341,T02,DK011,Toko,2,2070000,13.7,
2025-10-22,ORD-2025-006406,P01809,T13,KS023,Online,1,13410000,26.2,450000
2025-10-22,ORD-2025-006406,P01809,T13,MJ026,Online,3,3480000,28.4,450000
2025-10-22,ORD-2025-006441,P01623,T13,PD020,Online,1,920000,25.7,310000
2025-10-23,ORD-2025-006126,P00305,T01,SF011,Toko,3,4580000,0.0,
2025-10-23,ORD-2025-006135,P00282,T10,PD003,Marketplace,1,1200000,10.2,140000
2025-10-23,ORD-2025-006153,P01362,T09,PC010,Toko,2,1240000,0.0,
2025-10-23,ORD-2025-006153,P01362,T09,DK004,Toko,1,1240000,20.0,
2025-10-23,ORD-2025-006165,P00906,T06,DK023,Marketplace,1,770000,16.3,320000
2025-10-23,ORD-2025-006190,P03351,T13,KR042,Online,3,1850000,19.0,570000
2025-10-23,ORD-2025-006226,P02200,T06,MJ029,Toko,1,2890000,23.8,380000
2025-10-23,ORD-2025-006226,P02200,T06,DK021,Toko,2,1010000,0.0,
2025-10-23,ORD-2025-006226,P02200,T06,DK043,Toko,1,760000,11.6,
2025-10-23,ORD-2025-006234,P03113,T13,KR008,Online,2,2800000,0.0,460000
2025-10-23,ORD-2025-006234,P03113,T13,SF025,Online,1,5340000,22.9,510000
2025-10-23,ORD-2025-006256,P00914,T13,DK031,Online,1,800000,20.8,70000
2025-10-23,ORD-2025-006260,P02879,T01,PC015,Marketplace,1,1320000,0.0,
2025-10-23,ORD-2025-006267,P02865,T13,DK024,Online,1,930000,29.2,220000
2025-10-23,ORD-2025-006267,P02865,T13,MJ010,Online,1,3850000,16.4,90000
2025-10-23,ORD-2025-006313,P03332,T13,SF007,Online,1,10370000,18.9,430000
2025-10-23,ORD-2025-006398,P02451,T02,PC025,Toko,1,1800000,18.0,
2025-10-23,ORD-2025-006419,P02128,T03,KS003,Toko,1,12030000,0.0,
2025-10-23,ORD-2025-006419,P02128,T03,PD004,Toko,1,1050000,25.2,
2025-10-23,ORD-2025-006443,P01315,T09,PC019,Toko,3,1840000,21.1,
2025-10-24,ORD-2025-006143,P01799,T05,KS009,Toko,1,11180000,20.5,
2025-10-24,ORD-2025-006178,P00600,T08,LM003,Toko,1,5440000,0.0,
2025-10-24,ORD-2025-006189,P03233,T13,PD023,Online,2,1090000,22.9,120000
2025-10-24,ORD-2025-006189,P03233,T13,MJ040,Online,4,4110000,0.0,100000
2025-10-24,ORD-2025-006189,P03233,T13,MJ033,Online,1,4180000,22.0,580000
2025-10-24,ORD-2025-006303,P01275,T13,PC021,Online,1,4550000,0.0,90000
2025-10-24,ORD-2025-006328,P02053,T13,PD014,Online,1,1590000,22.6,180000
2025-10-24,ORD-2025-006328,P02053,T13,KR023,Online,1,1270000,21.7,340000
2025-10-24,ORD-2025-006348,P01682,T09,PD007,Toko,1,770000,0.0,
2025-10-24,ORD-2025-006348,P01682,T09,LM021,Toko,1,7550000,20.4,
2025-10-24,ORD-2025-006348,P01682,T09,PC031,Toko,1,1660000,22.2,
2025-10-24,ORD-2025-006351,P02653,T09,DK017,Toko,1,1740000,16.6,
2025-10-24,ORD-2025-006375,P00375,T13,DK025,Online,1,660000,20.2,570000
2025-10-24,ORD-2025-006375,P00375,T13,MJ009,Online,2,2670000,14.6,160000
2025-10-24,ORD-2025-006375,P00375,T13,MJ035,Online,1,5190000,19.0,290000
2025-10-24,ORD-2025-006375,P00375,T13,PD021,Online,1,660000,19.3,140000
2025-10-24,ORD-2025-006380,P00717,T13,LM037,Online,1,3800000,11.7,160000
2025-10-24,ORD-2025-006380,P00717,T13,MJ008,Online,1,3030000,15.1,360000
2025-10-24,ORD-2025-006396,P03047,T03,DK006,Toko,1,2070000,16.6,
2025-10-24,ORD-2025-006413,P02785,T13,PD024,Online,1,1130000,15.3,120000
2025-10-24,ORD-2025-006445,P00590,T08,MJ044,Marketplace,2,6150000,15.5,160000
2025-10-24,ORD-2025-006445,P00590,T08,PC016,Marketplace,1,1760000,19.5,280000
2025-10-25,ORD-2025-006083,P01335,T05,PD014,Marketplace,2,1590000,15.2,130000
2025-10-25,ORD-2025-006085,,T05,PD006,Toko,1,970000,14.2,
2025-10-25,ORD-2025-006138,P02323,T09,PD022,Toko,1,520000,12.8,
2025-10-25,ORD-2025-006144,P00700,T11,KS007,Toko,1,6100000,23.0,
2025-10-25,ORD-2025-006144,P00700,T11,PC007,Toko,1,1510000,15.2,
2025-10-25,ORD-2025-006152,P00513,T04,MJ037,Toko,1,3320000,12.4,
2025-10-25,ORD-2025-006156,P02516,T06,PD011,Toko,2,750000,0.0,
2025-10-25,ORD-2025-006156,P02516,T06,KR040,Toko,1,2380000,13.4,
2025-10-25,ORD-2025-006176,P02056,T03,MJ029,Toko,1,2890000,23.6,
2025-10-25,ORD-2025-006232,P01352,T13,KS030,Online,1,3860000,15.8,100000
2025-10-25,ORD-2025-006293,P00085,T08,PD004,Marketplace,1,1050000,16.9,570000
2025-10-25,ORD-2025-006293,P00085,T08,MJ046,Marketplace,2,2600000,15.4,90000
2025-10-25,ORD-2025-006297,P00630,T01,MJ026,Toko,2,3480000,13.0,110000
2025-10-25,ORD-2025-006309,P01694,T01,PD003,Toko,2,1200000,9.5,
2025-10-25,ORD-2025-006317,P03449,T13,KR029,Online,1,5120000,24.6,480000
2025-10-25,ORD-2025-006339,P01927,T13,PD001,Online,1,1710000,20.4,90000
2025-10-25,ORD-2025-006356,P02209,T05,PD015,Marketplace,1,750000,0.0,590000
2025-10-25,ORD-2025-006356,P02209,T05,DK035,Marketplace,1,400000,0.0,550000
2025-10-25,ORD-2025-006393,P00796,T05,DK033,Toko,1,220000,9.7,
2025-10-25,ORD-2025-006393,P00796,T05,PC005,Toko,1,660000,20.3,
2025-10-26,ORD-2025-006193,P00464,T12,PC013,Toko,1,1410000,16.1,
2025-10-26,ORD-2025-006213,P01105,T01,DK020,Marketplace,1,690000,18.9,220000
2025-10-26,ORD-2025-006238,P03385,T13,PC032,Online,1,470000,16.4,260000
2025-10-26,ORD-2025-006350,P02246,T07,DK025,Marketplace,1,660000,14.4,440000
2025-10-26,ORD-2025-006364,P01885,T13,KR011,Online,1,1570000,15.3,440000
2025-10-26,ORD-2025-006365,P03402,T13,PD004,Online,1,1050000,0.0,450000
2025-10-26,ORD-2025-006381,P02172,T13,KS003,Online,1,12030000,15.8,
2025-10-26,ORD-2025-006388,P01236,T01,KS005,Marketplace,1,13120000,18.0,120000
2025-10-26,ORD-2025-006422,P00963,T01,PD026,Toko,1,520000,17.1,
2025-10-26,ORD-2025-006422,P00963,T01,KR043,Toko,1,5270000,10.3,
2025-10-26,ORD-2025-006422,P00963,T01,LM033,Toko,1,6100000,21.0,
2025-10-26,ORD-2025-006457,P00236,T06,DK006,Marketplace,1,2070000,23.6,570000
2025-10-27,ORD-2025-006090,P02323,T13,PC026,Online,1,860000,15.8,190000
2025-10-27,ORD-2025-006092,P02585,T01,DK033,Toko,1,220000,20.3,
2025-10-27,ORD-2025-006111,P01612,T02,PC030,Toko,1,1220000,28.0,
2025-10-27,ORD-2025-006129,P00716,T13,DK039,Online,1,870000,16.1,280000
2025-10-27,ORD-2025-006221,P03387,T13,PD025,Online,1,1100000,16.1,340000
2025-10-27,ORD-2025-006221,P03387,T13,SF007,Online,1,10370000,22.6,240000
2025-10-27,ORD-2025-006225,P03335,T13,MJ030,Online,3,2670000,16.3,180000
2025-10-27,ORD-2025-006225,P03335,T13,DK012,Online,2,960000,15.9,290000
2025-10-27,ORD-2025-006227,P00049,T04,SF038,Toko,1,6260000,19.5,
2025-10-27,ORD-2025-006258,P01413,T12,MJ012,Toko,1,11220000,0.0,400000
2025-10-27,ORD-2025-006269,P02885,T13,DK003,Online,1,420000,0.0,150000
2025-10-27,ORD-2025-006330,P02314,T01,SF026,Toko,4,5850000,13.8,
2025-10-27,ORD-2025-006340,P02274,T13,KS006,Online,1,8770000,9.0,70000
2025-10-27,ORD-2025-006340,P02274,T13,LM009,Online,1,2210000,13.9,260000
2025-10-27,ORD-2025-006347,P00378,T13,DK033,Online,1,220000,0.0,540000
2025-10-27,ORD-2025-006349,P01647,T11,PD021,Toko,1,660000,0.0,
2025-10-27,ORD-2025-006349,P01647,T11,KR002,Toko,2,1500000,0.0,
2025-10-27,ORD-2025-006349,P01647,T11,KR023,Toko,1,1270000,19.7,
2025-10-27,ORD-2025-006378,P00701,T13,LM015,Online,1,3180000,18.6,
2025-10-27,ORD-2025-006384,P03377,T13,KR031,Online,3,2350000,0.0,210000
2025-10-27,ORD-2025-006384,P03377,T13,KR044,Online,1,2280000,13.1,170000
2025-10-27,ORD-2025-006446,P03186,T13,KR010,Online,1,1900000,16.7,50000
2025-10-28,ORD-2025-006084,P03471,T13,KR044,Online,3,2280000,20.3,330000
2025-10-28,ORD-2025-006084,P03471,T13,DK018,Online,1,1000000,0.0,530000
2025-10-28,ORD-2025-006094,P03006,T13,PC027,Online,2,3210000,21.8,300000
2025-10-28,ORD-2025-006094,P03006,T13,DK003,Online,1,420000,17.7,530000
2025-10-28,ORD-2025-006097,P03406,T13,PD009,Online,2,840000,21.6,210000
2025-10-28,ORD-2025-006097,P03406,T13,MJ031,Online,1,7400000,22.1,
2025-10-28,ORD-2025-006146,P00630,T06,PD011,Toko,3,750000,13.5,
2025-10-28,ORD-2025-006150,P01258,T10,DK001,Marketplace,1,530000,22.0,320000
2025-10-28,ORD-2025-006203,P01560,T13,LM021,Online,1,7550000,0.0,470000
2025-10-28,ORD-2025-006228,P02038,T13,KR044,Online,2,2280000,18.8,490000
2025-10-28,ORD-2025-006246,P00238,T08,DK043,Toko,1,760000,0.0,
2025-10-28,ORD-2025-006271,P00673,T03,PD015,Marketplace,1,750000,17.8,280000
2025-10-28,ORD-2025-006308,P02518,T13,PD010,Online,1,450000,17.6,330000
2025-10-28,ORD-2025-006308,P02518,T13,DK042,Online,1,1280000,0.0,200000
2025-10-28,ORD-2025-006311,P00737,T03,PD008,Toko,1,970000,19.8,
2025-10-28,ORD-2025-006311,P00737,T03,KR030,Toko,1,3050000,20.2,
2025-10-28,ORD-2025-006320,P02809,T13,PD020,Online,1,920000,15.7,490000
2025-10-28,ORD-2025-006399,P02175,T13,PC013,Online,1,1410000,14.7,530000
2025-10-28,ORD-2025-006399,P02175,T13,DK025,Online,1,660000,14.2,350000
2025-10-28,ORD-2025-006399,P02175,T13,MJ034,Online,1,6280000,20.4,380000
2025-10-28,ORD-2025-006414,P02629,T10,PC014,Toko,2,1800000,14.7,
2025-10-29,ORD-2025-006086,P02530,T13,SF032,Online,2,6260000,19.9,310000
2025-10-29,ORD-2025-006096,P02556,T01,KR006,Toko,3,3040000,0.0,
2025-10-29,ORD-2025-006096,P02556,T01,PC020,Toko,1,2530000,18.4,
2025-10-29,ORD-2025-006248,P03195,T13,MJ018,Online,2,3700000,21.4,130000
2025-10-29,ORD-2025-006248,P03195,T13,PC025,Online,1,1800000,17.6,100000
2025-10-29,ORD-2025-006248,P03195,T13,PC021,Online,1,4550000,22.6,310000
2025-10-29,ORD-2025-006299,P02250,T01,KR034,Marketplace,2,2350000,22.3,90000
2025-10-29,ORD-2025-006327,P01395,T08,DK030,Marketplace,1,930000,28.0,390000
2025-10-29,ORD-2025-006337,P01005,T09,DK024,Toko,1,930000,12.7,
2025-10-29,ORD-2025-006337,P01005,T09,PD011,Toko,1,750000,26.8,
2025-10-29,ORD-2025-006377,P00829,T01,LM004,Toko,2,4320000,18.0,
2025-10-29,ORD-2025-006464,P00592,T05,PC007,Marketplace,1,1510000,14.8,90000
2025-10-30,ORD-2025-006087,P00063,T13,DK017,Online,1,1740000,17.2,50000
2025-10-30,ORD-2025-006114,P01541,T09,MJ002,Marketplace,1,3330000,11.6,470000
2025-10-30,ORD-2025-006116,P02851,T13,DK004,Online,1,1240000,11.0,140000
2025-10-30,ORD-2025-006160,P03423,T01,PC028,Toko,2,2190000,18.7,
2025-10-30,ORD-2025-006161,P02099,T13,PD002,Online,1,1150000,13.3,180000
2025-10-30,ORD-2025-006180,P01689,T13,DK022,Online,2,550000,19.2,130000
2025-10-30,ORD-2025-006209,P00243,T03,KR005,Marketplace,2,3610000,18.8,460000
2025-10-30,ORD-2025-006285,P01325,T01,DK037,Toko,1,540000,18.8,
2025-10-30,ORD-2025-006314,P01287,T07,MJ025,Toko,1,5470000,16.2,
2025-10-30,ORD-2025-006314,P01287,T07,KS013,Toko,1,10990000,14.5,
2025-10-30,ORD-2025-006346,P01505,T13,KR039,Online,1,2460000,20.4,470000
2025-10-30,ORD-2025-006346,P01505,T13,LM019,Online,1,5540000,19.7,180000
2025-10-30,ORD-2025-006346,P01505,T13,PC001,Online,4,1430000,25.2,360000
2025-10-30,ORD-2025-006363,P01696,T13,PD009,Online,1,840000,19.2,460000
2025-10-30,ORD-2025-006366,P00552,T13,LM017,Online,1,16390000,14.5,290000
2025-10-30,ORD-2025-006366,P00552,T13,PD019,Online,1,1260000,0.0,560000
2025-10-30,ORD-2025-006366,P00552,T13,DK028,Online,2,730000,0.0,400000
2025-10-30,ORD-2025-006372,P02190,T09,KR003,Toko,1,1440000,23.4,
2025-10-30,ORD-2025-006421,P03072,T02,DK001,Toko,1,530000,20.5,
2025-10-30,ORD-2025-006421,P03072,T02,MJ031,Toko,1,7400000,17.3,
2025-10-30,ORD-2025-006428,P02315,T13,PC027,Online,1,3210000,0.0,500000
2025-10-30,ORD-2025-006429,P00920,T08,KS001,Marketplace,1,9740000,0.0,150000
2025-10-30,ORD-2025-006429,P00920,T08,MJ009,Marketplace,1,2670000,25.1,330000
2025-10-30,ORD-2025-006449,P02473,T11,DK009,Toko,3,990000,23.9,
2025-10-30,ORD-2025-006465,P00808,T05,PD007,Toko,2,770000,23.7,
2025-10-30,ORD-2025-006465,P00808,T05,PC032,Toko,1,470000,20.4,
2025-10-31,ORD-2025-006170,P01743,T06,MJ036,Toko,1,3410000,9.2,
2025-10-31,ORD-2025-006183,P01573,T13,KS011,Online,1,17850000,15.5,160000
2025-10-31,ORD-2025-006198,,T02,MJ033,Toko,1,4180000,20.2,
2025-10-31,ORD-2025-006204,P02879,T13,PD008,Online,1,970000,0.0,480000
2025-10-31,ORD-2025-006204,P02879,T13,KR004,Online,2,1790000,25.1,580000
2025-10-31,ORD-2025-006218,P01655,T06,KR047,Toko,2,4470000,15.0,
2025-10-31,ORD-2025-006218,P01655,T06,KS008,Toko,2,5690000,8.5,
2025-10-31,ORD-2025-006218,P01655,T06,DK043,Toko,3,760000,19.2,
2025-10-31,ORD-2025-006222,P00951,T03,DK025,Toko,1,660000,0.0,
2025-10-31,ORD-2025-006278,P00289,T13,KS031,Online,1,4390000,0.0,380000
2025-10-31,ORD-2025-006278,P00289,T13,SF027,Online,1,36010000,0.0,560000
2025-10-31,ORD-2025-006284,P00771,T13,DK014,Online,1,890000,23.5,570000
2025-10-31,ORD-2025-006284,P00771,T13,PC017,Online,3,1720000,18.5,310000
2025-10-31,ORD-2025-006286,P02612,T13,LM030,Online,1,5720000,13.6,170000
2025-10-31,ORD-2025-006295,P00395,T13,DK008,Online,1,910000,21.0,350000
2025-10-31,ORD-2025-006301,P00488,T05,DK025,Toko,1,660000,0.0,
2025-10-31,ORD-2025-006301,P00488,T05,MJ021,Toko,1,2560000,0.0,
2025-10-31,ORD-2025-006301,P00488,T05,DK026,Toko,1,1170000,27.0,
2025-10-31,ORD-2025-006301,P00488,T05,KR035,Toko,1,1760000,18.3,
2025-10-31,ORD-2025-006310,P01971,T13,MJ004,Online,1,3430000,13.4,580000
2025-10-31,ORD-2025-006329,P01724,T02,SF031,Marketplace,1,3420000,0.0,430000
2025-10-31,ORD-2025-006329,P01724,T02,KR015,Marketplace,1,2050000,12.6,140000
2025-10-31,ORD-2025-006353,P02547,T07,PC009,Toko,1,1490000,15.9,450000
2025-10-31,ORD-2025-006373,P01765,T10,MJ040,Toko,1,4110000,20.8,
2025-10-31,ORD-2025-006383,P02538,T01,DK019,Toko,1,860000,17.2,
2025-10-31,ORD-2025-006403,P01776,T02,DK025,Toko,1,660000,19.9,
2025-10-31,ORD-2025-006408,P01947,T13,SF013,Online,1,16570000,13.0,320000
2025-10-31,ORD-2025-006408,P01947,T13,SF011,Online,4,4580000,15.0,560000
2025-10-31,ORD-2025-006427,P00828,T10,KR028,Marketplace,2,1780000,16.3,100000
2025-10-31,ORD-2025-006427,P00828,T10,KR018,Marketplace,1,1090000,15.2,500000
2025-10-31,ORD-2025-006427,P00828,T10,PD023,Marketplace,1,1090000,13.6,390000
2025-10-31,ORD-2025-006430,P03405,T07,DK040,Marketplace,1,1260000,14.4,560000
2025-11-01,ORD-2025-006503,P03328,T13,DK031,Online,1,800000,28.0,310000
2025-11-01,ORD-2025-006587,P02415,T03,KR018,Toko,1,1090000,33.2,
2025-11-01,ORD-2025-006587,P02415,T03,SF039,Toko,1,6120000,24.7,
2025-11-01,ORD-2025-006657,P00995,T08,DK011,Toko,4,2070000,0.0,
2025-11-01,ORD-2025-006657,P00995,T08,PC020,Toko,1,2530000,19.2,
2025-11-01,ORD-2025-006657,P00995,T08,KS031,Toko,1,4390000,10.9,
2025-11-01,ORD-2025-006673,P00831,T08,LM015,Toko,1,3180000,16.9,
2025-11-01,ORD-2025-006715,P00384,T09,PD017,Marketplace,3,2370000,23.0,350000
2025-11-01,ORD-2025-006715,P00384,T09,PD019,Marketplace,2,1260000,21.1,260000
2025-11-01,ORD-2025-006773,P03448,T08,SF022,Marketplace,1,7310000,0.0,250000
2025-11-01,ORD-2025-006777,P02752,T08,PD011,Toko,1,750000,25.7,
2025-11-01,ORD-2025-006796,P02464,T13,MJ002,Online,1,3330000,14.9,120000
2025-11-01,ORD-2025-006796,P02464,T13,MJ038,Online,1,5030000,24.1,60000
2025-11-01,ORD-2025-006864,P02358,T11,KR042,Toko,2,1850000,0.0,
2025-11-02,ORD-2025-006507,P01715,T13,PC031,Online,2,1660000,27.7,590000
2025-11-02,ORD-2025-006507,P01715,T13,KR033,Online,2,3030000,22.1,410000
2025-11-02,ORD-2025-006510,P00282,T13,LM033,Online,1,6100000,22.0,130000
2025-11-02,ORD-2025-006594,,T09,DK035,Toko,1,400000,19.3,190000
2025-11-02,ORD-2025-006594,,T09,PD022,Toko,2,520000,20.8,
2025-11-02,ORD-2025-006613,P02926,T11,LM011,Toko,1,12480000,20.0,
2025-11-02,ORD-2025-006613,P02926,T11,MJ007,Toko,1,5590000,21.3,
2025-11-02,ORD-2025-006613,P02926,T11,DK005,Toko,1,430000,25.4,
2025-11-02,ORD-2025-006620,P02186,T08,DK033,Marketplace,1,220000,21.3,540000
2025-11-02,ORD-2025-006620,P02186,T08,DK001,Marketplace,3,530000,22.2,150000
2025-11-02,ORD-2025-006620,P02186,T08,PD019,Marketplace,1,1260000,20.0,410000
2025-11-02,ORD-2025-006648,P01735,T01,MJ027,Toko,1,3790000,24.9,
2025-11-02,ORD-2025-006648,P01735,T01,PD015,Toko,1,750000,0.0,
2025-11-02,ORD-2025-006665,P00998,T01,DK027,Marketplace,2,630000,19.0,430000
2025-11-02,ORD-2025-006665,P00998,T01,KR016,Marketplace,2,3780000,0.0,230000
2025-11-02,ORD-2025-006665,P00998,T01,LM001,Marketplace,2,6680000,22.1,260000
2025-11-02,ORD-2025-006665,P00998,T01,DK023,Marketplace,1,770000,27.8,270000
2025-11-02,ORD-2025-006742,P00472,T01,PC002,Marketplace,1,1740000,20.8,210000
2025-11-02,ORD-2025-006742,P00472,T01,KS029,Marketplace,2,8960000,25.1,570000
2025-11-02,ORD-2025-006742,P00472,T01,DK032,Marketplace,1,340000,23.6,240000
2025-11-02,ORD-2025-006771,P03023,T01,KS021,Toko,1,8510000,23.2,
2025-11-02,ORD-2025-006771,P03023,T01,MJ024,Toko,2,3010000,22.0,
2025-11-02,ORD-2025-006795,P01124,T09,KR030,Toko,3,3050000,29.9,
2025-11-02,ORD-2025-006795,P01124,T09,PD022,Toko,1,520000,27.8,
2025-11-02,ORD-2025-006795,P01124,T09,PD006,Toko,2,970000,22.2,
2025-11-02,ORD-2025-006825,P02687,T04,KS025,Toko,1,7830000,18.0,
2025-11-02,ORD-2025-006860,P02882,T09,SF013,Marketplace,1,16570000,0.0,180000
2025-11-03,ORD-2025-006477,P01272,T13,DK043,Online,1,760000,31.6,470000
2025-11-03,ORD-2025-006488,P01071,T05,MJ019,Marketplace,2,6140000,23.7,440000
2025-11-03,ORD-2025-006499,P02087,T13,LM029,Online,1,8480000,19.1,160000
2025-11-03,ORD-2025-006511,P03302,T13,KR037,Online,1,2790000,23.4,170000
2025-11-03,ORD-2025-006534,P01651,T13,KR036,Online,1,2360000,21.6,170000
2025-11-03,ORD-2025-006555,P03004,T13,LM039,Online,2,7740000,19.4,170000
2025-11-03,ORD-2025-006574,P00035,T09,SF008,Toko,2,13020000,25.2,
2025-11-03,ORD-2025-006574,P00035,T09,DK040,Toko,1,1260000,20.4,320000
2025-11-03,ORD-2025-006574,P00035,T09,PC012,Toko,1,1870000,27.9,
2025-11-03,ORD-2025-006638,P00077,T13,LM009,Online,1,2210000,30.3,470000
2025-11-03,ORD-2025-006650,P03329,T13,KR023,Online,1,1270000,0.0,180000
2025-11-03,ORD-2025-006691,P01524,T13,SF026,Online,1,5850000,0.0,560000
2025-11-03,ORD-2025-006692,P01534,T05,MJ039,Toko,1,6590000,0.0,
2025-11-03,ORD-2025-006692,P01534,T05,PD010,Toko,1,450000,26.2,370000
2025-11-03,ORD-2025-006692,P01534,T05,KR039,Toko,1,2460000,0.0,
2025-11-03,ORD-2025-006692,P01534,T05,KR042,Toko,1,1850000,0.0,
2025-11-03,ORD-2025-006726,P02334,T02,LM007,Toko,1,4350000,27.9,
2025-11-03,ORD-2025-006726,P02334,T02,PC013,Toko,1,1410000,0.0,
2025-11-03,ORD-2025-006726,P02334,T02,KR048,Toko,1,5130000,23.5,
2025-11-03,ORD-2025-006729,P03110,T13,MJ018,Online,1,3700000,27.9,420000
2025-11-03,ORD-2025-006729,P03110,T13,LM025,Online,2,9570000,23.3,
2025-11-03,ORD-2025-006768,P02429,T13,LM033,Online,1,6100000,19.5,410000
2025-11-03,ORD-2025-006768,P02429,T13,DK022,Online,1,550000,22.7,540000
2025-11-03,ORD-2025-006772,,T07,DK038,Toko,1,530000,19.9,
2025-11-03,ORD-2025-006819,P02615,T02,KR005,Toko,4,3610000,24.4,
2025-11-03,ORD-2025-006835,P00505,T08,MJ018,Toko,1,3700000,21.9,
2025-11-04,ORD-2025-006518,P00371,T06,PC019,Toko,2,1840000,28.2,
2025-11-04,ORD-2025-006518,P00371,T06,SF026,Toko,2,5850000,22.3,440000
2025-11-04,ORD-2025-006562,P01932,T09,SF024,Toko,1,3520000,27.8,
2025-11-04,ORD-2025-006728,P01451,T13,KR042,Online,2,1850000,31.3,340000
2025-11-04,ORD-2025-006793,P00981,T04,LM008,Toko,1,5080000,24.0,
2025-11-04,ORD-2025-006804,P02848,T13,MJ018,Online,1,3700000,18.1,510000
2025-11-04,ORD-2025-006804,P02848,T13,DK027,Online,1,630000,0.0,520000
2025-11-04,ORD-2025-006827,,T03,PD018,Toko,1,530000,21.3,
2025-11-04,ORD-2025-006827,,T03,DK025,Toko,1,660000,14.7,
2025-11-04,ORD-2025-006846,P01150,T13,MJ046,Online,3,2600000,25.3,100000
2025-11-05,ORD-2025-006487,P00353,T07,MJ034,Toko,2,6280000,0.0,
2025-11-05,ORD-2025-006493,P01862,T09,LM013,Toko,1,3180000,0.0,
2025-11-05,ORD-2025-006497,P02541,T13,KR034,Online,1,2350000,23.7,540000
2025-11-05,ORD-2025-006497,P02541,T13,DK040,Online,1,1260000,17.8,130000
2025-11-05,ORD-2025-006540,P02835,T05,KR039,Marketplace,1,2460000,25.3,430000
2025-11-05,ORD-2025-006545,P00207,T13,DK009,Online,1,990000,25.8,60000
2025-11-05,ORD-2025-006545,P00207,T13,DK003,Online,1,420000,29.6,120000
2025-11-05,ORD-2025-006545,P00207,T13,PC016,Online,1,1760000,31.4,
2025-11-05,ORD-2025-006612,P00725,T13,PC010,Online,1,1240000,24.0,490000
2025-11-05,ORD-2025-006612,P00725,T13,MJ027,Online,1,3790000,0.0,140000
2025-11-05,ORD-2025-006624,P01166,T13,KS014,Online,1,6440000,25.3,350000
2025-11-05,ORD-2025-006664,P01013,T02,PD006,Marketplace,2,970000,18.5,430000
2025-11-05,ORD-2025-006690,P00382,T13,PC010,Online,1,1240000,21.6,270000
2025-11-05,ORD-2025-006769,P01337,T13,PC032,Online,1,470000,23.5,390000
2025-11-05,ORD-2025-006790,P00713,T05,DK007,Marketplace,1,900000,20.1,240000
2025-11-05,ORD-2025-006790,P00713,T05,PC024,Marketplace,1,850000,16.5,540000
2025-11-05,ORD-2025-006790,P00713,T05,KR014,Marketplace,1,3530000,23.4,240000
2025-11-05,ORD-2025-006794,P00630,T04,DK026,Marketplace,1,1170000,17.7,170000
2025-11-05,ORD-2025-006821,P00850,T13,KR026,Online,1,2860000,28.4,270000
2025-11-06,ORD-2025-006467,P00359,T13,LM010,Online,1,7760000,22.1,130000
2025-11-06,ORD-2025-006467,P00359,T13,PD013,Online,1,1030000,0.0,170000
2025-11-06,ORD-2025-006471,P03175,T05,DK037,Toko,1,540000,25.0,
2025-11-06,ORD-2025-006504,P01955,T13,KS034,Online,1,6400000,0.0,410000
2025-11-06,ORD-2025-006564,P00196,T13,KR018,Online,1,1090000,21.0,360000
2025-11-06,ORD-2025-006621,P00196,T13,MJ010,Online,1,3850000,27.1,330000
2025-11-06,ORD-2025-006685,P00479,T10,LM021,Marketplace,1,7550000,26.5,510000
2025-11-06,ORD-2025-006685,P00479,T10,MJ001,Marketplace,2,2940000,0.0,380000
2025-11-06,ORD-2025-006698,P01809,T01,PC022,Marketplace,1,3000000,23.2,190000
2025-11-06,ORD-2025-006704,,T12,MJ030,Toko,2,2670000,0.0,
2025-11-06,ORD-2025-006704,,T12,KR023,Toko,1,1270000,25.0,
2025-11-06,ORD-2025-006732,P00250,T13,PD005,Online,2,390000,21.8,420000
2025-11-06,ORD-2025-006735,P01839,T13,PD006,Online,1,970000,31.5,380000
2025-11-06,ORD-2025-006735,P01839,T13,PD001,Online,1,1710000,17.0,510000
2025-11-06,ORD-2025-006811,P00207,T04,MJ026,Marketplace,1,3480000,0.0,420000
2025-11-06,ORD-2025-006811,P00207,T04,DK026,Marketplace,1,1170000,31.2,540000
2025-11-07,ORD-2025-006474,P00360,T13,MJ042,Online,1,10940000,0.0,130000
2025-11-07,ORD-2025-006479,P02028,T04,DK020,Marketplace,1,690000,17.9,90000
2025-11-07,ORD-2025-006486,P01553,T03,KR041,Toko,1,1620000,20.8,
2025-11-07,ORD-2025-006560,P02135,T04,DK031,Toko,1,800000,24.9,
2025-11-07,ORD-2025-006560,P02135,T04,MJ044,Toko,4,6150000,16.9,
2025-11-07,ORD-2025-006595,P03046,T13,DK002,Online,1,490000,31.2,410000
2025-11-07,ORD-2025-006595,P03046,T13,DK005,Online,1,430000,26.6,70000
2025-11-07,ORD-2025-006596,P01828,T01,PD005,Toko,2,390000,22.3,
2025-11-07,ORD-2025-006602,P02660,T01,LM026,Toko,3,5250000,23.6,
2025-11-07,ORD-2025-006660,P02942,T13,PC024,Online,1,850000,25.0,480000
2025-11-07,ORD-2025-006725,P03051,T01,MJ003,Toko,2,2060000,23.5,360000
2025-11-07,ORD-2025-006750,P01602,T11,PC008,Toko,1,1830000,0.0,
2025-11-07,ORD-2025-006766,P01651,T04,DK033,Toko,2,220000,23.1,
2025-11-07,ORD-2025-006766,P01651,T04,LM013,Toko,2,3180000,23.9,
2025-11-07,ORD-2025-006791,P00873,T05,DK007,Toko,1,900000,32.3,
2025-11-07,ORD-2025-006791,P00873,T05,DK012,Toko,1,960000,26.8,
2025-11-07,ORD-2025-006837,P00420,T13,DK002,Online,2,490000,22.0,370000
2025-11-07,ORD-2025-006854,P01288,T13,LM006,Online,2,13730000,30.3,370000
2025-11-08,ORD-2025-006482,P00871,T02,KR011,Toko,1,1570000,0.0,
2025-11-08,ORD-2025-006482,P00871,T02,KR010,Toko,1,1900000,23.5,
2025-11-08,ORD-2025-006492,P02214,T13,DK032,Online,1,340000,18.9,490000
2025-11-08,ORD-2025-006498,P01547,T08,PD012,Toko,1,1500000,17.3,
2025-11-08,ORD-2025-006528,P01017,T10,SF030,Toko,1,5980000,20.7,
2025-11-08,ORD-2025-006542,P02360,T10,LM030,Toko,2,5720000,21.3,360000
2025-11-08,ORD-2025-006588,P00801,T02,KR006,Toko,1,3040000,31.5,
2025-11-08,ORD-2025-006635,P00485,T13,PD021,Online,2,660000,26.4,430000
2025-11-08,ORD-2025-006676,P01870,T12,MJ009,Toko,1,2670000,19.8,
2025-11-08,ORD-2025-006687,P02689,T09,MJ040,Toko,1,4110000,18.4,200000
2025-11-08,ORD-2025-006700,P00058,T01,LM021,Toko,1,7550000,15.8,
2025-11-08,ORD-2025-006700,P00058,T01,MJ018,Toko,2,3700000,15.1,
2025-11-08,ORD-2025-006717,P02992,T04,KS034,Toko,1,6400000,25.8,
2025-11-08,ORD-2025-006762,P01977,T07,KR036,Toko,1,2360000,25.1,
2025-11-08,ORD-2025-006763,P00303,T12,DK032,Toko,1,340000,19.0,
2025-11-08,ORD-2025-006763,P00303,T12,DK014,Toko,2,890000,26.9,
2025-11-08,ORD-2025-006763,P00303,T12,KR025,Toko,2,3670000,18.8,
2025-11-08,ORD-2025-006763,P00303,T12,PD022,Toko,3,520000,26.4,
2025-11-08,ORD-2025-006781,P03062,T02,KR005,Toko,1,3610000,20.6,
2025-11-08,ORD-2025-006809,P02271,T13,KR024,Online,1,3000000,20.6,430000
2025-11-08,ORD-2025-006839,P01137,T11,DK039,Toko,1,870000,23.7,
2025-11-08,ORD-2025-006839,P01137,T11,SF024,Toko,1,3520000,25.5,
2025-11-09,ORD-2025-006514,P01348,T13,PC012,Online,1,1870000,0.0,530000
2025-11-09,ORD-2025-006519,P02407,T13,KR041,Online,3,1620000,29.6,570000
2025-11-09,ORD-2025-006519,P02407,T13,PC005,Online,1,660000,27.5,360000
2025-11-09,ORD-2025-006519,P02407,T13,SF020,Online,1,9700000,28.1,440000
2025-11-09,ORD-2025-006605,P00377,T06,DK029,Toko,1,500000,20.8,
2025-11-09,ORD-2025-006605,P00377,T06,DK012,Toko,2,960000,23.0,
2025-11-09,ORD-2025-006605,P00377,T06,KR020,Toko,1,1970000,16.7,
2025-11-09,ORD-2025-006631,P02702,T03,KR039,Marketplace,1,2460000,22.8,100000
2025-11-09,ORD-2025-006656,P02923,T09,PD022,Toko,1,520000,23.7,
2025-11-09,ORD-2025-006667,P00937,T09,KR001,Marketplace,1,3260000,25.7,580000
2025-11-09,ORD-2025-006667,P00937,T09,PD018,Marketplace,1,530000,15.7,60000
2025-11-09,ORD-2025-006674,P03295,T02,DK007,Toko,1,900000,30.4,
2025-11-09,ORD-2025-006751,,T09,SF032,Toko,1,6260000,20.9,
2025-11-09,ORD-2025-006751,,T09,DK025,Toko,1,660000,21.1,
2025-11-09,ORD-2025-006751,,T09,DK006,Toko,2,2070000,24.9,
2025-11-09,ORD-2025-006753,P00414,T13,LM026,Online,1,5250000,20.9,300000
2025-11-09,ORD-2025-006757,P00297,T04,SF005,Marketplace,4,13820000,17.2,350000
2025-11-09,ORD-2025-006757,P00297,T04,DK023,Marketplace,1,770000,16.5,500000
2025-11-09,ORD-2025-006757,P00297,T04,PD018,Marketplace,2,530000,0.0,300000
2025-11-09,ORD-2025-006757,P00297,T04,LM019,Marketplace,1,5540000,23.9,60000
2025-11-09,ORD-2025-006775,P02447,T13,PC009,Online,1,1490000,22.4,270000
2025-11-09,ORD-2025-006775,P02447,T13,DK013,Online,2,1520000,24.5,320000
2025-11-09,ORD-2025-006775,P02447,T13,DK002,Online,2,490000,33.5,240000
2025-11-09,ORD-2025-006806,,T11,SF039,Toko,2,6120000,22.4,
2025-11-09,ORD-2025-006844,P02736,T13,LM033,Online,1,6100000,22.8,230000
2025-11-09,ORD-2025-006844,P02736,T13,KR013,Online,3,3330000,19.4,380000
2025-11-09,ORD-2025-006844,P02736,T13,DK021,Online,1,1010000,26.9,200000
2025-11-09,ORD-2025-006856,P02756,T04,PD010,Marketplace,2,450000,0.0,
2025-11-09,ORD-2025-006856,P02756,T04,KS024,Marketplace,1,13500000,0.0,500000
2025-11-09,ORD-2025-006856,P02756,T04,SF030,Marketplace,1,5980000,25.2,
2025-11-09,ORD-2025-006857,P02426,T05,KR036,Toko,2,2360000,20.9,
2025-11-09,ORD-2025-006857,P02426,T05,DK019,Toko,1,860000,24.7,
2025-11-10,ORD-2025-006490,P02748,T03,MJ009,Marketplace,2,2670000,24.2,510000
2025-11-10,ORD-2025-006501,P02444,T13,PD013,Online,1,1030000,33.2,440000
2025-11-10,ORD-2025-006556,P01601,T03,DK032,Toko,1,340000,30.1,
2025-11-10,ORD-2025-006569,P01216,T13,MJ023,Online,1,8100000,22.2,50000
2025-11-10,ORD-2025-006581,P02877,T01,PD016,Marketplace,1,1080000,32.3,570000
2025-11-10,ORD-2025-006581,P02877,T01,PD008,Marketplace,1,970000,26.4,50000
2025-11-10,ORD-2025-006581,P02877,T01,DK038,Marketplace,1,530000,25.2,390000
2025-11-10,ORD-2025-006581,P02877,T01,DK007,Marketplace,2,900000,34.8,
2025-11-10,ORD-2025-006599,P02209,T13,DK044,Online,1,1380000,22.9,500000
2025-11-10,ORD-2025-006599,P02209,T13,KR018,Online,1,1090000,22.8,100000
2025-11-10,ORD-2025-006628,P00788,T03,DK023,Marketplace,1,770000,21.0,240000
2025-11-10,ORD-2025-006628,P00788,T03,DK019,Marketplace,2,860000,23.3,410000
2025-11-10,ORD-2025-006662,P01942,T02,PC030,Marketplace,2,1220000,25.3,60000
2025-11-10,ORD-2025-006662,P01942,T02,PD019,Marketplace,1,1260000,22.3,520000
2025-11-10,ORD-2025-006675,P01683,T13,DK036,Online,1,510000,22.7,50000
2025-11-10,ORD-2025-006684,P02566,T11,SF039,Toko,1,6120000,17.1,
2025-11-10,ORD-2025-006724,P01713,T13,PD003,Online,1,1200000,28.0,120000
2025-11-10,ORD-2025-006799,P02677,T13,PC003,Online,2,1200000,23.9,320000
2025-11-10,ORD-2025-006799,P02677,T13,KR003,Online,2,1440000,24.1,250000
2025-11-10,ORD-2025-006799,P02677,T13,DK043,Online,2,760000,26.3,430000
2025-11-10,ORD-2025-006833,P00562,T09,PD012,Marketplace,1,1500000,16.7,210000
2025-11-11,ORD-2025-006506,,T10,KS009,Toko,1,11180000,20.2,
2025-11-11,ORD-2025-006506,,T10,MJ021,Toko,1,2560000,15.5,
2025-11-11,ORD-2025-006553,P01280,T10,SF012,Toko,1,7980000,21.0,
2025-11-11,ORD-2025-006576,P03238,T12,PD022,Marketplace,1,520000,26.3,100000
2025-11-11,ORD-2025-006590,P01711,T10,PD022,Toko,1,520000,14.2,
2025-11-11,ORD-2025-006590,P01711,T10,PD018,Toko,1,530000,35.4,
2025-11-11,ORD-2025-006590,P01711,T10,DK042,Toko,1,1280000,19.0,
2025-11-11,ORD-2025-006630,P02328,T13,KR017,Online,1,4540000,28.7,370000
2025-11-11,ORD-2025-006630,P02328,T13,PC031,Online,2,1660000,16.1,290000
2025-11-11,ORD-2025-006739,P02919,T12,KR001,Toko,2,3260000,0.0,
2025-11-11,ORD-2025-006758,P00123,T02,DK037,Marketplace,1,540000,0.0,530000
2025-11-11,ORD-2025-006816,P00903,T02,PD026,Marketplace,1,520000,22.2,450000
2025-11-11,ORD-2025-006816,P00903,T02,PC001,Marketplace,1,1430000,24.8,480000
2025-11-11,ORD-2025-006816,P00903,T02,DK029,Marketplace,1,500000,21.9,50000
2025-11-11,ORD-2025-006816,P00903,T02,KR022,Marketplace,1,2200000,31.4,500000
2025-11-11,ORD-2025-006823,P03149,T13,MJ010,Online,1,3850000,23.0,150000
2025-11-11,ORD-2025-006823,P03149,T13,KS028,Online,2,7780000,21.2,190000
2025-11-11,ORD-2025-006831,P01886,T13,KR043,Online,1,5270000,18.7,340000
2025-11-11,ORD-2025-006831,P01886,T13,SF024,Online,1,3520000,0.0,100000
2025-11-11,ORD-2025-006834,P00940,T03,PD003,Marketplace,1,1200000,0.0,320000
2025-11-12,ORD-2025-006489,P00484,T13,KR031,Online,1,2350000,23.4,460000
2025-11-12,ORD-2025-006489,P00484,T13,SF029,Online,1,7520000,0.0,160000
2025-11-12,ORD-2025-006500,P02678,T04,PD002,Toko,1,1150000,27.1,
2025-11-12,ORD-2025-006508,P01363,T13,KR035,Online,1,1760000,30.9,380000
2025-11-12,ORD-2025-006524,P02409,T09,PC004,Toko,1,1660000,18.9,
2025-11-12,ORD-2025-006539,P02275,T13,KS017,Online,1,15120000,0.0,180000
2025-11-12,ORD-2025-006539,P02275,T13,LM026,Online,1,5250000,20.8,50000
2025-11-12,ORD-2025-006554,P00122,T13,DK033,Online,1,220000,24.3,190000
2025-11-12,ORD-2025-006554,P00122,T13,DK039,Online,2,870000,0.0,550000
2025-11-12,ORD-2025-006607,P00229,T07,DK029,Toko,2,500000,24.7,
2025-11-12,ORD-2025-006608,P01195,T09,KR002,Toko,1,1500000,31.8,
2025-11-12,ORD-2025-006608,P01195,T09,PD024,Toko,1,1130000,0.0,
2025-11-12,ORD-2025-006671,P00956,T01,DK028,Marketplace,2,730000,26.3,450000
2025-11-12,ORD-2025-006671,P00956,T01,PC029,Marketplace,1,1900000,21.8,80000
2025-11-12,ORD-2025-006693,P02944,T06,SF038,Toko,1,6260000,26.5,
2025-11-12,ORD-2025-006693,P02944,T06,DK032,Toko,1,340000,23.7,
2025-11-12,ORD-2025-006709,P02219,T13,MJ014,Online,2,4970000,26.0,530000
2025-11-12,ORD-2025-006731,P01649,T13,MJ028,Online,2,10280000,0.0,50000
2025-11-12,ORD-2025-006731,P01649,T13,DK039,Online,2,870000,0.0,520000
2025-11-12,ORD-2025-006731,P01649,T13,MJ032,Online,1,5400000,26.3,420000
2025-11-12,ORD-2025-006731,P01649,T13,PC030,Online,1,1220000,25.6,460000
2025-11-12,ORD-2025-006743,P01529,T13,DK009,Online,1,990000,23.9,450000
2025-11-12,ORD-2025-006748,P01447,T13,PC031,Online,2,1660000,24.9,180000
2025-11-12,ORD-2025-006761,P03067,T06,DK043,Toko,1,760000,18.1,
2025-11-12,ORD-2025-006761,P03067,T06,PD018,Toko,1,530000,27.6,
2025-11-12,ORD-2025-006822,P00893,T13,LM031,Online,1,6490000,18.9,70000
2025-11-12,ORD-2025-006822,P00893,T13,DK004,Online,1,1240000,0.0,160000
2025-11-12,ORD-2025-006863,P02628,T02,DK010,Toko,1,690000,23.1,
2025-11-13,ORD-2025-006473,P02122,T01,KR029,Toko,2,5120000,0.0,
2025-11-13,ORD-2025-006473,P02122,T01,KS016,Toko,1,26320000,18.2,
2025-11-13,ORD-2025-006473,P02122,T01,KS024,Toko,1,13500000,20.1,400000
2025-11-13,ORD-2025-006473,P02122,T01,DK008,Toko,1,910000,32.4,
2025-11-13,ORD-2025-006526,P00801,T13,DK016,Online,1,730000,22.9,250000
2025-11-13,ORD-2025-006653,P02038,T13,LM037,Online,1,3800000,18.2,480000
2025-11-13,ORD-2025-006661,P00033,T13,MJ041,Online,1,2240000,24.7,150000
2025-11-13,ORD-2025-006668,P01968,T13,PD008,Online,1,970000,17.2,
2025-11-13,ORD-2025-006672,P01786,T13,LM015,Online,1,3180000,0.0,300000
2025-11-13,ORD-2025-006672,P01786,T13,PC006,Online,2,1850000,18.7,170000
2025-11-13,ORD-2025-006694,P00172,T13,LM031,Online,1,6490000,0.0,100000
2025-11-13,ORD-2025-006694,P00172,T13,KR037,Online,1,2790000,23.3,430000
2025-11-13,ORD-2025-006694,P00172,T13,MJ001,Online,1,2940000,23.9,430000
2025-11-13,ORD-2025-006707,P02036,T13,DK003,Online,4,420000,22.1,220000
2025-11-13,ORD-2025-006740,P00152,T02,DK015,Toko,3,1390000,23.5,
2025-11-13,ORD-2025-006740,P00152,T02,MJ003,Toko,1,2060000,25.6,
2025-11-13,ORD-2025-006744,P02380,T13,PD011,Online,2,750000,0.0,440000
2025-11-13,ORD-2025-006744,P02380,T13,PD026,Online,2,520000,20.7,150000
2025-11-13,ORD-2025-006778,P02964,T02,PC028,Toko,1,2190000,30.3,
2025-11-13,ORD-2025-006814,P01666,T04,KR026,Toko,2,2860000,0.0,
2025-11-13,ORD-2025-006814,P01666,T04,PD025,Toko,1,1100000,30.6,
2025-11-13,ORD-2025-006814,P01666,T04,PC007,Toko,1,1510000,17.6,
2025-11-14,ORD-2025-006484,P03212,T02,PC001,Toko,1,1430000,18.5,90000
2025-11-14,ORD-2025-006513,P01325,T13,DK003,Online,1,420000,27.0,130000
2025-11-14,ORD-2025-006536,P03455,T13,MJ006,Online,1,4050000,21.2,110000
2025-11-14,ORD-2025-006536,P03455,T13,LM022,Online,1,8900000,0.0,540000
2025-11-14,ORD-2025-006546,P00508,T07,KS009,Toko,2,11180000,29.7,
2025-11-14,ORD-2025-006578,P01709,T03,PD026,Toko,1,520000,27.6,
2025-11-14,ORD-2025-006578,P01709,T03,PC024,Toko,3,850000,21.6,
2025-11-14,ORD-2025-006593,P02679,T08,DK001,Toko,1,530000,26.3,
2025-11-14,ORD-2025-006655,P03269,T09,DK009,Toko,1,990000,27.7,
2025-11-14,ORD-2025-006782,P00315,T13,DK027,Online,1,630000,0.0,490000
2025-11-14,ORD-2025-006782,P00315,T13,MJ044,Online,1,6150000,0.0,190000
2025-11-14,ORD-2025-006782,P00315,T13,LM024,Online,1,5790000,24.1,60000
2025-11-14,ORD-2025-006817,P00176,T05,MJ038,Toko,2,5030000,18.7,
2025-11-14,ORD-2025-006818,P02797,T04,KS006,Toko,1,8770000,21.4,180000
2025-11-14,ORD-2025-006818,P02797,T04,KR020,Toko,1,1970000,20.7,
2025-11-15,ORD-2025-006469,P01425,T10,PD003,Toko,1,1200000,23.6,
2025-11-15,ORD-2025-006476,P01606,T13,DK006,Online,1,2070000,22.3,180000
2025-11-15,ORD-2025-006529,P02921,T05,KR002,Toko,1,1500000,0.0,
2025-11-15,ORD-2025-006548,P01368,T09,KR009,Marketplace,1,3260000,0.0,60000
2025-11-15,ORD-2025-006563,P01000,T01,KR028,Toko,1,1780000,0.0,320000
2025-11-15,ORD-2025-006573,P02129,T01,LM013,Toko,1,3180000,32.9,
2025-11-15,ORD-2025-006573,P02129,T01,LM030,Toko,1,5720000,32.5,
2025-11-15,ORD-2025-006617,P00055,T13,KR014,Online,1,3530000,25.9,270000
2025-11-15,ORD-2025-006625,P02795,T13,PC005,Online,1,660000,28.1,540000
2025-11-15,ORD-2025-006626,P00095,T03,MJ042,Toko,1,10940000,16.1,
2025-11-15,ORD-2025-006626,P00095,T03,KR028,Toko,3,1780000,0.0,
2025-11-15,ORD-2025-006686,P03271,T01,DK004,Toko,1,1240000,31.4,
2025-11-15,ORD-2025-006712,P01494,T13,KS017,Online,4,15120000,18.5,530000
2025-11-15,ORD-2025-006718,P00847,T09,PC029,Toko,1,1900000,0.0,
2025-11-15,ORD-2025-006730,P01921,T13,KR043,Online,2,5270000,0.0,70000
2025-11-15,ORD-2025-006752,P02190,T11,LM002,Marketplace,3,5960000,16.8,480000
2025-11-15,ORD-2025-006752,P02190,T11,KR023,Marketplace,2,1270000,0.0,230000
2025-11-15,ORD-2025-006752,P02190,T11,MJ003,Marketplace,2,2060000,23.2,430000
2025-11-15,ORD-2025-006770,P01476,T13,PC005,Online,1,660000,20.0,60000
2025-11-15,ORD-2025-006776,P01343,T13,KR039,Online,2,2460000,0.0,90000
2025-11-15,ORD-2025-006776,P01343,T13,PD003,Online,1,1200000,14.9,150000
2025-11-15,ORD-2025-006776,P01343,T13,PC010,Online,1,1240000,23.1,80000
2025-11-15,ORD-2025-006784,P01570,T13,PD006,Online,1,970000,24.4,140000
2025-11-15,ORD-2025-006785,P03428,T13,LM013,Online,1,3180000,0.0,90000
2025-11-15,ORD-2025-006785,P03428,T13,KR022,Online,1,2200000,25.4,150000
2025-11-15,ORD-2025-006813,P02088,T03,DK012,Marketplace,1,960000,28.7,220000
2025-11-15,ORD-2025-006838,P01747,T13,PD002,Online,2,1150000,22.1,440000
2025-11-15,ORD-2025-006838,P01747,T13,DK039,Online,1,870000,29.2,400000
2025-11-15,ORD-2025-006838,P01747,T13,LM021,Online,2,7550000,19.0,300000
2025-11-16,ORD-2025-006480,P00555,T03,DK003,Toko,1,420000,18.6,
2025-11-16,ORD-2025-006538,P00182,T13,SF034,Online,2,13040000,25.0,430000
2025-11-16,ORD-2025-006597,P01996,T09,SF016,Toko,1,10420000,18.7,
2025-11-16,ORD-2025-006677,P03428,T08,SF015,Toko,1,6690000,23.5,
2025-11-16,ORD-2025-006710,P02213,T12,PC004,Toko,2,1660000,25.7,
2025-11-16,ORD-2025-006722,P03391,T13,PC031,Online,1,1660000,22.9,90000
2025-11-16,ORD-2025-006747,P01631,T13,PC004,Online,1,1660000,30.9,70000
2025-11-16,ORD-2025-006747,P01631,T13,DK033,Online,3,220000,0.0,530000
2025-11-16,ORD-2025-006764,P01659,T13,DK028,Online,1,730000,20.2,50000
2025-11-16,ORD-2025-006830,P02135,T11,SF022,Marketplace,1,7310000,29.0,300000
2025-11-16,ORD-2025-006843,P02304,T13,MJ034,Online,2,6280000,24.5,490000
2025-11-16,ORD-2025-006858,P00202,T13,KR010,Online,1,1900000,23.1,420000
2025-11-16,ORD-2025-006858,P00202,T13,PD010,Online,1,450000,21.2,450000
2025-11-16,ORD-2025-006862,P01563,T08,DK011,Toko,1,2070000,20.0,
2025-11-17,ORD-2025-006468,P03131,T04,PD005,Marketplace,2,390000,21.3,480000
2025-11-17,ORD-2025-006468,P03131,T04,LM023,Marketplace,1,8770000,20.2,80000
2025-11-17,ORD-2025-006495,P01708,T13,LM037,Online,1,3800000,0.0,450000
2025-11-17,ORD-2025-006523,P00843,T05,KR037,Marketplace,1,2790000,24.8,440000
2025-11-17,ORD-2025-006523,P00843,T05,DK001,Marketplace,2,530000,30.8,270000
2025-11-17,ORD-2025-006523,P00843,T05,LM030,Marketplace,1,5720000,21.7,190000
2025-11-17,ORD-2025-006570,P03371,T07,SF020,Marketplace,1,9700000,18.0,300000
2025-11-17,ORD-2025-006570,P03371,T07,LM037,Marketplace,1,3800000,31.0,
2025-11-17,ORD-2025-006652,P01235,T06,KS030,Toko,3,3860000,22.0,
2025-11-17,ORD-2025-006652,P01235,T06,PC003,Toko,2,1200000,23.6,
2025-11-17,ORD-2025-006652,P01235,T06,KR003,Toko,3,1440000,0.0,
2025-11-17,ORD-2025-006658,P00863,T03,LM007,Toko,1,4350000,25.3,
2025-11-17,ORD-2025-006669,P01043,T05,PC004,Marketplace,1,1660000,24.1,170000
2025-11-17,ORD-2025-006681,,T02,KS028,Toko,1,7780000,22.2,
2025-11-17,ORD-2025-006681,,T02,KR013,Toko,3,3330000,17.3,180000
2025-11-17,ORD-2025-006745,P02679,T13,PC028,Online,1,2190000,18.3,360000
2025-11-17,ORD-2025-006749,P03162,T13,DK020,Online,1,690000,29.8,360000
2025-11-17,ORD-2025-006749,P03162,T13,DK001,Online,1,530000,18.3,450000
2025-11-17,ORD-2025-006760,P01538,T03,PD011,Toko,1,750000,16.5,
2025-11-17,ORD-2025-006760,P01538,T03,DK043,Toko,1,760000,23.9,
2025-11-17,ORD-2025-006780,P00083,T08,PD010,Toko,1,450000,0.0,
2025-11-17,ORD-2025-006800,P01924,T13,PC001,Online,1,1430000,29.2,450000
2025-11-17,ORD-2025-006800,P01924,T13,KR005,Online,1,3610000,14.8,250000
2025-11-17,ORD-2025-006841,P00017,T13,KR003,Online,1,1440000,0.0,520000
2025-11-17,ORD-2025-006841,P00017,T13,KR035,Online,1,1760000,22.2,240000
2025-11-17,ORD-2025-006851,P01721,T02,PC011,Marketplace,1,4490000,21.6,60000
2025-11-17,ORD-2025-006865,P03028,T13,KR005,Online,1,3610000,22.3,560000
2025-11-17,ORD-2025-006865,P03028,T13,PC003,Online,1,1200000,20.5,150000
2025-11-17,ORD-2025-006869,,T07,MJ005,Toko,1,4030000,23.2,
2025-11-18,ORD-2025-006491,P00241,T13,KS019,Online,1,7170000,0.0,250000
2025-11-18,ORD-2025-006509,P02781,T13,PD004,Online,2,1050000,22.6,320000
2025-11-18,ORD-2025-006582,P03098,T07,SF040,Marketplace,1,5750000,19.7,230000
2025-11-18,ORD-2025-006592,P01361,T13,KS009,Online,1,11180000,0.0,100000
2025-11-18,ORD-2025-006592,P01361,T13,KR006,Online,1,3040000,23.9,260000
2025-11-18,ORD-2025-006659,,T11,PD026,Toko,1,520000,20.5,
2025-11-18,ORD-2025-006659,,T11,LM031,Toko,2,6490000,21.2,
2025-11-18,ORD-2025-006683,P00330,T06,KR019,Toko,1,2530000,34.7,
2025-11-18,ORD-2025-006697,P00952,T13,DK018,Online,1,1000000,16.7,430000
2025-11-18,ORD-2025-006711,P01645,T09,DK020,Toko,1,690000,22.8,
2025-11-18,ORD-2025-006711,P01645,T09,DK023,Toko,3,770000,21.3,
2025-11-18,ORD-2025-006786,P01201,T04,SF031,Toko,2,3420000,20.1,
2025-11-18,ORD-2025-006805,P02036,T01,LM009,Toko,2,2210000,0.0,
2025-11-18,ORD-2025-006848,P02886,T01,MJ025,Toko,2,5470000,30.0,
2025-11-18,ORD-2025-006848,P02886,T01,LM007,Toko,1,4350000,28.6,
2025-11-18,ORD-2025-006871,P00254,T13,SF039,Online,1,6120000,22.5,250000
2025-11-18,ORD-2025-006871,P00254,T13,PC020,Online,1,2530000,12.8,590000
2025-11-19,ORD-2025-006481,P00712,T10,PD003,Toko,2,1200000,18.0,
2025-11-19,ORD-2025-006496,P02690,T11,DK042,Toko,2,1280000,21.8,
2025-11-19,ORD-2025-006517,P02442,T05,KR039,Toko,2,2460000,19.1,
2025-11-19,ORD-2025-006522,,T09,DK035,Toko,1,400000,24.8,
2025-11-19,ORD-2025-006530,P02867,T13,MJ018,Online,1,3700000,34.3,520000
2025-11-19,ORD-2025-006603,P01492,T05,LM026,Marketplace,3,5250000,28.9,400000
2025-11-19,ORD-2025-006603,P01492,T05,DK017,Marketplace,1,1740000,0.0,350000
2025-11-19,ORD-2025-006603,P01492,T05,PD026,Marketplace,3,520000,27.7,530000
2025-11-19,ORD-2025-006603,P01492,T05,PC004,Marketplace,2,1660000,20.1,270000
2025-11-19,ORD-2025-006644,P02670,T13,DK024,Online,1,930000,25.0,70000
2025-11-19,ORD-2025-006695,P02817,T09,KR008,Toko,1,2800000,21.1,
2025-11-19,ORD-2025-006716,P00458,T02,PD020,Toko,1,920000,28.3,
2025-11-19,ORD-2025-006737,P03269,T08,LM008,Marketplace,1,5080000,20.6,340000
2025-11-19,ORD-2025-006787,P00406,T06,DK022,Toko,2,550000,34.8,
2025-11-19,ORD-2025-006787,P00406,T06,PD015,Toko,1,750000,27.6,
2025-11-19,ORD-2025-006787,P00406,T06,DK019,Toko,2,860000,26.0,410000
2025-11-19,ORD-2025-006789,P02489,T10,KR002,Toko,2,1500000,29.7,
2025-11-19,ORD-2025-006789,P02489,T10,DK041,Toko,1,2550000,18.8,
2025-11-19,ORD-2025-006789,P02489,T10,DK014,Toko,1,890000,23.0,
2025-11-19,ORD-2025-006808,P00603,T05,PC027,Toko,1,3210000,22.9,
2025-11-19,ORD-2025-006832,P01898,T13,KS012,Online,1,11030000,22.3,500000
2025-11-19,ORD-2025-006849,P02280,T13,DK040,Online,1,1260000,30.2,130000
2025-11-19,ORD-2025-006868,P00157,T10,DK012,Marketplace,1,960000,0.0,240000
2025-11-19,ORD-2025-006868,P00157,T10,KR011,Marketplace,2,1570000,27.9,250000
2025-11-20,ORD-2025-006525,P02982,T12,PD022,Toko,2,520000,16.2,
2025-11-20,ORD-2025-006535,P02619,T13,MJ020,Online,1,4520000,27.3,250000
2025-11-20,ORD-2025-006557,P00950,T13,KR010,Online,1,1900000,28.4,200000
2025-11-20,ORD-2025-006559,P01709,T05,KR016,Toko,2,3780000,0.0,
2025-11-20,ORD-2025-006579,P00651,T07,PC006,Toko,1,1850000,24.2,
2025-11-20,ORD-2025-006606,P01571,T09,SF032,Toko,2,6260000,29.3,
2025-11-20,ORD-2025-006629,P01795,T13,KR032,Online,1,2340000,0.0,570000
2025-11-20,ORD-2025-006629,P01795,T13,PD023,Online,2,1090000,24.6,400000
2025-11-20,ORD-2025-006629,P01795,T13,PC008,Online,1,1830000,22.5,290000
2025-11-20,ORD-2025-006640,P03326,T05,PC005,Toko,1,660000,0.0,
2025-11-20,ORD-2025-006646,P01467,T13,KR020,Online,1,1970000,26.9,380000
2025-11-20,ORD-2025-006696,P00771,T13,KR023,Online,1,1270000,27.6,580000
2025-11-20,ORD-2025-006713,P01784,T01,MJ044,Toko,1,6150000,24.3,
2025-11-20,ORD-2025-006713,P01784,T01,DK019,Toko,2,860000,18.4,450000
2025-11-20,ORD-2025-006714,P02531,T07,KS032,Toko,2,9280000,20.5,200000
2025-11-20,ORD-2025-006812,P01780,T13,PC014,Online,1,1800000,28.5,490000
2025-11-20,ORD-2025-006815,P03051,T13,PD021,Online,1,660000,24.0,300000
2025-11-20,ORD-2025-006836,P00953,T13,DK023,Online,2,770000,28.1,460000
2025-11-20,ORD-2025-006836,P00953,T13,KR031,Online,1,2350000,26.6,130000
2025-11-20,ORD-2025-006836,P00953,T13,PD014,Online,2,1590000,17.7,470000
2025-11-21,ORD-2025-006470,P01826,T01,LM022,Marketplace,1,8900000,20.9,440000
2025-11-21,ORD-2025-006470,P01826,T01,SF016,Marketplace,1,10420000,26.2,360000
2025-11-21,ORD-2025-006470,P01826,T01,PD005,Marketplace,2,390000,26.4,450000
2025-11-21,ORD-2025-006475,P03438,T13,PD003,Online,1,1200000,0.0,490000
2025-11-21,ORD-2025-006478,P03055,T13,KR023,Online,1,1270000,28.4,430000
2025-11-21,ORD-2025-006478,P03055,T13,KR032,Online,1,2340000,25.7,
2025-11-21,ORD-2025-006478,P03055,T13,PC024,Online,2,850000,23.9,410000
2025-11-21,ORD-2025-006478,P03055,T13,DK008,Online,1,910000,23.4,490000
2025-11-21,ORD-2025-006515,P02774,T12,PC002,Toko,2,1740000,22.7,
2025-11-21,ORD-2025-006566,P02072,T13,PC003,Online,1,1200000,26.9,320000
2025-11-21,ORD-2025-006584,P00702,T11,PD024,Marketplace,2,1130000,19.7,260000
2025-11-21,ORD-2025-006584,P00702,T11,PC020,Marketplace,1,2530000,0.0,100000
2025-11-21,ORD-2025-006584,P00702,T11,KS029,Marketplace,1,8960000,31.5,400000
2025-11-21,ORD-2025-006585,P01166,T05,MJ034,Toko,1,6280000,20.3,
2025-11-21,ORD-2025-006622,P02304,T13,DK005,Online,2,430000,20.4,90000
2025-11-21,ORD-2025-006663,P01810,T01,DK002,Toko,1,490000,23.3,
2025-11-21,ORD-2025-006666,P01830,T13,MJ035,Online,1,5190000,26.7,560000
2025-11-21,ORD-2025-006703,P03210,T13,PD005,Online,4,390000,16.9,500000
2025-11-21,ORD-2025-006703,P03210,T13,LM004,Online,1,4320000,22.9,160000
2025-11-21,ORD-2025-006706,,T07,PD023,Toko,2,1090000,21.3,
2025-11-21,ORD-2025-006706,,T07,KR014,Toko,2,3530000,32.5,
2025-11-21,ORD-2025-006746,P02584,T13,PD022,Online,1,520000,21.4,50000
2025-11-21,ORD-2025-006746,P02584,T13,LM015,Online,1,3180000,18.6,490000
2025-11-21,ORD-2025-006746,P02584,T13,PD005,Online,1,390000,21.5,90000
2025-11-21,ORD-2025-006783,P00447,T08,PD003,Toko,1,1200000,0.0,
2025-11-21,ORD-2025-006783,P00447,T08,PC025,Toko,1,1800000,22.2,
2025-11-21,ORD-2025-006788,P02265,T02,LM006,Toko,1,13730000,20.5,
2025-11-22,ORD-2025-006533,,T11,DK016,Toko,1,730000,28.4,
2025-11-22,ORD-2025-006565,P02015,T10,MJ027,Marketplace,1,3790000,21.4,530000
2025-11-22,ORD-2025-006565,P02015,T10,SF012,Marketplace,1,7980000,24.7,500000
2025-11-22,ORD-2025-006565,P02015,T10,PD001,Marketplace,2,1710000,24.8,190000
2025-11-22,ORD-2025-006568,P02431,T01,PC025,Toko,1,1800000,19.3,100000
2025-11-22,ORD-2025-006568,P02431,T01,DK007,Toko,1,900000,19.9,
2025-11-22,ORD-2025-006568,P02431,T01,DK008,Toko,1,910000,19.9,380000
2025-11-22,ORD-2025-006568,P02431,T01,PD019,Toko,3,1260000,0.0,
2025-11-22,ORD-2025-006575,P03311,T13,SF041,Online,1,7920000,23.7,390000
2025-11-22,ORD-2025-006575,P03311,T13,PD012,Online,2,1500000,30.0,160000
2025-11-22,ORD-2025-006575,P03311,T13,KR018,Online,1,1090000,16.0,530000
2025-11-22,ORD-2025-006575,P03311,T13,MJ004,Online,1,3430000,30.6,240000
2025-11-22,ORD-2025-006586,P00128,T13,KR003,Online,4,1440000,21.9,100000
2025-11-22,ORD-2025-006615,P02187,T05,MJ033,Toko,2,4180000,0.0,
2025-11-22,ORD-2025-006639,P02699,T08,DK035,Toko,1,400000,24.6,
2025-11-22,ORD-2025-006738,P00150,T13,DK005,Online,1,430000,24.2,50000
2025-11-22,ORD-2025-006738,P00150,T13,MJ002,Online,1,3330000,0.0,300000
2025-11-22,ORD-2025-006738,P00150,T13,SF029,Online,1,7520000,15.7,440000
2025-11-22,ORD-2025-006765,P02050,T05,PD018,Toko,1,530000,23.7,330000
2025-11-22,ORD-2025-006765,P02050,T05,DK022,Toko,3,550000,0.0,
2025-11-22,ORD-2025-006767,P02488,T01,LM009,Marketplace,2,2210000,21.4,580000
2025-11-22,ORD-2025-006829,P02019,T13,PD005,Online,1,390000,20.4,100000
2025-11-22,ORD-2025-006829,P02019,T13,PC001,Online,1,1430000,28.5,70000
2025-11-22,ORD-2025-006847,P01013,T10,PD019,Marketplace,1,1260000,19.9,210000
2025-11-23,ORD-2025-006512,P03021,T08,DK023,Toko,1,770000,22.8,
2025-11-23,ORD-2025-006512,P03021,T08,KR004,Toko,1,1790000,21.6,
2025-11-23,ORD-2025-006512,P03021,T08,KR021,Toko,1,2670000,31.3,450000
2025-11-23,ORD-2025-006543,P02714,T01,KR036,Toko,1,2360000,23.2,
2025-11-23,ORD-2025-006547,P02570,T13,DK022,Online,2,550000,0.0,280000
2025-11-23,ORD-2025-006547,P02570,T13,KR046,Online,1,1210000,22.4,560000
2025-11-23,ORD-2025-006567,P01450,T08,KR023,Toko,1,1270000,22.7,
2025-11-23,ORD-2025-006580,P00331,T13,KS031,Online,1,4390000,21.9,460000
2025-11-23,ORD-2025-006619,P03002,T05,KR035,Toko,2,1760000,27.2,
2025-11-23,ORD-2025-006634,P00008,T10,MJ003,Marketplace,1,2060000,21.8,240000
2025-11-23,ORD-2025-006634,P00008,T10,LM033,Marketplace,1,6100000,0.0,70000
2025-11-23,ORD-2025-006636,P02823,T04,KR031,Marketplace,1,2350000,23.3,370000
2025-11-23,ORD-2025-006651,P00492,T01,PD003,Toko,1,1200000,19.6,
2025-11-23,ORD-2025-006701,P00543,T04,KR043,Toko,1,5270000,24.9,
2025-11-23,ORD-2025-006802,P01840,T09,DK020,Toko,1,690000,0.0,
2025-11-23,ORD-2025-006802,P01840,T09,KR002,Toko,1,1500000,30.1,100000
2025-11-23,ORD-2025-006802,P01840,T09,PD023,Toko,2,1090000,0.0,
2025-11-23,ORD-2025-006810,P00005,T05,PD003,Toko,1,1200000,18.1,
2025-11-23,ORD-2025-006820,P00129,T13,DK019,Online,1,860000,21.3,450000
2025-11-23,ORD-2025-006820,P00129,T13,DK013,Online,1,1520000,27.6,520000
2025-11-24,ORD-2025-006502,P02425,T13,DK027,Online,1,630000,22.2,60000
2025-11-24,ORD-2025-006520,P00301,T13,MJ008,Online,1,3030000,18.8,270000
2025-11-24,ORD-2025-006541,P02138,T13,KR023,Online,1,1270000,20.8,540000
2025-11-24,ORD-2025-006558,P01026,T13,DK028,Online,1,730000,13.9,480000
2025-11-24,ORD-2025-006649,P01402,T09,SF005,Marketplace,1,13820000,25.8,400000
2025-11-24,ORD-2025-006680,P01306,T06,PC005,Toko,1,660000,21.1,
2025-11-24,ORD-2025-006680,P01306,T06,KR032,Toko,1,2340000,29.1,
2025-11-24,ORD-2025-006702,P01851,T13,SF008,Online,1,13020000,21.0,430000
2025-11-24,ORD-2025-006702,P01851,T13,KR007,Online,1,1690000,0.0,70000
2025-11-24,ORD-2025-006733,P00377,T13,SF015,Online,1,6690000,24.6,180000
2025-11-24,ORD-2025-006861,P00992,T03,LM037,Marketplace,1,3800000,17.2,140000
2025-11-24,ORD-2025-006866,P00917,T13,KR010,Online,1,1900000,17.3,530000
2025-11-24,ORD-2025-006866,P00917,T13,MJ026,Online,3,3480000,23.5,280000
2025-11-25,ORD-2025-006561,P03315,T04,DK034,Toko,3,830000,22.0,
2025-11-25,ORD-2025-006572,P01520,T04,KS002,Toko,1,6150000,20.7,
2025-11-25,ORD-2025-006598,P01216,T13,MJ009,Online,4,2670000,19.7,160000
2025-11-25,ORD-2025-006598,P01216,T13,PC031,Online,1,1660000,26.7,460000
2025-11-25,ORD-2025-006601,P02134,T08,KR039,Marketplace,2,2460000,21.4,500000
2025-11-25,ORD-2025-006609,P00119,T07,DK029,Toko,1,500000,15.2,
2025-11-25,ORD-2025-006609,P00119,T07,PC024,Toko,1,850000,24.4,
2025-11-25,ORD-2025-006611,P00658,T13,DK012,Online,1,960000,0.0,580000
2025-11-25,ORD-2025-006637,P00203,T06,KR003,Toko,1,1440000,21.6,
2025-11-25,ORD-2025-006637,P00203,T06,PC028,Toko,4,2190000,24.7,
2025-11-25,ORD-2025-006637,P00203,T06,DK038,Toko,4,530000,19.1,
2025-11-25,ORD-2025-006645,P03349,T13,MJ020,Online,1,4520000,28.2,230000
2025-11-25,ORD-2025-006654,P01355,T13,DK018,Online,1,1000000,20.7,570000
2025-11-25,ORD-2025-006654,P01355,T13,PC029,Online,2,1900000,31.0,360000
2025-11-25,ORD-2025-006654,P01355,T13,MJ037,Online,2,3320000,24.9,440000
2025-11-25,ORD-2025-006654,P01355,T13,KR029,Online,1,5120000,27.0,240000
2025-11-25,ORD-2025-006670,P03241,T04,PD010,Toko,1,450000,24.1,
2025-11-25,ORD-2025-006670,P03241,T04,DK033,Toko,1,220000,22.8,
2025-11-25,ORD-2025-006792,P01634,T05,PD020,Toko,1,920000,22.4,
2025-11-25,ORD-2025-006792,P01634,T05,DK021,Toko,2,1010000,25.5,
2025-11-25,ORD-2025-006798,P00515,T13,LM010,Online,1,7760000,21.7,170000
2025-11-25,ORD-2025-006798,P00515,T13,DK013,Online,2,1520000,29.3,390000
2025-11-25,ORD-2025-006807,P00783,T02,MJ006,Toko,2,4050000,27.0,
2025-11-25,ORD-2025-006807,P00783,T02,DK004,Toko,4,1240000,17.6,
2025-11-26,ORD-2025-006483,P01907,T05,PD022,Toko,1,520000,28.2,
2025-11-26,ORD-2025-006483,P01907,T05,DK008,Toko,1,910000,19.5,
2025-11-26,ORD-2025-006549,P03067,T06,KR019,Marketplace,1,2530000,21.1,90000
2025-11-26,ORD-2025-006583,P00290,T06,DK001,Toko,1,530000,21.2,
2025-11-26,ORD-2025-006589,P00545,T13,MJ027,Online,1,3790000,24.8,370000
2025-11-26,ORD-2025-006623,P02972,T13,LM004,Online,1,4320000,20.6,480000
2025-11-26,ORD-2025-006623,P02972,T13,DK033,Online,1,220000,23.7,180000
2025-11-26,ORD-2025-006719,P01912,T01,PD002,Toko,2,1150000,19.4,
2025-11-26,ORD-2025-006720,P02542,T11,KR025,Toko,1,3670000,19.0,
2025-11-26,ORD-2025-006720,P02542,T11,MJ003,Toko,1,2060000,23.0,
2025-11-26,ORD-2025-006736,,T09,MJ008,Toko,1,3030000,23.9,
2025-11-26,ORD-2025-006741,P02730,T13,PD020,Online,1,920000,25.7,320000
2025-11-26,ORD-2025-006756,P03209,T13,DK023,Online,1,770000,23.7,140000
2025-11-26,ORD-2025-006759,P00765,T08,MJ042,Toko,2,10940000,26.8,
2025-11-26,ORD-2025-006824,P01710,T07,DK025,Toko,1,660000,20.5,
2025-11-26,ORD-2025-006826,P03377,T13,SF020,Online,1,9700000,13.7,510000
2025-11-26,ORD-2025-006872,P00336,T09,PD010,Toko,1,450000,30.3,
2025-11-27,ORD-2025-006485,P00143,T13,DK037,Online,1,540000,23.3,450000
2025-11-27,ORD-2025-006527,P01741,T04,DK010,Marketplace,1,690000,26.2,380000
2025-11-27,ORD-2025-006531,P00051,T13,PD021,Online,1,660000,26.1,460000
2025-11-27,ORD-2025-006532,P00463,T12,SF022,Toko,3,7310000,26.4,
2025-11-27,ORD-2025-006532,P00463,T12,MJ008,Toko,2,3030000,27.5,
2025-11-27,ORD-2025-006552,P00345,T05,PC022,Marketplace,1,3000000,0.0,180000
2025-11-27,ORD-2025-006577,P03222,T13,LM007,Online,1,4350000,0.0,270000
2025-11-27,ORD-2025-006610,P02391,T11,MJ039,Toko,1,6590000,19.5,400000
2025-11-27,ORD-2025-006610,P02391,T11,PD019,Toko,3,1260000,27.4,370000
2025-11-27,ORD-2025-006642,P03253,T10,SF029,Toko,1,7520000,21.7,
2025-11-27,ORD-2025-006643,P02054,T05,PC008,Toko,2,1830000,19.7,
2025-11-27,ORD-2025-006643,P02054,T05,PC030,Toko,1,1220000,23.9,
2025-11-27,ORD-2025-006643,P02054,T05,KR023,Toko,2,1270000,22.5,
2025-11-27,ORD-2025-006647,P03050,T13,KR023,Online,1,1270000,25.9,370000
2025-11-27,ORD-2025-006647,P03050,T13,MJ038,Online,1,5030000,22.3,440000
2025-11-27,ORD-2025-006727,P01094,T13,PD009,Online,1,840000,25.4,270000
2025-11-27,ORD-2025-006754,P01316,T06,DK010,Marketplace,1,690000,25.1,180000
2025-11-27,ORD-2025-006779,P03159,T01,PD022,Marketplace,2,520000,19.3,470000
2025-11-27,ORD-2025-006828,P03096,T13,PD026,Online,1,520000,0.0,440000
2025-11-27,ORD-2025-006853,P01793,T07,DK030,Marketplace,1,930000,35.4,580000
2025-11-27,ORD-2025-006853,P01793,T07,SF002,Marketplace,2,5950000,22.5,580000
2025-11-27,ORD-2025-006853,P01793,T07,DK014,Marketplace,1,890000,24.2,330000
2025-11-27,ORD-2025-006867,P01383,T13,PD007,Online,1,770000,23.9,160000
2025-11-27,ORD-2025-006867,P01383,T13,DK041,Online,1,2550000,24.8,100000
2025-11-28,ORD-2025-006472,P02117,T08,PD020,Marketplace,1,920000,25.2,50000
2025-11-28,ORD-2025-006472,P02117,T08,PD016,Marketplace,1,1080000,23.2,400000
2025-11-28,ORD-2025-006505,P01208,T05,KS018,Toko,1,7410000,23.0,
2025-11-28,ORD-2025-006521,P01427,T02,MJ013,Marketplace,1,2960000,26.8,530000
2025-11-28,ORD-2025-006544,P00088,T13,DK015,Online,1,1390000,0.0,320000
2025-11-28,ORD-2025-006551,P03185,T13,KR041,Online,1,1620000,18.7,250000
2025-11-28,ORD-2025-006551,P03185,T13,KR016,Online,1,3780000,0.0,410000
2025-11-28,ORD-2025-006591,P03467,T08,PD026,Marketplace,3,520000,24.7,90000
2025-11-28,ORD-2025-006604,P01597,T13,KR038,Online,1,2240000,19.5,140000
2025-11-28,ORD-2025-006604,P01597,T13,LM028,Online,1,6300000,21.6,300000
2025-11-28,ORD-2025-006614,P00227,T12,MJ023,Toko,1,8100000,0.0,
2025-11-28,ORD-2025-006627,P02558,T02,KR028,Toko,1,1780000,0.0,
2025-11-28,ORD-2025-006632,P02272,T13,PD001,Online,1,1710000,17.0,520000
2025-11-28,ORD-2025-006632,P02272,T13,DK005,Online,2,430000,0.0,130000
2025-11-28,ORD-2025-006641,P03203,T13,PD021,Online,1,660000,0.0,470000
2025-11-28,ORD-2025-006678,P03122,T13,MJ034,Online,1,6280000,22.5,460000
2025-11-28,ORD-2025-006679,P00429,T05,SF022,Toko,2,7310000,0.0,
2025-11-28,ORD-2025-006679,P00429,T05,DK034,Toko,1,830000,24.4,
2025-11-28,ORD-2025-006734,P02377,T02,KR034,Marketplace,2,2350000,15.2,240000
2025-11-28,ORD-2025-006734,P02377,T02,PD010,Marketplace,1,450000,20.6,360000
2025-11-28,ORD-2025-006842,P01736,T13,PD015,Online,1,750000,26.9,530000
2025-11-28,ORD-2025-006842,P01736,T13,DK019,Online,1,860000,24.0,390000
2025-11-28,ORD-2025-006842,P01736,T13,PC014,Online,1,1800000,0.0,330000
2025-11-28,ORD-2025-006842,P01736,T13,DK004,Online,1,1240000,20.5,450000
2025-11-28,ORD-2025-006852,P01315,T01,DK024,Marketplace,1,930000,30.2,350000
2025-11-28,ORD-2025-006855,P02389,T08,LM009,Toko,1,2210000,0.0,
2025-11-28,ORD-2025-006855,P02389,T08,DK013,Toko,1,1520000,26.2,
2025-11-28,ORD-2025-006855,P02389,T08,SF040,Toko,1,5750000,24.9,
2025-11-28,ORD-2025-006855,P02389,T08,DK020,Toko,2,690000,21.8,
2025-11-29,ORD-2025-006494,P01187,T13,SF006,Online,2,4230000,22.2,440000
2025-11-29,ORD-2025-006516,P03295,T12,PD009,Toko,1,840000,18.4,
2025-11-29,ORD-2025-006516,P03295,T12,KR039,Toko,2,2460000,0.0,
2025-11-29,ORD-2025-006550,P03041,T02,PC030,Marketplace,1,1220000,15.8,530000
2025-11-29,ORD-2025-006571,P01047,T13,MJ041,Online,1,2240000,15.7,250000
2025-11-29,ORD-2025-006600,P00909,T05,PC017,Marketplace,1,1720000,23.8,530000
2025-11-29,ORD-2025-006616,P01881,T06,DK016,Marketplace,1,730000,25.0,
2025-11-29,ORD-2025-006618,P01545,T05,KR026,Toko,1,2860000,24.3,
2025-11-29,ORD-2025-006618,P01545,T05,KR024,Toko,1,3000000,22.8,
2025-11-29,ORD-2025-006689,P02706,T13,PD023,Online,1,1090000,23.5,210000
2025-11-29,ORD-2025-006689,P02706,T13,DK039,Online,1,870000,15.5,100000
2025-11-29,ORD-2025-006689,P02706,T13,KS016,Online,1,26320000,28.9,590000
2025-11-29,ORD-2025-006699,P03472,T06,DK036,Marketplace,2,510000,19.6,520000
2025-11-29,ORD-2025-006705,P03409,T02,PD007,Marketplace,1,770000,25.1,160000
2025-11-29,ORD-2025-006708,P00718,T03,PD003,Marketplace,1,1200000,0.0,90000
2025-11-29,ORD-2025-006723,P00018,T02,DK009,Marketplace,4,990000,24.4,140000
2025-11-29,ORD-2025-006755,P01755,T09,DK014,Marketplace,1,890000,23.2,350000
2025-11-29,ORD-2025-006755,P01755,T09,PD016,Marketplace,1,1080000,21.6,120000
2025-11-29,ORD-2025-006755,P01755,T09,PD009,Marketplace,1,840000,23.4,410000
2025-11-29,ORD-2025-006801,P00305,T04,KR045,Marketplace,2,3000000,30.8,160000
2025-11-29,ORD-2025-006803,P03477,T04,PD001,Marketplace,1,1710000,26.0,550000
2025-11-29,ORD-2025-006845,P00904,T05,PD017,Toko,1,2370000,0.0,
2025-11-29,ORD-2025-006845,P00904,T05,KS034,Toko,1,6400000,16.6,
2025-11-29,ORD-2025-006845,P00904,T05,PD005,Toko,1,390000,0.0,
2025-11-29,ORD-2025-006850,P02408,T12,PD023,Toko,1,1090000,34.6,
2025-11-29,ORD-2025-006859,P00052,T01,PD003,Toko,2,1200000,30.7,
2025-11-30,ORD-2025-006537,P01160,T13,DK043,Online,1,760000,27.5,
2025-11-30,ORD-2025-006537,P01160,T13,SF039,Online,1,6120000,21.3,350000
2025-11-30,ORD-2025-006633,P01782,T13,PD016,Online,1,1080000,25.5,580000
2025-11-30,ORD-2025-006682,P02857,T13,PC003,Online,2,1200000,0.0,230000
2025-11-30,ORD-2025-006682,P02857,T13,DK028,Online,2,730000,28.6,360000
2025-11-30,ORD-2025-006688,P02360,T13,KR020,Online,3,1970000,18.9,430000
2025-11-30,ORD-2025-006721,P00575,T01,DK033,Toko,1,220000,0.0,
2025-11-30,ORD-2025-006721,P00575,T01,DK013,Toko,1,1520000,17.1,
2025-11-30,ORD-2025-006774,P01220,T13,SF024,Online,3,3520000,20.6,460000
2025-11-30,ORD-2025-006774,P01220,T13,MJ006,Online,1,4050000,20.3,430000
2025-11-30,ORD-2025-006797,P03142,T13,DK033,Online,1,220000,28.5,480000
2025-11-30,ORD-2025-006797,P03142,T13,DK009,Online,1,990000,28.8,110000
2025-11-30,ORD-2025-006840,P02746,T13,DK042,Online,1,1280000,26.0,120000
2025-11-30,ORD-2025-006870,P02648,T03,LM038,Toko,1,5010000,20.3,
2025-12-01,ORD-2025-006909,P01984,T01,KS015,Toko,1,7280000,29.9,
2025-12-01,ORD-2025-006909,P01984,T01,LM023,Toko,2,8770000,32.6,
2025-12-01,ORD-2025-006909,P01984,T01,SF018,Toko,1,10500000,27.5,
2025-12-01,ORD-2025-006909,P01984,T01,KR042,Toko,1,1850000,25.6,
2025-12-01,ORD-2025-007111,P01084,T13,MJ029,Online,4,2890000,32.0,500000
2025-12-01,ORD-2025-007113,P01619,T13,KR001,Online,1,3260000,0.0,450000
2025-12-01,ORD-2025-007182,P01286,T13,SF030,Online,1,5980000,26.9,80000
2025-12-01,ORD-2025-007194,P01496,T13,DK013,Online,1,1520000,0.0,380000
2025-12-01,ORD-2025-007194,P01496,T13,KR022,Online,2,2200000,30.1,360000
2025-12-01,ORD-2025-007205,P00916,T13,MJ015,Online,2,2920000,0.0,60000
2025-12-01,ORD-2025-007214,P00584,T12,PC027,Toko,1,3210000,33.6,
2025-12-01,ORD-2025-007214,P00584,T12,DK039,Toko,1,870000,24.5,
2025-12-01,ORD-2025-007230,P02629,T12,MJ032,Toko,1,5400000,0.0,
2025-12-01,ORD-2025-007230,P02629,T12,DK037,Toko,1,540000,0.0,
2025-12-01,ORD-2025-007230,P02629,T12,DK027,Toko,1,630000,24.4,
2025-12-01,ORD-2025-007234,P01976,T11,MJ017,Toko,1,3280000,22.0,
2025-12-01,ORD-2025-007234,P01976,T11,DK040,Toko,1,1260000,27.7,
2025-12-01,ORD-2025-007250,P00621,T06,DK029,Toko,1,500000,0.0,
2025-12-01,ORD-2025-007251,P02734,T13,LM004,Online,2,4320000,30.6,470000
2025-12-01,ORD-2025-007276,P00133,T13,KR047,Online,1,4470000,0.0,570000
2025-12-01,ORD-2025-007276,P00133,T13,LM023,Online,1,8770000,27.3,480000
2025-12-01,ORD-2025-007321,P00628,T13,PD002,Online,2,1150000,27.8,100000
2025-12-02,ORD-2025-006886,P00014,T13,DK037,Online,2,540000,33.4,280000
2025-12-02,ORD-2025-006886,P00014,T13,KR028,Online,4,1780000,27.4,180000
2025-12-02,ORD-2025-006936,P00500,T13,KR001,Online,1,3260000,29.7,140000
2025-12-02,ORD-2025-006961,P01680,T04,DK029,Marketplace,4,500000,25.6,120000
2025-12-02,ORD-2025-006961,P01680,T04,KR038,Marketplace,1,2240000,34.5,120000
2025-12-02,ORD-2025-006961,P01680,T04,KR003,Marketplace,1,1440000,28.5,80000
2025-12-02,ORD-2025-006961,P01680,T04,SF024,Marketplace,1,3520000,28.7,80000
2025-12-02,ORD-2025-006968,P01973,T13,KS023,Online,1,13410000,27.3,360000
2025-12-02,ORD-2025-006968,P01973,T13,KR023,Online,3,1270000,28.0,330000
2025-12-02,ORD-2025-006980,P03271,T13,PC017,Online,2,1720000,23.0,160000
2025-12-02,ORD-2025-007010,P02186,T01,PC023,Toko,2,1920000,0.0,
2025-12-02,ORD-2025-007010,P02186,T01,PD015,Toko,1,750000,0.0,
2025-12-02,ORD-2025-007034,P00036,T02,KR004,Toko,1,1790000,26.1,
2025-12-02,ORD-2025-007045,P02674,T02,PD004,Marketplace,1,1050000,0.0,230000
2025-12-02,ORD-2025-007054,P02318,T13,PC025,Online,1,1800000,29.0,460000
2025-12-02,ORD-2025-007054,P02318,T13,MJ015,Online,1,2920000,0.0,330000
2025-12-02,ORD-2025-007125,P02892,T13,LM022,Online,3,8900000,0.0,160000
2025-12-02,ORD-2025-007125,P02892,T13,MJ041,Online,2,2240000,0.0,390000
2025-12-02,ORD-2025-007125,P02892,T13,LM036,Online,1,4150000,0.0,240000
2025-12-02,ORD-2025-007157,P02912,T06,KR008,Toko,1,2800000,26.1,170000
2025-12-02,ORD-2025-007166,,T05,PC006,Toko,1,1850000,29.8,
2025-12-02,ORD-2025-007166,,T05,MJ003,Toko,1,2060000,32.9,
2025-12-02,ORD-2025-007166,,T05,DK040,Toko,1,1260000,20.3,
2025-12-02,ORD-2025-007166,,T05,DK021,Toko,2,1010000,0.0,
2025-12-02,ORD-2025-007189,P01109,T01,SF020,Marketplace,1,9700000,29.4,560000
2025-12-02,ORD-2025-007189,P01109,T01,DK015,Marketplace,1,1390000,23.1,210000
2025-12-02,ORD-2025-007189,P01109,T01,PC026,Marketplace,4,860000,27.1,490000
2025-12-02,ORD-2025-007189,P01109,T01,DK040,Marketplace,1,1260000,31.2,170000
2025-12-02,ORD-2025-007243,P02514,T08,KR001,Toko,1,3260000,30.4,
2025-12-02,ORD-2025-007271,P03380,T13,MJ009,Online,1,2670000,23.7,520000
2025-12-02,ORD-2025-007291,P02954,T06,DK014,Toko,3,890000,27.8,290000
2025-12-02,ORD-2025-007306,P00692,T11,PC013,Marketplace,1,1410000,30.6,320000
2025-12-02,ORD-2025-007306,P00692,T11,SF009,Marketplace,2,11780000,24.2,290000
2025-12-03,ORD-2025-006967,P02687,T06,KR022,Toko,2,2200000,34.9,
2025-12-03,ORD-2025-006967,P02687,T06,KR011,Toko,1,1570000,28.4,100000
2025-12-03,ORD-2025-006970,P02108,T13,KS021,Online,3,8510000,22.8,80000
2025-12-03,ORD-2025-006986,P02126,T09,SF024,Marketplace,1,3520000,37.5,120000
2025-12-03,ORD-2025-007011,P03294,T04,KR032,Marketplace,1,2340000,30.0,570000
2025-12-03,ORD-2025-007011,P03294,T04,PD023,Marketplace,1,1090000,31.7,460000
2025-12-03,ORD-2025-007019,P01235,T13,LM012,Online,1,7130000,0.0,110000
2025-12-03,ORD-2025-007019,P01235,T13,DK018,Online,2,1000000,30.1,580000
2025-12-03,ORD-2025-007019,P01235,T13,PD007,Online,1,770000,29.3,130000
2025-12-03,ORD-2025-007024,P00882,T04,PC009,Toko,1,1490000,20.1,
2025-12-03,ORD-2025-007029,P03219,T13,KS019,Online,1,7170000,23.8,520000
2025-12-03,ORD-2025-007029,P03219,T13,DK030,Online,2,930000,25.1,450000
2025-12-03,ORD-2025-007042,P01701,T13,PD005,Online,1,390000,0.0,500000
2025-12-03,ORD-2025-007042,P01701,T13,DK034,Online,1,830000,31.7,100000
2025-12-03,ORD-2025-007154,P02733,T03,PD018,Toko,1,530000,24.3,
2025-12-03,ORD-2025-007155,P01299,T07,KR035,Toko,1,1760000,25.7,
2025-12-03,ORD-2025-007196,P03024,T13,KR018,Online,1,1090000,32.5,570000
2025-12-03,ORD-2025-007203,P03227,T09,LM001,Toko,1,6680000,28.2,
2025-12-03,ORD-2025-007203,P03227,T09,PD015,Toko,1,750000,0.0,
2025-12-03,ORD-2025-007272,P00361,T13,PC027,Online,2,3210000,0.0,300000
2025-12-03,ORD-2025-007272,P00361,T13,KR036,Online,1,2360000,0.0,540000
2025-12-03,ORD-2025-007272,P00361,T13,DK004,Online,3,1240000,27.5,430000
2025-12-03,ORD-2025-007272,P00361,T13,KR015,Online,1,2050000,25.6,320000
2025-12-03,ORD-2025-007307,P03011,T13,DK029,Online,1,500000,26.5,460000
2025-12-03,ORD-2025-007307,P03011,T13,DK008,Online,1,910000,0.0,160000
2025-12-03,ORD-2025-007307,P03011,T13,PD025,Online,1,1100000,33.7,490000
2025-12-03,ORD-2025-007307,P03011,T13,PC032,Online,1,470000,0.0,130000
2025-12-03,ORD-2025-007311,P01915,T08,KR043,Toko,1,5270000,29.1,
2025-12-04,ORD-2025-006928,P02758,T13,DK005,Online,1,430000,22.2,240000
2025-12-04,ORD-2025-006928,P02758,T13,KS031,Online,3,4390000,27.6,140000
2025-12-04,ORD-2025-006952,P03395,T05,MJ005,Toko,3,4030000,34.9,
2025-12-04,ORD-2025-006952,P03395,T05,DK018,Toko,1,1000000,25.5,
2025-12-04,ORD-2025-006952,P03395,T05,PC003,Toko,1,1200000,26.2,
2025-12-04,ORD-2025-006952,P03395,T05,PD024,Toko,1,1130000,34.8,
2025-12-04,ORD-2025-006965,P01592,T05,PC016,Toko,1,1760000,25.1,
2025-12-04,ORD-2025-006965,P01592,T05,SF023,Toko,1,7750000,28.1,
2025-12-04,ORD-2025-006992,P00372,T04,LM015,Toko,2,3180000,26.4,
2025-12-04,ORD-2025-006992,P00372,T04,PD020,Toko,1,920000,31.3,340000
2025-12-04,ORD-2025-007040,P01067,T06,PD007,Toko,3,770000,0.0,160000
2025-12-04,ORD-2025-007040,P01067,T06,KS030,Toko,1,3860000,0.0,
2025-12-04,ORD-2025-007053,P00258,T04,DK003,Marketplace,1,420000,0.0,70000
2025-12-04,ORD-2025-007089,P00418,T03,DK037,Marketplace,1,540000,24.2,470000
2025-12-04,ORD-2025-007089,P00418,T03,LM032,Marketplace,1,4960000,30.3,590000
2025-12-04,ORD-2025-007097,P02229,T04,DK007,Toko,1,900000,32.9,
2025-12-04,ORD-2025-007097,P02229,T04,DK031,Toko,1,800000,14.7,
2025-12-04,ORD-2025-007097,P02229,T04,MJ026,Toko,1,3480000,36.9,160000
2025-12-04,ORD-2025-007097,P02229,T04,SF024,Toko,1,3520000,0.0,
2025-12-04,ORD-2025-007116,P01095,T09,KR037,Marketplace,1,2790000,27.5,420000
2025-12-04,ORD-2025-007172,P00453,T11,PC023,Toko,2,1920000,28.9,
2025-12-04,ORD-2025-007183,P02781,T13,DK041,Online,1,2550000,33.6,50000
2025-12-04,ORD-2025-007193,P03355,T01,MJ036,Toko,1,3410000,33.1,
2025-12-04,ORD-2025-007219,P03387,T11,DK029,Marketplace,1,500000,0.0,210000
2025-12-04,ORD-2025-007227,P02269,T13,PD001,Online,1,1710000,37.2,180000
2025-12-04,ORD-2025-007255,P01390,T13,DK018,Online,1,1000000,0.0,150000
2025-12-04,ORD-2025-007266,P00741,T12,PD019,Marketplace,2,1260000,33.7,380000
2025-12-04,ORD-2025-007266,P00741,T12,KR031,Marketplace,1,2350000,28.8,140000
2025-12-04,ORD-2025-007267,P01229,T13,KR028,Online,1,1780000,25.2,150000
2025-12-04,ORD-2025-007267,P01229,T13,DK022,Online,2,550000,30.3,420000
2025-12-05,ORD-2025-006877,P01159,T03,KR007,Marketplace,1,1690000,33.4,410000
2025-12-05,ORD-2025-006906,P03358,T13,DK012,Online,2,960000,24.4,490000
2025-12-05,ORD-2025-006906,P03358,T13,DK003,Online,1,420000,25.3,
2025-12-05,ORD-2025-006914,P02780,T13,SF034,Online,1,13040000,36.3,290000
2025-12-05,ORD-2025-006973,P03262,T03,MJ029,Marketplace,1,2890000,30.6,560000
2025-12-05,ORD-2025-006973,P03262,T03,KS016,Marketplace,1,26320000,23.9,480000
2025-12-05,ORD-2025-006999,P01620,T13,KS020,Online,1,17920000,35.2,480000
2025-12-05,ORD-2025-006999,P01620,T13,DK013,Online,1,1520000,37.4,420000
2025-12-05,ORD-2025-007038,P03145,T13,KR044,Online,1,2280000,21.4,80000
2025-12-05,ORD-2025-007095,P01911,T13,MJ029,Online,1,2890000,0.0,440000
2025-12-05,ORD-2025-007098,P02951,T09,DK043,Marketplace,1,760000,33.3,560000
2025-12-05,ORD-2025-007120,P02597,T13,MJ013,Online,1,2960000,27.6,200000
2025-12-05,ORD-2025-007153,P02479,T06,KR036,Toko,1,2360000,22.9,
2025-12-05,ORD-2025-007177,P03267,T10,KS013,Toko,1,10990000,27.7,
2025-12-05,ORD-2025-007177,P03267,T10,PC009,Toko,1,1490000,32.2,
2025-12-05,ORD-2025-007242,P01512,T09,DK020,Marketplace,1,690000,28.2,510000
2025-12-05,ORD-2025-007242,P01512,T09,KR018,Marketplace,1,1090000,25.8,420000
2025-12-05,ORD-2025-007269,P00301,T13,PC003,Online,1,1200000,36.6,470000
2025-12-06,ORD-2025-006884,P01058,T11,MJ029,Toko,1,2890000,0.0,
2025-12-06,ORD-2025-006911,P00953,T11,LM023,Marketplace,2,8770000,30.1,320000
2025-12-06,ORD-2025-006922,P00389,T10,DK003,Toko,1,420000,33.6,
2025-12-06,ORD-2025-006922,P00389,T10,LM012,Toko,1,7130000,31.1,350000
2025-12-06,ORD-2025-007032,P00919,T04,LM006,Toko,1,13730000,31.9,
2025-12-06,ORD-2025-007043,P02022,T09,KS019,Toko,1,7170000,31.6,
2025-12-06,ORD-2025-007043,P02022,T09,MJ015,Toko,1,2920000,35.7,
2025-12-06,ORD-2025-007114,P01674,T05,PD002,Toko,2,1150000,24.9,
2025-12-06,ORD-2025-007137,P00943,T07,PC029,Toko,2,1900000,29.1,
2025-12-06,ORD-2025-007137,P00943,T07,LM011,Toko,1,12480000,28.3,
2025-12-06,ORD-2025-007170,P02345,T09,PD010,Toko,1,450000,30.6,
2025-12-06,ORD-2025-007170,P02345,T09,DK030,Toko,2,930000,32.9,
2025-12-06,ORD-2025-007171,P02856,T12,PC028,Toko,1,2190000,29.1,
2025-12-06,ORD-2025-007179,P02106,T13,KS007,Online,1,6100000,22.9,380000
2025-12-06,ORD-2025-007188,P01549,T13,KR012,Online,1,2460000,0.0,580000
2025-12-06,ORD-2025-007198,P02310,T01,MJ013,Toko,1,2960000,35.9,
2025-12-06,ORD-2025-007198,P02310,T01,SF006,Toko,1,4230000,34.4,
2025-12-06,ORD-2025-007198,P02310,T01,PD005,Toko,1,390000,32.5,
2025-12-06,ORD-2025-007198,P02310,T01,KS027,Toko,1,6560000,27.3,
2025-12-06,ORD-2025-007314,P01746,T13,KR002,Online,1,1500000,0.0,400000
2025-12-07,ORD-2025-006879,P01052,T13,SF027,Online,1,36010000,24.9,430000
2025-12-07,ORD-2025-006891,P00856,T05,KR042,Toko,1,1850000,31.8,
2025-12-07,ORD-2025-006905,P01839,T08,DK002,Toko,1,490000,30.0,
2025-12-07,ORD-2025-006993,P03093,T13,MJ026,Online,1,3480000,36.2,580000
2025-12-07,ORD-2025-006995,P02962,T13,PD023,Online,1,1090000,0.0,440000
2025-12-07,ORD-2025-007008,P01696,T13,PC013,Online,1,1410000,34.9,50000
2025-12-07,ORD-2025-007020,P02718,T02,KR035,Toko,2,1760000,30.3,
2025-12-07,ORD-2025-007059,P03223,T02,DK030,Toko,1,930000,19.3,
2025-12-07,ORD-2025-007062,P00705,T13,MJ031,Online,2,7400000,35.0,150000
2025-12-07,ORD-2025-007082,P02321,T13,KR010,Online,1,1900000,31.3,110000
2025-12-07,ORD-2025-007090,P01090,T13,DK018,Online,1,1000000,21.7,580000
2025-12-07,ORD-2025-007090,P01090,T13,KR030,Online,1,3050000,27.1,330000
2025-12-07,ORD-2025-007096,P00798,T09,PD002,Marketplace,1,1150000,20.4,220000
2025-12-07,ORD-2025-007108,P00661,T03,KR026,Marketplace,1,2860000,39.1,510000
2025-12-07,ORD-2025-007130,P01309,T13,PD020,Online,1,920000,28.9,380000
2025-12-07,ORD-2025-007152,P00057,T06,PC012,Toko,1,1870000,30.9,
2025-12-07,ORD-2025-007268,P00649,T07,MJ027,Toko,1,3790000,29.6,
2025-12-07,ORD-2025-007274,P01887,T13,SF019,Online,1,8050000,32.5,360000
2025-12-07,ORD-2025-007274,P01887,T13,SF017,Online,1,8850000,34.6,120000
2025-12-07,ORD-2025-007274,P01887,T13,KR025,Online,2,3670000,32.4,550000
2025-12-08,ORD-2025-006932,P01242,T08,PC022,Toko,1,3000000,30.0,
2025-12-08,ORD-2025-006932,P01242,T08,DK015,Toko,1,1390000,29.2,
2025-12-08,ORD-2025-006932,P01242,T08,DK025,Toko,1,660000,0.0,
2025-12-08,ORD-2025-006939,,T01,KS033,Toko,1,13600000,0.0,
2025-12-08,ORD-2025-006941,P01502,T13,SF032,Online,1,6260000,31.5,420000
2025-12-08,ORD-2025-007006,P00393,T09,MJ004,Toko,1,3430000,33.9,
2025-12-08,ORD-2025-007091,P01188,T03,LM007,Marketplace,1,4350000,31.9,280000
2025-12-08,ORD-2025-007103,P01409,T13,PC004,Online,1,1660000,26.6,590000
2025-12-08,ORD-2025-007103,P01409,T13,DK034,Online,1,830000,32.8,560000
2025-12-08,ORD-2025-007110,P02624,T13,DK032,Online,1,340000,32.1,240000
2025-12-08,ORD-2025-007178,P01044,T09,DK034,Toko,1,830000,26.2,
2025-12-08,ORD-2025-007178,P01044,T09,MJ031,Toko,1,7400000,35.5,
2025-12-08,ORD-2025-007178,P01044,T09,DK037,Toko,1,540000,0.0,450000
2025-12-08,ORD-2025-007197,P01843,T13,PC004,Online,2,1660000,26.0,520000
2025-12-08,ORD-2025-007199,P03362,T06,LM038,Marketplace,2,5010000,31.5,290000
2025-12-08,ORD-2025-007247,P01004,T06,KR045,Toko,1,3000000,0.0,
2025-12-08,ORD-2025-007273,P01036,T01,DK011,Toko,1,2070000,31.3,
2025-12-08,ORD-2025-007293,P01699,T06,KR042,Toko,1,1850000,28.1,
2025-12-09,ORD-2025-006875,P01649,T04,DK004,Toko,1,1240000,31.5,
2025-12-09,ORD-2025-006883,P03199,T13,SF030,Online,1,5980000,36.5,500000
2025-12-09,ORD-2025-006901,P01330,T01,PC026,Toko,3,860000,31.1,
2025-12-09,ORD-2025-006908,P02723,T13,LM031,Online,2,6490000,26.3,150000
2025-12-09,ORD-2025-006924,P02611,T13,MJ008,Online,2,3030000,0.0,350000
2025-12-09,ORD-2025-006924,P02611,T13,KS007,Online,2,6100000,31.1,240000
2025-12-09,ORD-2025-006924,P02611,T13,PD005,Online,2,390000,30.1,190000
2025-12-09,ORD-2025-006934,P02142,T05,SF035,Toko,1,5970000,24.2,
2025-12-09,ORD-2025-006934,P02142,T05,DK034,Toko,4,830000,34.5,
2025-12-09,ORD-2025-006934,P02142,T05,KS010,Toko,2,14650000,0.0,
2025-12-09,ORD-2025-006934,P02142,T05,DK004,Toko,3,1240000,31.0,
2025-12-09,ORD-2025-006942,P02716,T01,DK003,Toko,2,420000,0.0,
2025-12-09,ORD-2025-006982,P02180,T13,PD020,Online,1,920000,32.9,360000
2025-12-09,ORD-2025-007018,P01128,T01,MJ008,Toko,4,3030000,33.6,260000
2025-12-09,ORD-2025-007112,,T06,SF013,Toko,1,16570000,30.9,
2025-12-09,ORD-2025-007128,P00532,T13,KR041,Online,2,1620000,31.4,530000
2025-12-09,ORD-2025-007128,P00532,T13,LM003,Online,1,5440000,33.3,50000
2025-12-09,ORD-2025-007128,P00532,T13,LM038,Online,1,5010000,35.1,290000
2025-12-09,ORD-2025-007169,P03094,T06,PD018,Toko,2,530000,26.7,260000
2025-12-09,ORD-2025-007169,P03094,T06,MJ018,Toko,1,3700000,30.1,
2025-12-09,ORD-2025-007226,P02109,T01,PC010,Toko,1,1240000,32.6,
2025-12-09,ORD-2025-007226,P02109,T01,KS028,Toko,1,7780000,27.1,
2025-12-10,ORD-2025-006948,P02354,T13,PC011,Online,1,4490000,32.1,370000
2025-12-10,ORD-2025-006948,P02354,T13,PC024,Online,1,850000,23.3,60000
2025-12-10,ORD-2025-006956,P02658,T02,PC025,Toko,1,1800000,28.6,
2025-12-10,ORD-2025-006956,P02658,T02,SF038,Toko,2,6260000,31.1,
2025-12-10,ORD-2025-006956,P02658,T02,MJ043,Toko,1,4010000,22.6,
2025-12-10,ORD-2025-006962,P03451,T13,SF041,Online,1,7920000,28.3,260000
2025-12-10,ORD-2025-006985,P01115,T04,KS023,Marketplace,1,13410000,36.5,350000
2025-12-10,ORD-2025-006985,P01115,T04,DK015,Marketplace,1,1390000,26.7,190000
2025-12-10,ORD-2025-007047,,T03,LM033,Toko,1,6100000,24.4,
2025-12-10,ORD-2025-007078,,T09,DK034,Toko,1,830000,32.1,
2025-12-10,ORD-2025-007080,P01060,T04,PC018,Toko,1,1420000,0.0,
2025-12-10,ORD-2025-007080,P01060,T04,MJ025,Toko,4,5470000,32.3,
2025-12-10,ORD-2025-007080,P01060,T04,KR003,Toko,1,1440000,0.0,
2025-12-10,ORD-2025-007085,P00019,T13,DK039,Online,1,870000,28.1,210000
2025-12-10,ORD-2025-007085,P00019,T13,DK007,Online,2,900000,31.2,580000
2025-12-10,ORD-2025-007104,P01835,T13,SF042,Online,1,4260000,27.5,400000
2025-12-10,ORD-2025-007115,P01219,T13,MJ031,Online,1,7400000,0.0,590000
2025-12-10,ORD-2025-007115,P01219,T13,KR045,Online,4,3000000,36.3,450000
2025-12-10,ORD-2025-007184,P02352,T13,DK025,Online,1,660000,28.1,520000
2025-12-10,ORD-2025-007261,P00750,T13,MJ042,Online,1,10940000,33.1,500000
2025-12-10,ORD-2025-007261,P00750,T13,KS011,Online,1,17850000,0.0,570000
2025-12-10,ORD-2025-007261,P00750,T13,MJ010,Online,1,3850000,0.0,410000
2025-12-10,ORD-2025-007261,P00750,T13,LM030,Online,1,5720000,33.2,140000
2025-12-10,ORD-2025-007295,,T11,SF014,Toko,1,11630000,33.3,
2025-12-10,ORD-2025-007301,P01991,T13,DK038,Online,3,530000,30.8,200000
2025-12-10,ORD-2025-007303,P03015,T08,KR023,Toko,2,1270000,35.1,
2025-12-10,ORD-2025-007303,P03015,T08,PD023,Toko,2,1090000,27.4,
2025-12-11,ORD-2025-007000,P02515,T03,KR027,Toko,1,1770000,31.6,
2025-12-11,ORD-2025-007000,P02515,T03,DK034,Toko,1,830000,0.0,
2025-12-11,ORD-2025-007035,P02900,T06,DK025,Toko,1,660000,19.7,
2025-12-11,ORD-2025-007050,P03121,T13,KS032,Online,2,9280000,29.6,400000
2025-12-11,ORD-2025-007050,P03121,T13,DK016,Online,1,730000,37.5,440000
2025-12-11,ORD-2025-007052,P02030,T13,SF017,Online,1,8850000,0.0,410000
2025-12-11,ORD-2025-007088,P02205,T13,PC003,Online,1,1200000,29.9,490000
2025-12-11,ORD-2025-007088,P02205,T13,PC030,Online,1,1220000,31.2,50000
2025-12-11,ORD-2025-007117,P00495,T13,MJ014,Online,1,4970000,30.2,560000
2025-12-11,ORD-2025-007117,P00495,T13,DK038,Online,3,530000,24.1,190000
2025-12-11,ORD-2025-007117,P00495,T13,DK032,Online,1,340000,32.9,70000
2025-12-11,ORD-2025-007121,P01419,T13,KR030,Online,1,3050000,25.9,90000
2025-12-11,ORD-2025-007134,P03056,T01,SF029,Toko,1,7520000,29.8,
2025-12-11,ORD-2025-007134,P03056,T01,DK022,Toko,1,550000,39.8,
2025-12-11,ORD-2025-007144,P00720,T06,PC023,Toko,1,1920000,26.7,
2025-12-11,ORD-2025-007144,P00720,T06,PC019,Toko,2,1840000,34.7,
2025-12-11,ORD-2025-007148,P02366,T13,SF016,Online,1,10420000,19.9,580000
2025-12-11,ORD-2025-007167,P02223,T13,KR034,Online,1,2350000,26.2,60000
2025-12-11,ORD-2025-007229,P01258,T13,KR028,Online,2,1780000,31.3,240000
2025-12-11,ORD-2025-007229,P01258,T13,SF037,Online,2,10360000,28.8,510000
2025-12-11,ORD-2025-007263,P01779,T09,KR044,Toko,1,2280000,32.7,
2025-12-11,ORD-2025-007288,P01634,T13,DK012,Online,1,960000,0.0,590000
2025-12-11,ORD-2025-007288,P01634,T13,PD001,Online,2,1710000,32.2,280000
2025-12-11,ORD-2025-007292,P00003,T13,KS012,Online,1,11030000,27.6,550000
2025-12-11,ORD-2025-007308,P02787,T13,DK039,Online,1,870000,26.8,320000
2025-12-11,ORD-2025-007323,P00504,T01,KR024,Toko,1,3000000,33.6,
2025-12-11,ORD-2025-007323,P00504,T01,MJ011,Toko,1,6920000,28.7,
2025-12-12,ORD-2025-006902,P00436,T13,MJ026,Online,1,3480000,23.7,300000
2025-12-12,ORD-2025-006902,P00436,T13,DK032,Online,1,340000,30.3,370000
2025-12-12,ORD-2025-006902,P00436,T13,PC012,Online,2,1870000,26.7,230000
2025-12-12,ORD-2025-006902,P00436,T13,PD010,Online,1,450000,27.8,510000
2025-12-12,ORD-2025-006920,P00424,T13,PD016,Online,1,1080000,27.7,400000
2025-12-12,ORD-2025-006990,P02347,T13,KS024,Online,3,13500000,0.0,450000
2025-12-12,ORD-2025-007049,P00149,T09,DK009,Toko,2,990000,25.8,
2025-12-12,ORD-2025-007049,P00149,T09,SF041,Toko,1,7920000,24.0,390000
2025-12-12,ORD-2025-007068,P00492,T13,DK003,Online,1,420000,24.8,50000
2025-12-12,ORD-2025-007074,P01888,T13,KR022,Online,1,2200000,0.0,460000
2025-12-12,ORD-2025-007074,P01888,T13,SF011,Online,1,4580000,27.7,170000
2025-12-12,ORD-2025-007093,P00672,T13,MJ046,Online,1,2600000,24.6,140000
2025-12-12,ORD-2025-007093,P00672,T13,KR015,Online,1,2050000,34.7,550000
2025-12-12,ORD-2025-007093,P00672,T13,KR042,Online,1,1850000,32.2,260000
2025-12-12,ORD-2025-007099,P02331,T04,PC004,Toko,3,1660000,27.0,
2025-12-12,ORD-2025-007140,P00666,T12,LM040,Toko,4,9610000,29.6,370000
2025-12-12,ORD-2025-007206,P02772,T07,KR003,Toko,1,1440000,32.2,330000
2025-12-12,ORD-2025-007206,P02772,T07,DK028,Toko,1,730000,25.7,
2025-12-12,ORD-2025-007206,P02772,T07,DK002,Toko,1,490000,29.9,
2025-12-12,ORD-2025-007235,P00220,T06,SF004,Toko,1,7400000,28.7,
2025-12-12,ORD-2025-007235,P00220,T06,PC023,Toko,1,1920000,23.6,
2025-12-12,ORD-2025-007316,P01198,T01,LM019,Toko,1,5540000,27.1,
2025-12-13,ORD-2025-006890,P03462,T13,KS010,Online,1,14650000,24.7,350000
2025-12-13,ORD-2025-006890,P03462,T13,PD004,Online,2,1050000,0.0,280000
2025-12-13,ORD-2025-006890,P03462,T13,KS034,Online,1,6400000,0.0,320000
2025-12-13,ORD-2025-006892,P00173,T13,MJ033,Online,1,4180000,31.5,460000
2025-12-13,ORD-2025-006947,P00340,T02,LM010,Toko,1,7760000,33.8,
2025-12-13,ORD-2025-006947,P00340,T02,MJ014,Toko,3,4970000,0.0,
2025-12-13,ORD-2025-006969,P00022,T11,DK035,Toko,1,400000,24.8,
2025-12-13,ORD-2025-006969,P00022,T11,DK025,Toko,1,660000,35.9,
2025-12-13,ORD-2025-006989,P00735,T13,DK009,Online,1,990000,0.0,210000
2025-12-13,ORD-2025-007065,P01829,T13,MJ009,Online,1,2670000,30.7,280000
2025-12-13,ORD-2025-007065,P01829,T13,KR032,Online,1,2340000,26.7,570000
2025-12-13,ORD-2025-007065,P01829,T13,KS009,Online,1,11180000,30.4,170000
2025-12-13,ORD-2025-007075,P03279,T02,SF031,Toko,1,3420000,28.2,
2025-12-13,ORD-2025-007160,P00656,T05,DK006,Toko,1,2070000,27.6,
2025-12-13,ORD-2025-007173,P02904,T01,KS025,Toko,1,7830000,26.8,
2025-12-13,ORD-2025-007173,P02904,T01,DK002,Toko,2,490000,27.3,
2025-12-13,ORD-2025-007173,P02904,T01,SF001,Toko,1,7750000,26.1,
2025-12-13,ORD-2025-007319,P02988,T04,MJ030,Toko,1,2670000,31.9,
2025-12-13,ORD-2025-007319,P02988,T04,KS004,Toko,1,10560000,26.7,
2025-12-13,ORD-2025-007319,P02988,T04,DK042,Toko,1,1280000,31.8,
2025-12-13,ORD-2025-007322,P03069,T13,KR030,Online,1,3050000,27.2,270000
2025-12-14,ORD-2025-006876,P01314,T13,KS010,Online,1,14650000,25.2,370000
2025-12-14,ORD-2025-006977,P01950,T06,PD024,Toko,2,1130000,31.5,
2025-12-14,ORD-2025-006977,P01950,T06,DK018,Toko,1,1000000,28.1,
2025-12-14,ORD-2025-006997,P00295,T05,MJ014,Marketplace,3,4970000,0.0,360000
2025-12-14,ORD-2025-006997,P00295,T05,MJ029,Marketplace,1,2890000,28.7,360000
2025-12-14,ORD-2025-006997,P00295,T05,DK007,Marketplace,1,900000,24.6,430000
2025-12-14,ORD-2025-007072,P00434,T11,DK010,Toko,2,690000,22.9,
2025-12-14,ORD-2025-007101,P02952,T13,MJ007,Online,1,5590000,31.6,410000
2025-12-14,ORD-2025-007101,P02952,T13,DK038,Online,1,530000,0.0,160000
2025-12-14,ORD-2025-007133,P00618,T09,PD019,Marketplace,2,1260000,31.3,470000
2025-12-14,ORD-2025-007139,P01720,T13,PD010,Online,1,450000,24.6,60000
2025-12-14,ORD-2025-007168,P01500,T08,PD005,Toko,1,390000,0.0,
2025-12-14,ORD-2025-007181,P02903,T01,PC009,Toko,1,1490000,0.0,
2025-12-14,ORD-2025-007181,P02903,T01,DK031,Toko,1,800000,24.3,
2025-12-14,ORD-2025-007187,P01387,T04,KR002,Toko,1,1500000,31.0,
2025-12-14,ORD-2025-007187,P01387,T04,DK024,Toko,1,930000,30.3,
2025-12-14,ORD-2025-007187,P01387,T04,DK027,Toko,2,630000,26.0,
2025-12-14,ORD-2025-007187,P01387,T04,PC005,Toko,1,660000,27.3,
2025-12-14,ORD-2025-007222,P02030,T08,SF012,Marketplace,2,7980000,29.1,330000
2025-12-14,ORD-2025-007297,P00159,T13,MJ021,Online,1,2560000,0.0,340000
2025-12-15,ORD-2025-006889,P00558,T13,KS012,Online,1,11030000,23.5,130000
2025-12-15,ORD-2025-006894,P01485,T06,PD019,Toko,2,1260000,25.2,
2025-12-15,ORD-2025-006894,P01485,T06,PC002,Toko,1,1740000,17.3,
2025-12-15,ORD-2025-006894,P01485,T06,KS026,Toko,3,6770000,32.5,
2025-12-15,ORD-2025-006894,P01485,T06,MJ018,Toko,1,3700000,27.8,
2025-12-15,ORD-2025-006912,P00183,T10,KS004,Toko,2,10560000,24.3,
2025-12-15,ORD-2025-006972,P02722,T13,PC029,Online,1,1900000,36.8,410000
2025-12-15,ORD-2025-006972,P02722,T13,PD004,Online,1,1050000,35.8,340000
2025-12-15,ORD-2025-007001,P00268,T04,DK033,Toko,2,220000,26.6,
2025-12-15,ORD-2025-007031,P01089,T09,DK003,Marketplace,1,420000,29.6,510000
2025-12-15,ORD-2025-007147,P02510,T02,PD011,Marketplace,2,750000,35.3,350000
2025-12-15,ORD-2025-007180,P01520,T13,MJ017,Online,1,3280000,34.7,500000
2025-12-15,ORD-2025-007190,P03345,T13,MJ027,Online,2,3790000,33.8,240000
2025-12-15,ORD-2025-007190,P03345,T13,PD015,Online,1,750000,28.5,270000
2025-12-15,ORD-2025-007278,P02223,T13,MJ037,Online,2,3320000,0.0,560000
2025-12-15,ORD-2025-007280,P01424,T09,DK004,Toko,1,1240000,29.2,
2025-12-15,ORD-2025-007299,P01306,T08,DK008,Toko,1,910000,26.2,
2025-12-15,ORD-2025-007299,P01306,T08,DK013,Toko,1,1520000,26.9,
2025-12-16,ORD-2025-006873,P02748,T09,MJ043,Toko,1,4010000,25.6,
2025-12-16,ORD-2025-006882,P01648,T13,PC019,Online,2,1840000,22.7,60000
2025-12-16,ORD-2025-006938,P03063,T06,LM032,Toko,3,4960000,37.1,
2025-12-16,ORD-2025-006958,P01526,T13,DK014,Online,3,890000,36.7,200000
2025-12-16,ORD-2025-006958,P01526,T13,KR027,Online,1,1770000,29.0,190000
2025-12-16,ORD-2025-006984,P02648,T07,DK004,Toko,1,1240000,40.7,
2025-12-16,ORD-2025-007004,P03168,T09,MJ007,Toko,1,5590000,35.4,
2025-12-16,ORD-2025-007159,P00837,T13,PD010,Online,1,450000,0.0,190000
2025-12-16,ORD-2025-007285,,T02,KR015,Toko,2,2050000,30.5,
2025-12-16,ORD-2025-007285,,T02,LM006,Toko,1,13730000,35.4,
2025-12-16,ORD-2025-007285,,T02,DK005,Toko,1,430000,31.8,
2025-12-16,ORD-2025-007296,P01807,T13,DK038,Online,2,530000,25.4,160000
2025-12-16,ORD-2025-007296,P01807,T13,KS021,Online,2,8510000,28.1,440000
2025-12-16,ORD-2025-007296,P01807,T13,KR001,Online,2,3260000,28.2,310000
2025-12-17,ORD-2025-006895,P03048,T10,PC016,Toko,1,1760000,21.2,
2025-12-17,ORD-2025-006895,P03048,T10,DK009,Toko,1,990000,33.4,
2025-12-17,ORD-2025-006895,P03048,T10,DK027,Toko,2,630000,27.1,
2025-12-17,ORD-2025-006937,P02728,T09,DK023,Toko,1,770000,32.2,
2025-12-17,ORD-2025-006987,P00734,T01,KR022,Toko,1,2200000,27.7,410000
2025-12-17,ORD-2025-007007,P02730,T13,PD004,Online,3,1050000,28.0,260000
2025-12-17,ORD-2025-007014,P00986,T05,DK019,Toko,1,860000,30.0,
2025-12-17,ORD-2025-007014,P00986,T05,KS019,Toko,1,7170000,0.0,
2025-12-17,ORD-2025-007021,P02511,T11,PD005,Marketplace,2,390000,28.6,180000
2025-12-17,ORD-2025-007022,P00657,T09,MJ037,Toko,1,3320000,30.9,
2025-12-17,ORD-2025-007064,P02336,T13,PD009,Online,1,840000,0.0,420000
2025-12-17,ORD-2025-007083,P02954,T13,DK006,Online,2,2070000,28.1,
2025-12-17,ORD-2025-007146,P01797,T13,DK006,Online,1,2070000,27.9,470000
2025-12-17,ORD-2025-007213,P02079,T02,SF030,Toko,1,5980000,25.3,
2025-12-17,ORD-2025-007213,P02079,T02,PD007,Toko,1,770000,23.3,
2025-12-17,ORD-2025-007224,P01722,T13,LM016,Online,1,16110000,24.6,320000
2025-12-17,ORD-2025-007240,P02289,T01,KR024,Marketplace,1,3000000,32.2,160000
2025-12-17,ORD-2025-007245,P02195,T13,PC028,Online,2,2190000,32.7,130000
2025-12-17,ORD-2025-007245,P02195,T13,KR028,Online,3,1780000,24.5,130000
2025-12-17,ORD-2025-007245,P02195,T13,SF019,Online,1,8050000,32.0,500000
2025-12-17,ORD-2025-007277,P01223,T13,KR012,Online,1,2460000,34.1,460000
2025-12-17,ORD-2025-007304,P00883,T01,PC032,Toko,1,470000,24.7,
2025-12-18,ORD-2025-006919,,T12,PD024,Toko,2,1130000,25.9,
2025-12-18,ORD-2025-006935,P03036,T13,DK036,Online,1,510000,26.4,410000
2025-12-18,ORD-2025-006935,P03036,T13,DK038,Online,1,530000,27.3,500000
2025-12-18,ORD-2025-006935,P03036,T13,PD010,Online,2,450000,23.2,420000
2025-12-18,ORD-2025-006974,P02431,T13,PD016,Online,1,1080000,33.2,360000
2025-12-18,ORD-2025-006994,P01512,T13,DK033,Online,1,220000,32.9,490000
2025-12-18,ORD-2025-006994,P01512,T13,MJ012,Online,1,11220000,29.7,180000
2025-12-18,ORD-2025-007012,P02423,T13,KS008,Online,1,5690000,34.1,430000
2025-12-18,ORD-2025-007012,P02423,T13,KR035,Online,2,1760000,0.0,300000
2025-12-18,ORD-2025-007025,P00904,T13,DK037,Online,1,540000,27.7,480000
2025-12-18,ORD-2025-007041,,T02,PC031,Toko,1,1660000,31.0,
2025-12-18,ORD-2025-007061,P02808,T02,DK004,Marketplace,1,1240000,25.9,260000
2025-12-18,ORD-2025-007077,P01693,T13,KR005,Online,2,3610000,26.5,580000
2025-12-18,ORD-2025-007092,P03249,T02,PC025,Marketplace,1,1800000,26.6,470000
2025-12-18,ORD-2025-007100,P01286,T10,KS025,Toko,1,7830000,30.6,
2025-12-18,ORD-2025-007100,P01286,T10,PC015,Toko,2,1320000,34.2,
2025-12-18,ORD-2025-007127,P02374,T13,KR041,Online,1,1620000,33.7,310000
2025-12-18,ORD-2025-007163,P01643,T13,PD003,Online,1,1200000,0.0,420000
2025-12-18,ORD-2025-007209,P01957,T13,SF020,Online,1,9700000,29.2,500000
2025-12-18,ORD-2025-007209,P01957,T13,DK023,Online,1,770000,0.0,510000
2025-12-18,ORD-2025-007210,P02127,T05,KS015,Toko,1,7280000,37.5,210000
2025-12-18,ORD-2025-007212,P01938,T01,KR034,Marketplace,1,2350000,28.1,190000
2025-12-18,ORD-2025-007212,P01938,T01,DK007,Marketplace,1,900000,26.6,200000
2025-12-18,ORD-2025-007220,P03179,T13,PC017,Online,1,1720000,25.0,150000
2025-12-18,ORD-2025-007220,P03179,T13,MJ007,Online,1,5590000,21.2,160000
2025-12-18,ORD-2025-007259,P00425,T13,DK004,Online,1,1240000,26.4,290000
2025-12-18,ORD-2025-007259,P00425,T13,DK003,Online,1,420000,0.0,370000
2025-12-18,ORD-2025-007279,P01117,T10,KR020,Toko,1,1970000,21.3,
2025-12-18,ORD-2025-007286,P01476,T08,SF022,Toko,1,7310000,30.2,300000
2025-12-18,ORD-2025-007286,P01476,T08,PC004,Toko,1,1660000,26.7,150000
2025-12-18,ORD-2025-007318,P03117,T13,KS020,Online,1,17920000,27.7,80000
2025-12-19,ORD-2025-006881,P01862,T13,DK011,Online,1,2070000,0.0,510000
2025-12-19,ORD-2025-006888,P01599,T06,KR036,Toko,1,2360000,38.2,140000
2025-12-19,ORD-2025-006888,P01599,T06,SF029,Toko,1,7520000,21.1,
2025-12-19,ORD-2025-006903,P00701,T13,KR027,Online,1,1770000,30.0,370000
2025-12-19,ORD-2025-006903,P00701,T13,SF031,Online,1,3420000,25.4,400000
2025-12-19,ORD-2025-006945,P01865,T01,DK034,Marketplace,3,830000,25.9,280000
2025-12-19,ORD-2025-006971,P02933,T02,PD005,Toko,1,390000,35.1,
2025-12-19,ORD-2025-006996,P03165,T06,DK033,Marketplace,1,220000,25.8,70000
2025-12-19,ORD-2025-007044,P01430,T13,KS018,Online,1,7410000,30.6,430000
2025-12-19,ORD-2025-007069,P01793,T13,PD026,Online,2,520000,28.4,430000
2025-12-19,ORD-2025-007107,P01546,T09,PD023,Marketplace,1,1090000,0.0,520000
2025-12-19,ORD-2025-007107,P01546,T09,KR035,Marketplace,4,1760000,26.6,520000
2025-12-19,ORD-2025-007107,P01546,T09,KR015,Marketplace,1,2050000,26.3,50000
2025-12-19,ORD-2025-007119,P02663,T13,PD009,Online,1,840000,30.4,580000
2025-12-19,ORD-2025-007142,P00974,T13,DK044,Online,1,1380000,27.2,470000
2025-12-19,ORD-2025-007200,P02120,T07,PD004,Marketplace,1,1050000,35.2,540000
2025-12-19,ORD-2025-007200,P02120,T07,PD026,Marketplace,1,520000,0.0,240000
2025-12-19,ORD-2025-007201,P01969,T01,LM021,Marketplace,1,7550000,22.7,120000
2025-12-19,ORD-2025-007201,P01969,T01,PD009,Marketplace,1,840000,0.0,160000
2025-12-19,ORD-2025-007252,P02685,T13,PC029,Online,2,1900000,32.1,430000
2025-12-19,ORD-2025-007252,P02685,T13,KR021,Online,1,2670000,27.5,380000
2025-12-19,ORD-2025-007309,P01314,T13,PC022,Online,1,3000000,25.5,380000
2025-12-20,ORD-2025-006880,P02430,T02,LM002,Toko,1,5960000,30.2,
2025-12-20,ORD-2025-006915,P00610,T13,PC004,Online,2,1660000,28.8,290000
2025-12-20,ORD-2025-006915,P00610,T13,PD005,Online,1,390000,34.3,290000
2025-12-20,ORD-2025-006943,P02349,T07,LM010,Toko,2,7760000,32.5,
2025-12-20,ORD-2025-006946,P02240,T08,DK035,Toko,1,400000,36.8,
2025-12-20,ORD-2025-006946,P02240,T08,DK038,Toko,2,530000,0.0,270000
2025-12-20,ORD-2025-006946,P02240,T08,DK033,Toko,2,220000,29.6,
2025-12-20,ORD-2025-006983,P03262,T13,PD001,Online,2,1710000,34.1,320000
2025-12-20,ORD-2025-006983,P03262,T13,SF018,Online,1,10500000,30.7,300000
2025-12-20,ORD-2025-007002,P03444,T13,PC017,Online,1,1720000,34.9,100000
2025-12-20,ORD-2025-007002,P03444,T13,DK001,Online,1,530000,0.0,280000
2025-12-20,ORD-2025-007016,P00364,T06,LM005,Toko,1,6890000,30.5,
2025-12-20,ORD-2025-007023,P00157,T08,DK025,Marketplace,4,660000,34.0,470000
2025-12-20,ORD-2025-007023,P00157,T08,KS015,Marketplace,1,7280000,33.0,160000
2025-12-20,ORD-2025-007023,P00157,T08,KS001,Marketplace,1,9740000,29.8,60000
2025-12-20,ORD-2025-007046,P00456,T13,PD025,Online,1,1100000,31.3,310000
2025-12-20,ORD-2025-007060,P03301,T04,PD007,Toko,3,770000,0.0,
2025-12-20,ORD-2025-007060,P03301,T04,KR001,Toko,1,3260000,33.2,360000
2025-12-20,ORD-2025-007084,P02802,T13,MJ026,Online,1,3480000,35.3,190000
2025-12-20,ORD-2025-007084,P02802,T13,KS022,Online,1,13060000,29.1,60000
2025-12-20,ORD-2025-007186,P02535,T03,PD007,Toko,2,770000,31.1,
2025-12-20,ORD-2025-007207,P02698,T09,KR037,Toko,1,2790000,30.9,
2025-12-20,ORD-2025-007275,P03193,T01,DK009,Toko,1,990000,30.9,
2025-12-20,ORD-2025-007275,P03193,T01,PD001,Toko,4,1710000,27.2,
2025-12-20,ORD-2025-007312,P02252,T13,DK016,Online,1,730000,29.1,90000
2025-12-21,ORD-2025-006907,,T10,MJ016,Toko,1,7350000,24.2,
2025-12-21,ORD-2025-006907,,T10,SF041,Toko,1,7920000,34.4,
2025-12-21,ORD-2025-006975,P01379,T02,DK012,Toko,3,960000,28.5,
2025-12-21,ORD-2025-006978,P02789,T11,KR012,Marketplace,1,2460000,24.9,200000
2025-12-21,ORD-2025-007033,P01292,T13,DK002,Online,1,490000,0.0,590000
2025-12-21,ORD-2025-007070,P00640,T13,DK038,Online,1,530000,27.0,380000
2025-12-21,ORD-2025-007106,P00535,T03,MJ045,Toko,1,2740000,32.1,
2025-12-21,ORD-2025-007106,P00535,T03,DK031,Toko,1,800000,30.4,
2025-12-21,ORD-2025-007118,P00337,T13,DK036,Online,1,510000,29.6,110000
2025-12-21,ORD-2025-007118,P00337,T13,KR006,Online,1,3040000,28.5,130000
2025-12-21,ORD-2025-007123,P03198,T07,PC024,Toko,2,850000,20.8,110000
2025-12-21,ORD-2025-007143,P02339,T07,KR041,Toko,1,1620000,24.6,
2025-12-21,ORD-2025-007143,P02339,T07,PD021,Toko,1,660000,33.9,
2025-12-21,ORD-2025-007156,P02017,T11,DK039,Toko,1,870000,0.0,
2025-12-21,ORD-2025-007192,P00118,T13,DK042,Online,2,1280000,32.3,60000
2025-12-21,ORD-2025-007192,P00118,T13,LM011,Online,1,12480000,0.0,310000
2025-12-21,ORD-2025-007236,P02114,T13,PC018,Online,2,1420000,31.4,80000
2025-12-22,ORD-2025-006926,P00704,T13,PC014,Online,1,1800000,28.6,550000
2025-12-22,ORD-2025-006926,P00704,T13,KS004,Online,1,10560000,0.0,490000
2025-12-22,ORD-2025-006933,P00819,T12,PC029,Toko,2,1900000,37.8,
2025-12-22,ORD-2025-006933,P00819,T12,KR030,Toko,1,3050000,25.6,
2025-12-22,ORD-2025-006933,P00819,T12,DK004,Toko,1,1240000,0.0,
2025-12-22,ORD-2025-006950,P02523,T04,MJ040,Toko,3,4110000,0.0,
2025-12-22,ORD-2025-006960,P03022,T13,MJ016,Online,3,7350000,0.0,150000
2025-12-22,ORD-2025-006976,P03256,T13,PD022,Online,3,520000,39.5,80000
2025-12-22,ORD-2025-006979,P01198,T02,LM033,Toko,1,6100000,29.4,430000
2025-12-22,ORD-2025-007037,P00737,T13,KR024,Online,2,3000000,28.0,510000
2025-12-22,ORD-2025-007067,P02005,T04,KS002,Toko,1,6150000,30.8,
2025-12-22,ORD-2025-007094,P00713,T08,PD013,Marketplace,1,1030000,34.3,
2025-12-22,ORD-2025-007248,P01772,T13,DK024,Online,1,930000,23.9,510000
2025-12-22,ORD-2025-007254,P01501,T03,SF020,Marketplace,2,9700000,30.5,140000
2025-12-22,ORD-2025-007254,P01501,T03,MJ037,Marketplace,1,3320000,0.0,100000
2025-12-22,ORD-2025-007302,P00935,T13,DK043,Online,2,760000,31.0,240000
2025-12-23,ORD-2025-006885,P02321,T01,PD023,Toko,1,1090000,0.0,
2025-12-23,ORD-2025-006885,P02321,T01,DK036,Toko,1,510000,27.4,
2025-12-23,ORD-2025-006897,P01872,T06,MJ043,Toko,2,4010000,32.7,
2025-12-23,ORD-2025-006916,P00675,T11,SF039,Toko,1,6120000,25.5,
2025-12-23,ORD-2025-006923,P00037,T01,DK025,Toko,1,660000,33.1,
2025-12-23,ORD-2025-006963,P00806,T13,MJ012,Online,1,11220000,30.7,160000
2025-12-23,ORD-2025-007056,P03020,T13,DK010,Online,1,690000,0.0,290000
2025-12-23,ORD-2025-007063,P01533,T11,LM026,Toko,1,5250000,24.8,
2025-12-23,ORD-2025-007063,P01533,T11,LM019,Toko,1,5540000,27.0,
2025-12-23,ORD-2025-007132,P01362,T02,PD007,Toko,1,770000,34.1,
2025-12-23,ORD-2025-007138,P03369,T13,MJ022,Online,2,4090000,21.0,420000
2025-12-23,ORD-2025-007164,P02299,T13,KR045,Online,1,3000000,25.8,320000
2025-12-23,ORD-2025-007211,P02425,T13,KS007,Online,1,6100000,0.0,530000
2025-12-23,ORD-2025-007211,P02425,T13,MJ042,Online,1,10940000,38.8,190000
2025-12-23,ORD-2025-007241,P00328,T05,PD020,Toko,1,920000,0.0,
2025-12-23,ORD-2025-007260,P03367,T13,MJ035,Online,2,5190000,30.6,520000
2025-12-23,ORD-2025-007305,P00848,T13,KR006,Online,1,3040000,0.0,110000
2025-12-23,ORD-2025-007313,P01764,T04,LM038,Toko,4,5010000,30.2,
2025-12-23,ORD-2025-007313,P01764,T04,KR035,Toko,4,1760000,26.7,
2025-12-24,ORD-2025-006878,P00727,T09,PC017,Toko,1,1720000,28.0,
2025-12-24,ORD-2025-006913,P00542,T06,MJ019,Marketplace,3,6140000,23.9,560000
2025-12-24,ORD-2025-006925,P00351,T02,PC022,Marketplace,1,3000000,23.7,250000
2025-12-24,ORD-2025-006925,P00351,T02,PD003,Marketplace,1,1200000,32.1,170000
2025-12-24,ORD-2025-006949,P00593,T01,KR003,Toko,1,1440000,34.9,
2025-12-24,ORD-2025-006953,P01825,T13,DK025,Online,2,660000,28.4,280000
2025-12-24,ORD-2025-007015,P02348,T08,DK021,Toko,3,1010000,33.8,
2025-12-24,ORD-2025-007015,P02348,T08,KR024,Toko,1,3000000,32.5,
2025-12-24,ORD-2025-007057,P00569,T09,MJ026,Toko,1,3480000,0.0,
2025-12-24,ORD-2025-007066,,T06,PC023,Toko,2,1920000,0.0,
2025-12-24,ORD-2025-007066,,T06,KS008,Toko,1,5690000,33.2,
2025-12-24,ORD-2025-007076,P00305,T13,MJ013,Online,1,2960000,0.0,130000
2025-12-24,ORD-2025-007204,P00355,T10,KR005,Marketplace,1,3610000,0.0,330000
2025-12-24,ORD-2025-007221,P00060,T07,PD024,Toko,1,1130000,26.8,
2025-12-24,ORD-2025-007231,P02502,T13,SF032,Online,1,6260000,32.3,560000
2025-12-24,ORD-2025-007232,P01554,T08,PC014,Marketplace,2,1800000,28.1,100000
2025-12-24,ORD-2025-007232,P01554,T08,DK033,Marketplace,2,220000,29.8,450000
2025-12-24,ORD-2025-007233,P02258,T10,SF038,Marketplace,1,6260000,28.5,200000
2025-12-24,ORD-2025-007233,P02258,T10,DK003,Marketplace,1,420000,33.6,170000
2025-12-24,ORD-2025-007253,P00747,T13,SF013,Online,1,16570000,31.7,370000
2025-12-24,ORD-2025-007253,P00747,T13,DK003,Online,1,420000,27.8,450000
2025-12-24,ORD-2025-007287,P02707,T13,KR042,Online,2,1850000,0.0,430000
2025-12-24,ORD-2025-007287,P02707,T13,PC032,Online,1,470000,31.0,530000
2025-12-24,ORD-2025-007317,P03195,T13,MJ017,Online,2,3280000,29.8,250000
2025-12-24,ORD-2025-007317,P03195,T13,DK001,Online,1,530000,28.4,470000
2025-12-25,ORD-2025-006904,P01907,T03,MJ005,Marketplace,1,4030000,24.9,130000
2025-12-25,ORD-2025-007003,P01288,T08,KS006,Toko,1,8770000,31.5,
2025-12-25,ORD-2025-007005,P01557,T04,KR033,Toko,1,3030000,34.6,
2025-12-25,ORD-2025-007005,P01557,T04,DK024,Toko,1,930000,28.4,
2025-12-25,ORD-2025-007005,P01557,T04,SF017,Toko,2,8850000,36.6,
2025-12-25,ORD-2025-007122,P00552,T05,LM008,Toko,1,5080000,32.1,
2025-12-25,ORD-2025-007122,P00552,T05,PC025,Toko,3,1800000,23.8,
2025-12-25,ORD-2025-007136,P03151,T13,DK003,Online,1,420000,33.0,
2025-12-25,ORD-2025-007185,P02217,T03,DK028,Marketplace,1,730000,24.9,450000
2025-12-25,ORD-2025-007185,P02217,T03,DK007,Marketplace,1,900000,27.0,130000
2025-12-25,ORD-2025-007185,P02217,T03,DK005,Marketplace,1,430000,40.4,320000
2025-12-25,ORD-2025-007185,P02217,T03,MJ035,Marketplace,2,5190000,23.0,90000
2025-12-25,ORD-2025-007218,P02742,T13,PC026,Online,1,860000,35.8,470000
2025-12-25,ORD-2025-007223,P01262,T04,KS019,Toko,1,7170000,0.0,
2025-12-25,ORD-2025-007239,P01505,T10,MJ011,Toko,1,6920000,34.8,
2025-12-25,ORD-2025-007256,P00780,T13,DK037,Online,1,540000,35.8,260000
2025-12-25,ORD-2025-007256,P00780,T13,PD022,Online,1,520000,32.9,450000
2025-12-25,ORD-2025-007300,P03151,T10,KS024,Toko,1,13500000,35.7,
2025-12-25,ORD-2025-007310,P01654,T13,KR028,Online,1,1780000,25.3,330000
2025-12-25,ORD-2025-007310,P01654,T13,DK037,Online,1,540000,36.7,370000
2025-12-26,ORD-2025-006874,P01063,T02,MJ031,Toko,1,7400000,30.6,
2025-12-26,ORD-2025-006887,P00131,T13,LM029,Online,2,8480000,0.0,290000
2025-12-26,ORD-2025-006887,P00131,T13,PD009,Online,1,840000,26.1,170000
2025-12-26,ORD-2025-006900,P02247,T13,DK033,Online,1,220000,28.4,480000
2025-12-26,ORD-2025-006900,P02247,T13,DK036,Online,2,510000,0.0,60000
2025-12-26,ORD-2025-006927,P02388,T03,MJ012,Marketplace,1,11220000,28.3,70000
2025-12-26,ORD-2025-007028,P01011,T13,PD020,Online,1,920000,31.2,400000
2025-12-26,ORD-2025-007028,P01011,T13,LM010,Online,1,7760000,28.2,520000
2025-12-26,ORD-2025-007081,P01151,T06,PC002,Marketplace,1,1740000,33.3,440000
2025-12-26,ORD-2025-007081,P01151,T06,MJ020,Marketplace,1,4520000,34.8,370000
2025-12-26,ORD-2025-007124,P03432,T09,PC025,Toko,2,1800000,28.3,
2025-12-26,ORD-2025-007141,P00553,T09,SF003,Marketplace,1,12490000,37.1,570000
2025-12-26,ORD-2025-007174,P02521,T03,KS027,Toko,3,6560000,28.7,
2025-12-26,ORD-2025-007217,P01055,T13,KS032,Online,1,9280000,0.0,590000
2025-12-26,ORD-2025-007217,P01055,T13,KR045,Online,1,3000000,27.1,300000
2025-12-26,ORD-2025-007257,P01456,T04,DK014,Toko,1,890000,0.0,
2025-12-26,ORD-2025-007257,P01456,T04,PC028,Toko,1,2190000,31.5,
2025-12-26,ORD-2025-007262,P01789,T13,PC017,Online,1,1720000,35.4,250000
2025-12-26,ORD-2025-007282,P00717,T05,DK009,Toko,1,990000,32.3,
2025-12-26,ORD-2025-007282,P00717,T05,KR028,Toko,3,1780000,30.9,
2025-12-26,ORD-2025-007282,P00717,T05,PD008,Toko,2,970000,29.8,
2025-12-26,ORD-2025-007282,P00717,T05,KR042,Toko,1,1850000,22.7,
2025-12-26,ORD-2025-007320,P02449,T08,PD007,Toko,1,770000,31.3,
2025-12-26,ORD-2025-007320,P02449,T08,DK027,Toko,1,630000,31.4,
2025-12-26,ORD-2025-007320,P02449,T08,PD011,Toko,1,750000,33.0,
2025-12-27,ORD-2025-006921,P01113,T06,KR033,Marketplace,1,3030000,31.1,390000
2025-12-27,ORD-2025-006931,P00279,T13,KR007,Online,3,1690000,32.2,360000
2025-12-27,ORD-2025-006931,P00279,T13,SF017,Online,1,8850000,30.3,430000
2025-12-27,ORD-2025-006954,P01616,T13,KR004,Online,1,1790000,0.0,80000
2025-12-27,ORD-2025-006959,P02370,T08,KR006,Toko,1,3040000,37.1,
2025-12-27,ORD-2025-007009,P03310,T08,DK026,Toko,1,1170000,0.0,
2025-12-27,ORD-2025-007009,P03310,T08,DK003,Toko,3,420000,26.9,120000
2025-12-27,ORD-2025-007009,P03310,T08,SF035,Toko,3,5970000,38.2,
2025-12-27,ORD-2025-007030,P01446,T01,PC024,Toko,1,850000,32.9,
2025-12-27,ORD-2025-007039,P00321,T13,KS025,Online,2,7830000,0.0,230000
2025-12-27,ORD-2025-007039,P00321,T13,DK044,Online,2,1380000,0.0,380000
2025-12-27,ORD-2025-007073,P02859,T13,DK037,Online,1,540000,35.3,80000
2025-12-27,ORD-2025-007073,P02859,T13,MJ024,Online,1,3010000,35.1,480000
2025-12-27,ORD-2025-007086,P02849,T01,SF016,Toko,1,10420000,20.9,
2025-12-27,ORD-2025-007086,P02849,T01,DK028,Toko,2,730000,29.1,
2025-12-27,ORD-2025-007086,P02849,T01,DK026,Toko,1,1170000,29.3,
2025-12-27,ORD-2025-007102,P02980,T01,PC032,Toko,4,470000,32.6,
2025-12-27,ORD-2025-007109,P01596,T06,KS030,Marketplace,1,3860000,25.9,250000
2025-12-27,ORD-2025-007126,P01747,T13,KR016,Online,1,3780000,28.1,
2025-12-27,ORD-2025-007149,P02744,T03,SF007,Toko,1,10370000,36.4,
2025-12-27,ORD-2025-007195,P00007,T13,DK012,Online,4,960000,21.9,510000
2025-12-27,ORD-2025-007195,P00007,T13,DK036,Online,1,510000,31.3,290000
2025-12-27,ORD-2025-007195,P00007,T13,LM015,Online,1,3180000,34.1,210000
2025-12-27,ORD-2025-007216,P01592,T07,KR040,Toko,3,2380000,23.3,
2025-12-27,ORD-2025-007225,P03184,T09,PC003,Marketplace,3,1200000,0.0,80000
2025-12-27,ORD-2025-007225,P03184,T09,DK042,Marketplace,1,1280000,33.1,
2025-12-27,ORD-2025-007238,P00146,T13,DK014,Online,1,890000,31.1,340000
2025-12-27,ORD-2025-007289,P02487,T07,DK039,Marketplace,1,870000,33.2,450000
2025-12-27,ORD-2025-007289,P02487,T07,KR011,Marketplace,3,1570000,26.5,430000
2025-12-27,ORD-2025-007289,P02487,T07,DK003,Marketplace,1,420000,0.0,190000
2025-12-28,ORD-2025-006896,P01320,T02,MJ003,Toko,1,2060000,37.1,
2025-12-28,ORD-2025-006917,P01820,T11,DK027,Toko,1,630000,26.0,
2025-12-28,ORD-2025-006988,P02073,T13,PD023,Online,1,1090000,29.3,150000
2025-12-28,ORD-2025-006988,P02073,T13,PD007,Online,2,770000,30.7,200000
2025-12-28,ORD-2025-007026,P01760,T13,PC003,Online,1,1200000,36.6,240000
2025-12-28,ORD-2025-007036,P03291,T01,PC029,Marketplace,1,1900000,32.6,380000
2025-12-28,ORD-2025-007058,P01392,T02,SF024,Toko,1,3520000,29.6,
2025-12-28,ORD-2025-007071,P01827,T13,DK026,Online,1,1170000,34.6,440000
2025-12-28,ORD-2025-007071,P01827,T13,LM026,Online,1,5250000,27.0,430000
2025-12-28,ORD-2025-007071,P01827,T13,KR035,Online,1,1760000,26.1,400000
2025-12-28,ORD-2025-007131,P03200,T13,KR045,Online,2,3000000,32.1,460000
2025-12-28,ORD-2025-007131,P03200,T13,DK033,Online,1,220000,25.7,260000
2025-12-28,ORD-2025-007135,P00234,T13,PD018,Online,3,530000,0.0,510000
2025-12-28,ORD-2025-007135,P00234,T13,SF003,Online,3,12490000,30.2,470000
2025-12-28,ORD-2025-007165,P01504,T01,SF025,Toko,2,5340000,0.0,
2025-12-28,ORD-2025-007165,P01504,T01,MJ038,Toko,4,5030000,31.8,
2025-12-28,ORD-2025-007165,P01504,T01,DK037,Toko,1,540000,30.9,
2025-12-28,ORD-2025-007165,P01504,T01,DK022,Toko,2,550000,36.4,
2025-12-28,ORD-2025-007264,P02775,T07,LM020,Marketplace,1,8740000,24.4,190000
2025-12-28,ORD-2025-007264,P02775,T07,PC029,Marketplace,1,1900000,25.6,430000
2025-12-28,ORD-2025-007265,P01103,T13,KS024,Online,1,13500000,31.5,90000
2025-12-28,ORD-2025-007281,P00368,T07,KR044,Toko,1,2280000,25.6,
2025-12-28,ORD-2025-007284,P01322,T04,PC009,Toko,1,1490000,24.3,
2025-12-28,ORD-2025-007290,P01236,T13,DK005,Online,1,430000,34.2,560000
2025-12-28,ORD-2025-007290,P01236,T13,KR046,Online,1,1210000,35.7,380000
2025-12-28,ORD-2025-007290,P01236,T13,KR005,Online,2,3610000,38.1,580000
2025-12-28,ORD-2025-007290,P01236,T13,PD015,Online,3,750000,23.4,50000
2025-12-28,ORD-2025-007298,P01478,T02,DK034,Toko,1,830000,26.3,
2025-12-29,ORD-2025-006899,P01774,T13,SF040,Online,3,5750000,26.9,80000
2025-12-29,ORD-2025-006899,P01774,T13,SF014,Online,1,11630000,32.6,240000
2025-12-29,ORD-2025-006918,P02614,T02,KR018,Toko,1,1090000,44.3,
2025-12-29,ORD-2025-006929,P02789,T05,SF023,Toko,2,7750000,27.1,
2025-12-29,ORD-2025-006951,P01766,T13,PD024,Online,1,1130000,33.3,340000
2025-12-29,ORD-2025-006964,P03479,T02,KR043,Marketplace,1,5270000,0.0,580000
2025-12-29,ORD-2025-006964,P03479,T02,PD004,Marketplace,1,1050000,27.1,570000
2025-12-29,ORD-2025-006966,P00857,T13,MJ021,Online,3,2560000,29.9,70000
2025-12-29,ORD-2025-006981,P01937,T09,MJ003,Toko,1,2060000,25.9,
2025-12-29,ORD-2025-007161,P00257,T12,PD001,Toko,1,1710000,34.9,
2025-12-29,ORD-2025-007161,P00257,T12,DK027,Toko,1,630000,0.0,
2025-12-29,ORD-2025-007162,P02251,T02,DK019,Toko,1,860000,25.7,
2025-12-29,ORD-2025-007162,P02251,T02,MJ005,Toko,1,4030000,32.5,
2025-12-29,ORD-2025-007191,P00530,T13,KR041,Online,1,1620000,28.2,530000
2025-12-29,ORD-2025-007191,P00530,T13,DK044,Online,3,1380000,28.1,180000
2025-12-29,ORD-2025-007191,P00530,T13,PD008,Online,3,970000,29.4,290000
2025-12-29,ORD-2025-007202,P01067,T13,DK012,Online,3,960000,24.6,220000
2025-12-29,ORD-2025-007215,P03076,T10,PD018,Toko,1,530000,27.5,
2025-12-29,ORD-2025-007215,P03076,T10,PD004,Toko,2,1050000,27.7,
2025-12-29,ORD-2025-007228,P00148,T13,PD001,Online,1,1710000,32.3,310000
2025-12-30,ORD-2025-006893,P02685,T13,DK008,Online,3,910000,29.4,110000
2025-12-30,ORD-2025-006898,P01231,T13,DK022,Online,1,550000,23.0,580000
2025-12-30,ORD-2025-006910,P01740,T02,PD020,Toko,1,920000,34.3,
2025-12-30,ORD-2025-006940,P01614,T07,DK016,Marketplace,2,730000,34.5,290000
2025-12-30,ORD-2025-006940,P01614,T07,DK007,Marketplace,1,900000,31.2,60000
2025-12-30,ORD-2025-006944,P02668,T06,MJ010,Marketplace,3,3850000,22.7,80000
2025-12-30,ORD-2025-006955,P01321,T02,DK042,Marketplace,1,1280000,31.6,410000
2025-12-30,ORD-2025-006991,P02290,T10,KS029,Toko,1,8960000,28.6,
2025-12-30,ORD-2025-006991,P02290,T10,DK028,Toko,1,730000,22.9,
2025-12-30,ORD-2025-007013,P00676,T03,DK028,Toko,4,730000,35.4,
2025-12-30,ORD-2025-007013,P00676,T03,MJ007,Toko,2,5590000,26.3,
2025-12-30,ORD-2025-007079,P00471,T01,DK035,Marketplace,2,400000,34.2,250000
2025-12-30,ORD-2025-007087,P03112,T03,KR045,Toko,1,3000000,0.0,
2025-12-30,ORD-2025-007150,P02434,T01,KR032,Toko,1,2340000,25.1,
2025-12-30,ORD-2025-007208,,T06,MJ037,Toko,1,3320000,33.3,
2025-12-30,ORD-2025-007208,,T06,KR030,Toko,2,3050000,32.9,
2025-12-30,ORD-2025-007237,P02101,T04,KR046,Toko,1,1210000,27.2,
2025-12-30,ORD-2025-007237,P02101,T04,PD025,Toko,1,1100000,29.4,
2025-12-30,ORD-2025-007246,P03202,T01,KR019,Toko,1,2530000,28.5,
2025-12-30,ORD-2025-007249,P03171,T03,MJ028,Toko,1,10280000,28.1,
2025-12-30,ORD-2025-007249,P03171,T03,KR048,Toko,1,5130000,28.5,
2025-12-30,ORD-2025-007258,P03454,T13,MJ041,Online,1,2240000,28.3,170000
2025-12-30,ORD-2025-007270,P00007,T06,PD016,Marketplace,1,1080000,0.0,190000
2025-12-30,ORD-2025-007315,P03324,T13,SF008,Online,2,13020000,33.1,130000
2025-12-31,ORD-2025-006930,P01869,T09,PD026,Toko,2,520000,30.4,
2025-12-31,ORD-2025-006957,P03183,T06,LM024,Marketplace,1,5790000,27.3,440000
2025-12-31,ORD-2025-006957,P03183,T06,DK019,Marketplace,1,860000,31.4,400000
2025-12-31,ORD-2025-006957,P03183,T06,KR034,Marketplace,1,2350000,34.4,430000
2025-12-31,ORD-2025-006957,P03183,T06,MJ010,Marketplace,1,3850000,28.9,580000
2025-12-31,ORD-2025-006998,P03158,T12,KR004,Toko,1,1790000,0.0,
2025-12-31,ORD-2025-007017,P02304,T06,PC024,Toko,1,850000,29.2,
2025-12-31,ORD-2025-007017,P02304,T06,DK017,Toko,1,1740000,0.0,
2025-12-31,ORD-2025-007027,P00899,T03,PD003,Marketplace,4,1200000,24.4,520000
2025-12-31,ORD-2025-007048,P03205,T05,DK019,Marketplace,1,860000,21.5,410000
2025-12-31,ORD-2025-007051,P02231,T02,KR013,Marketplace,1,3330000,36.6,280000
2025-12-31,ORD-2025-007055,P00760,T06,PD001,Toko,1,1710000,0.0,
2025-12-31,ORD-2025-007055,P00760,T06,DK037,Toko,4,540000,24.0,
2025-12-31,ORD-2025-007055,P00760,T06,DK004,Toko,1,1240000,31.7,
2025-12-31,ORD-2025-007105,P02144,T13,MJ037,Online,1,3320000,26.5,510000
2025-12-31,ORD-2025-007105,P02144,T13,DK032,Online,2,340000,35.1,110000
2025-12-31,ORD-2025-007105,P02144,T13,PC006,Online,1,1850000,29.2,90000
2025-12-31,ORD-2025-007105,P02144,T13,DK037,Online,1,540000,0.0,470000
2025-12-31,ORD-2025-007129,P01751,T03,PC018,Toko,1,1420000,29.1,
2025-12-31,ORD-2025-007145,P01576,T06,KR045,Toko,1,3000000,0.0,
2025-12-31,ORD-2025-007151,P01698,T05,DK026,Toko,1,1170000,22.0,
2025-12-31,ORD-2025-007158,P02375,T07,KR029,Toko,1,5120000,22.5,
2025-12-31,ORD-2025-007175,P00761,T13,PD010,Online,1,450000,24.2,430000
2025-12-31,ORD-2025-007176,P02001,T05,PD005,Toko,1,390000,36.8,
2025-12-31,ORD-2025-007244,P00483,T13,LM024,Online,1,5790000,37.1,240000
2025-12-31,ORD-2025-007283,P02833,T04,DK031,Toko,1,800000,33.6,
2025-12-31,ORD-2025-007283,P02833,T04,MJ007,Toko,1,5590000,29.7,
2025-12-31,ORD-2025-007283,P02833,T04,SF015,Toko,4,6690000,29.1,
2025-12-31,ORD-2025-007294,P01015,T10,MJ020,Toko,2,4520000,30.2,
